category,verdict,their_dialect,conf,discrepancy,note,fix,pos_gap,our_confidence,mvp,our_id,our_arabic,our_romanization,our_english,our_pos,our_level,their_word,their_transliteration,their_meaning,their_category,their_topics,their_feminine,their_plural,their_superlative,their_other_variants
harakaat_variant,keep_ours,lev_other,M,"harakaat: letter 2 (و): ours shadda+i, theirs shadda+a (هُوِّ / هُوَّ)",,,,3,Y,4,هُوِّ,huwwe,he / him,pronoun,1,هُوَّ,hooa,He,functional,Pronouns,,,,
harakaat_variant,keep_ours,lev_other,M,"harakaat: letter 2 (ي): ours shadda+i, theirs shadda+a (هِيِّ / هِيَّ)",,,,3,Y,5,هِيِّ,hiyye,she / her,pronoun,1,هِيَّ,hia,She,functional,Pronouns,,,,
harakaat_variant,keep_ours,lev_other,M,"harakaat: letter 2 (م): ours shadda+i, theirs shadda+a (هُمِّ / هُمَّ)",,,,3,Y,8,هُمِّ,humme,they / them,pronoun,1,هُمَّ,hoomma,They,functional,Pronouns,,,,
harakaat_variant,both_valid,pal,M,"harakaat: letter 2 (د): ours shadda+i, theirs shadda+a (قَدِّيش / قَدَّيش)",,,,3,Y,22,قَدِّيش,'addeesh,how much / how many,adverb,1,قَدَّيش,qaddaysh,How much?,functional,Question Words,,,,
harakaat_variant,keep_ours,lev_other,M,"harakaat: letter 1 (ع): ours i, theirs a (عِشْرِين / عَشرين)",,,,3,Y,103,عِشْرِين,3ishriin,twenty (20),noun,1,عَشرين,3ashreen,Twenty,noun,Numbers,,,,My twenty عَشريني | Your f. twenty عَشرينِك | Your m. twenty عَشرينَك | Your pl. twenty عَشرينكُم | His twenty عَشرينُه | Her twenty عَشرينها | Their twenty عَشرينهُم | Our twenty عَشريننا
harakaat_variant,both_valid,pal,M,"harakaat: letter 3 (ل): ours a, theirs i (عَيْلَة / عَيلِة)",,,,3,Y,797,عَيْلَة,3eele,family,noun,1,عَيلِة,3aylia,Family,noun,Family,,,,My family عَيلَِتي | Your f. family عَيلَِتِك | Your m. family عَيلَِتَك | Your pl. family عَيلَِتكُم | His family عَيلَِتُه | Her family عَيلَِتها | Their family عَيلَِتهُم | Our family عَيلَِتنا
meaning_mismatch,same_sense,pal,H,"gloss differs: ""at / with (possession)"" / ""To have""",,,,3,Y,35,عِنْد,3ind,at / with (possession),preposition,1,عِند,3ind,To have,functional,Modals,,,,I have عِندي | You f. have عِندِك | You m. have عِندَك | You pl. have عِندكُم | He has عِندُه | She has عِندها | They have عِندهُم | We have عِندنا
meaning_mismatch,same_sense,pal,H,"gloss differs: ""or"" / ""Or (more formal)""",,,,3,Y,50,أَو,aw,or,conjunction,1,أَو,aw,Or (more formal),functional,Conjunctions,,,,
meaning_mismatch,same_sense,pal,M,"gloss differs: ""or (in questions)"" / ""Or""",,,,3,Y,51,وَلَّا,walla,or (in questions),conjunction,1,وَلا,wala,Or,functional,Conjunctions,,,,
meaning_mismatch,keep_ours,unsure,M,"gloss differs: ""or (in questions)"" / ""Neither / nor""",,,,3,Y,51,وَلَّا,walla,or (in questions),conjunction,1,وَلّا,walla,Neither / nor,functional,Conjunctions,,,,
meaning_mismatch,keep_ours,pal,H,"gloss differs: ""(present tense marker)"" / ""In / Inside""",,,,3,Y,61,بِـ,bi-,(present tense marker),particle,1,بِ,bi,In / Inside,functional,Prepositions,,,,In / Inside me بِي | In / Inside you f. بِِك | In / Inside you m. بَِك | In / Inside you pl. بِكُم | In / Inside him بُِه | In / Inside her بِها | In / Inside them بِهُم | In / Inside us بِنا
meaning_mismatch,keep_ours,pal,H,"gloss differs: ""also / too / more"" / ""violin""",,,,3,Y,74,كَمَان,kamaan,also / too / more,adverb,1,كَمان,kaman,violin,noun,Art,,,,My violin كَماني | Your f. violin كَمانِك | Your m. violin كَمانَك | Your pl. violin كَمانكُم | His violin كَمانُه | Her violin كَمانها | Their violin كَمانهُم | Our violin كَماننا
meaning_mismatch,keep_ours,pal,H,"gloss differs: ""once / one time"" / ""Woman""",,,,3,Y,197,مَرَّة,marra,once / one time,noun,1,مَرة,mara,Woman,noun,People,,,,My woman مَرَتي | Your f. woman مَرَتِك | Your m. woman مَرَتَك | Your pl. woman مَرَتكُم | His woman مَرَتُه | Her woman مَرَتها | Their woman مَرَتهُم | Our woman مَرَتنا
meaning_mismatch,keep_ours,pal,H,"matched without the article ال; gloss differs: ""all / every / each"" / ""Everyone""",,,,3,Y,316,كُلّ,kull,all / every / each,pronoun,1,الكُلّ,il-kooll,Everyone,functional,Pronouns,,,,
meaning_mismatch,keep_ours,pal,H,"gloss differs: ""OK / agreed / fine"" / ""Walking""",,,,3,Y,411,مَاشِي,maashi,OK / agreed / fine,formula,1,ماشي,mashee,Walking,adjective,Active Participles,ماشية (masheea),,,
meaning_mismatch,keep_ours,pal,H,"gloss differs: ""did / made"" / ""business""; harakaat: letter 1 (ع): ours i, theirs a; letter 2 (م): ours i, theirs a (عِمِل / عَمَل)",,,Y,3,Y,502,عِمِل,3imil,did / made,verb,1,عَمَل,3amal,business,noun,Business,,,,My business عَمَلي | Your f. business عَمَلِك | Your m. business عَمَلَك | Your pl. business عَمَلكُم | His business عَمَلُه | Her business عَمَلها | Their business عَمَلهُم | Our business عَمَلنا
meaning_mismatch,same_sense,pal,H,"gloss differs: ""loved / liked"" / ""To love""",,,,3,Y,509,حَبّ,7abb,loved / liked,verb,1,حَبّ,Habb,To love,verb,Emotions,,,,Active participle حابِب | Passive participle مَحْبُوب | Masdar حُبّ
meaning_mismatch,same_sense,pal,H,"gloss differs: ""went"" / ""To go""",,,,3,Y,529,رَاح,raa7,went,verb,1,راح,raH,To go,verb,Travel,,,,Active participle رايِح | Passive participle مَرُوح | Masdar رَوْح
meaning_mismatch,same_sense,lev_other,M,"gloss differs: ""returned / came back"" / ""To return""; harakaat: letter 1 (ر): ours i, theirs a (رِجِع / رَجِع)",,,,3,Y,532,رِجِع,riji3,returned / came back,verb,1,رَجِع,raji3,To return,verb,Travel,,,,Active participle راجِع | Passive participle مَرْجُوع | Masdar رَجِع
meaning_mismatch,same_sense,lev_other,M,"gloss differs: ""went up / went out"" / ""To go up / rise""; harakaat: letter 1 (ط): ours i, theirs a (طِلِع / طَلِع)",,,,3,Y,533,طِلِع,Tili3,went up / went out,verb,1,طَلِع,Tali3,To go up / rise,verb,Travel,,,,Active participle طالِع | Passive participle مَطْلُوع | Masdar طَلُوع
meaning_mismatch,same_sense,unsure,M,"gloss differs: ""learned"" / ""To learn""; harakaat: letter 1 (ت): ours sukun, theirs a (تْعَلَّم / تَعَلَّم)",,,,3,Y,572,تْعَلَّم,t3allam,learned,verb,1,تَعَلَّم,ta3allam,To learn,verb,School,,,,Active participle مِتْعَلِّم | Masdar تَعَلُم
meaning_mismatch,same_sense,pal,H,"gloss differs: ""slept"" / ""To sleep""",,,,3,Y,612,نَام,naam,slept,verb,1,نام,nam,To sleep,verb,Daily Routine,,,,Active participle نايِم | Passive participle مَنُوم | Masdar نَوْم
meaning_mismatch,keep_ours,lev_other,M,"gloss differs: ""drank"" / ""To drink""; harakaat: letter 1 (ش): ours i, theirs a (شِرِب / شَرِب)",,,,3,Y,623,شِرِب,shirib,drank,verb,1,شَرِب,sharib,To drink,verb,Food,,,,Active participleشارِب | Passive participleمَشْرُوب | Masdarشَرِب | هوَّشَرِب | هيَّشَرِبَتْ | هُمَّشَرِبُوا | إنتَشْرِبْت | إنتيشْرِبْتِ | إنتوشْرِبْتُوا | أناشْرِبْت | نِحناشْرِبْنا | هوَّيشْرِب | هيَّتِشْرِب | هُمَّيِشْرِبُوا | إنتَتِشْرِب | إنتيتِشْرِبِي | إنتوتِشْرِبُوا | أناأَشْرِب | نِحنانِشْرِب | هوَّبِشْرِب | هيَّبْتِشْرِب | هُمَّبِشْرِبُوا | إنتَبْتِشْرِب | إنتيبْتِشْرِبِي | إنتوبْتِشْرِبُوا | أنابَشْرِب | نِحنامْنِشْرِب
meaning_mismatch,keep_ours,pal,H,"gloss differs: ""drank"" / ""To give a drink""; harakaat: letter 1 (ش): ours i, theirs a; letter 2 (ر): ours i, theirs shadda+a (شِرِب / شَرَّب)",,,,3,Y,623,شِرِب,shirib,drank,verb,1,شَرَّب,sharrab,To give a drink,verb,Food,,,,Active participle مْشَرِّب | Passive participle مْشَرَّب | Masdar تَشْرِيب
meaning_mismatch,keep_ours,pal,M,"gloss differs: ""boy / child"" / ""To give birth""; harakaat: letter 2 (ل): ours a, theirs i (وَلَد / وَلِد)",,,Y,3,Y,833,وَلَد,walad,boy / child,noun,1,وَلِد,walid,To give birth,verb,Life,,,,Active participle والِد | Passive participle مَوْلُود | Masdar وَلِد
different_word,keep_ours,pal,H,"same gloss, different word: ours إِنْتُو, theirs يا",,,,3,Y,7,إِنْتُو,intu,you (pl.),pronoun,1,يا,ya,You (comes before someone's name),functional,Exclamations,,,,
different_word,both_valid,pal,H,"same gloss, different word: ours عَلَى, theirs عَ",,,,3,Y,27,عَلَى,3ala,on / onto,preposition,1,عَ,3a,On (abbreviation of على),functional,Prepositions,,,,
different_word,keep_ours,pal,H,"same gloss, different word: ours تَحْت, theirs تَحتي",,,,3,Y,37,تَحْت,ta7t,under / below,preposition,1,تَحتي,taHtee,Under ...,functional,Places,,,,Under ... me تَحتيي | Under ... you f. تَحتيِك | Under ... you m. تَحتيَك | Under ... you pl. تَحتيكُم | Under ... him تَحتيُه | Under ... her تَحتيها | Under ... them تَحتيهُم | Under ... us تَحتينا
different_word,keep_ours,msa,H,"same gloss, different word: ours وَرَا, theirs وَراء",,,,3,Y,39,وَرَا,wara,behind,preposition,1,وَراء,wara2,Behind,functional,Places,,,,Behind me وَراءي | Behind you f. وَراءِك | Behind you m. وَراءَك | Behind you pl. وَراءكُم | Behind him وَراءُه | Behind her وَراءها | Behind them وَراءهُم | Behind us وَراءنا
different_word,keep_ours,pal,H,"same gloss, different word: ours مُمْكِن, theirs مَعقُول",,,,3,Y,65,مُمْكِن,mumkin,possible / can / may I,particle,1,مَعقُول,ma3qool,"Possible, plausible",adjective,Things,مَعقُولة (ma3qoola),,,
different_word,both_valid,pal,H,"same gloss, different word: ours بُكْرَة, theirs بُكرَا",,,,3,Y,142,بُكْرَة,bukra,tomorrow,adverb,1,بُكرَا,bookra,Tomorrow,noun,Time,,,,
different_word,both_valid,pal,H,"same gloss, different word: ours إِمْبَارِح, theirs مبارِح",,,,3,Y,143,إِمْبَارِح,imbaari7,yesterday,adverb,1,مبارِح,mbariH,Yesterday,noun,Time,,,,
different_word,both_valid,pal,H,"same gloss, different word: ours إِمْبَارِح, theirs مبَارِح",,,,3,Y,143,إِمْبَارِح,imbaari7,yesterday,adverb,1,مبَارِح,mbariH,Yesterday,functional,Time,,,,
different_word,both_valid,pal,H,"same gloss, different word: ours مَرْحَبَا, theirs أهلاً",,,,3,Y,232,مَرْحَبَا,mar7aba,hello / hi,formula,1,أهلاً,ahlan,Hi,functional,Exclamations,,,,
different_word,both_valid,pal,H,"same gloss, different word: ours مْنِيح, theirs كوَيس",,,,3,Y,241,مْنِيح,mnii7,good / well (m.),adjective,1,كوَيس,kways,Good,adjective,People | Things,كوَيسة (kwaysa),,أحسَن (aHsan),
different_word,keep_ours,pal,H,"same gloss, different word: ours تَمَام, theirs كامِل",,,,3,Y,243,تَمَام,tamaam,fine / perfect / OK,adjective,1,كامِل,kamil,Complete/Perfect,adjective,Things,كامِلة (kamila),,,
different_word,keep_ours,pal,H,"same gloss, different word: ours نَاس, theirs شَعب",,,,3,Y,839,نَاس,naas,people,noun,1,شَعب,sha3b,People (political sense),noun,Politics,,شْعُوْب (sh3oob),,My people (political sense) شَعبي | Your f. people (political sense) شَعبِك | Your m. people (political sense) شَعبَك | Your pl. people (political sense) شَعبكُم | His people (political sense) شَعبُه | Her people (political sense) شَعبها | Their people (political sense) شَعبهُم | Our people (political sense) شَعبنا
different_word,both_valid,pal,M,"same gloss, different word: ours نَاس, theirs عالَم",,,,3,Y,839,نَاس,naas,people,noun,1,عالَم,3alam,"people, world",noun,Government,,,,"My people, world عالَمي | Your f. people, world عالَمِك | Your m. people, world عالَمَك | Your pl. people, world عالَمكُم | His people, world عالَمُه | Her people, world عالَمها | Their people, world عالَمهُم | Our people, world عالَمنا"
spelling_variant,,,,matched without the article ال,,,,3,Y,139,مَسَا,masa,evening,noun,1,المَسَا,il-masa,This evening,noun,Time,,,,
spelling_variant,,,,"spelling folded (alif/hamza seat, taa marbuta or final ى/ا/ي)",,,,3,Y,403,لَأ,la',no,particle,1,لا,la,No,functional,Exclamations,,,,
spelling_variant,,,,"spelling folded (alif/hamza seat, taa marbuta or final ى/ا/ي)",,,,3,Y,803,اِبِن,ibin,son,noun,1,إِبِن,ibin,Son,noun,Family,,,,My son إِبِني | Your f. son إِبِنِك | Your m. son إِبِنَك | Your pl. son إِبِنكُم | His son إِبِنُه | Her son إِبِنها | Their son إِبِنهُم | Our son إِبِننا
harakaat_variant,keep_ours,pal,H,"harakaat: letter 3 (ت): ours a, theirs i (إِنْتَ / إنتِ)",,,,2,Y,2,إِنْتَ,inte,you (m. sg.),pronoun,1,إنتِ,inti,You (f.),functional,Pronouns,,,,
harakaat_variant,both_valid,pal,M,"harakaat: letter 1 (و): ours sukun, theirs u (وْ / وُ)",,,,2,Y,44,وْ,w,and,conjunction,1,وُ,woo,And,functional,Conjunctions,,,,
harakaat_variant,keep_ours,msa,H,"harakaat: letter 1 (م): ours i, theirs u; letter 4 (خ): ours shadda+i, theirs i (مِتْأَخِّر / مُتأخِر)",,,,2,Y,189,مِتْأَخِّر,mit'akhkher,late,adjective,1,مُتأخِر,mootakhir,Late,adjective,Time,,,,
harakaat_variant,keep_ours,msa,H,"harakaat: letter 1 (ك): ours sukun, theirs a (كْبِير / كَبِير)",,,,2,Y,982,كْبِير,kbiir,big / large / old (person),adjective,1,كَبِير,kabir,Old,adjective,People,كَبِيرة (kabira),كْبار (kbar),أَكْبَر (akbar),
harakaat_variant,keep_ours,msa,H,"harakaat: letter 1 (ك): ours sukun, theirs a (كْبِير / كَبير)",,,,2,Y,982,كْبِير,kbiir,big / large / old (person),adjective,1,كَبير,kabeer,Big,adjective,Things,كَبيرة (kabeera),كبار (kbar),أكبَر (akbar),
harakaat_variant,keep_ours,msa,M,"harakaat: letter 1 (ح): ours i, theirs a (حِلُو / حَلو)",,,,2,Y,1083,حِلُو,7ilu,sweet,adjective,1,حَلو,Haloo,Sweet,adjective,Food,حَلوة (Halooa),حَلوين (Halooeen),أحلى (aHla),
meaning_mismatch,same_sense,pal,H,"gloss differs: ""these"" / ""This (plur.)""",,,,2,Y,11,هَدُول,hadool,these,pronoun,1,هَدُول,hadool,This (plur.),functional,Pronouns,,,,
meaning_mismatch,keep_ours,pal,H,"spelling folded (alif/hamza seat, taa marbuta or final ى/ا/ي); gloss differs: ""to / for (possession)"" / ""The""",,,,2,Y,36,إِلْ,il-,to / for (possession),preposition,1,ال,al,The,functional,Articles,,,,
meaning_mismatch,same_sense,pal,H,"gloss differs: ""ate"" / ""To eat""",,,,2,Y,622,أَكَل,akal,ate,verb,1,أكَل,akal,To eat,verb,Food,,,,Active participleمآكِل | Passive participleمَأْكُول | Masdarأَكِل | هوَّأَكَل | هيَّأَكَلَتْ | هُمَّأَكَلُوا | إنتَأَكَلْت | إنتيأَكَلْتِ | إنتوأَكَلْتُوا | أناأَكَلْت | نِحناأَكَلْنا | هوَّيآكُل | هيَّتآكُل | هُمَّيآكُلُوا | إنتَتآكُل | إنتيتآكُلِي | إنتوتآكُلُوا | أناآكُل | نِحنانآكُل | هوَّبيآكُل | هيَّبْتآكُل | هُمَّبِيآكُلُوا | إنتَبْتآكُل | إنتيبْتآكُلِي | إنتوبْتآكُلُوا | أنابآكُل | نِحنامْنآكُل
meaning_mismatch,same_sense,pal,H,"gloss differs: ""bought"" / ""To buy""",,,,2,Y,672,اشْتَرَى,ishtara,bought,verb,1,اشْتَرى,ashtara,To buy,verb,Shopping,,,,Active participle مِشْتَرِي | Passive participle مُشْتَرى | Masdar اشْتِراء
different_word,keep_ours,pal,H,"same gloss, different word: ours إِنْتَ, theirs يا",,,,2,Y,2,إِنْتَ,inte,you (m. sg.),pronoun,1,يا,ya,You (comes before someone's name),functional,Exclamations,,,,
different_word,keep_ours,pal,M,"same gloss, different word: ours وَيْن, theirs وَين ما",,,,2,Y,18,وَيْن,ween,where,adverb,1,وَين ما,wayn,Where (connector),functional,Conjunctions,,,,
different_word,keep_ours,pal,H,"same gloss, different word: ours فَوْق, theirs فَوقِي",,,,2,Y,38,فَوْق,foo',above / on top,preposition,1,فَوقِي,fawqi,Above ...,functional,Places,,,,Above ... me فَوقِيي | Above ... you f. فَوقِيِك | Above ... you m. فَوقِيَك | Above ... you pl. فَوقِيكُم | Above ... him فَوقِيُه | Above ... her فَوقِيها | Above ... them فَوقِيهُم | Above ... us فَوقِينا
different_word,both_valid,pal,H,"same gloss, different word: ours كُلْشِي, theirs كُلّ إشي",,,,2,Y,317,كُلْشِي,kullshi,everything,pronoun,1,كُلّ إشي,kooll,Everything,functional,Pronouns,,,,
different_word,both_valid,pal,H,"same gloss, different word: ours بَيْت, theirs دَار",,,,2,Y,1091,بَيْت,beet,house / home,noun,1,دَار,dar,Home,noun,The Home,,دُوْر (door),,My home دَاري | Your f. home دَارِك | Your m. home دَارَك | Your pl. home دَاركُم | His home دَارُه | Her home دَارها | Their home دَارهُم | Our home دَارنا
different_word,keep_ours,pal,H,"same gloss, different word: ours بَارِد, theirs بَردان",,,,2,Y,1199,بَارِد,baarid,cold (food/drink),adjective,1,بَردان,bardan,Cold (as in I feel cold),adjective,Moods,بَردانة (bardana),بَردانِين (bardanin),,
spelling_variant,,,,"spelling folded (alif/hamza seat, taa marbuta or final ى/ا/ي)",,,,2,Y,21,إِيمْتَى,eemta,when,adverb,1,أيمتى,aeemta,When?,functional,Question Words,,,,
harakaat_variant,keep_ours,pal,H,"harakaat: letter 3 (ت): ours i, theirs a (إِنْتِ / إنتَ)",,,,3,,3,إِنْتِ,inti,you (f. sg.),pronoun,1,إنتَ,inta,You (m.),functional,Pronouns,,,,
harakaat_variant,keep_ours,lev_other,M,"harakaat: letter 3 (د): ours i, theirs a (بَعْدِين / بَعدَين)",,,,3,,331,بَعْدِين,ba3deen,then / later / afterward,adverb,1,بَعدَين,ba3dayn,Later,functional,Time,,,,
meaning_mismatch,keep_ours,pal,M,"gloss differs: ""which"" / ""Any""",,,,3,,23,أَيّ,ayy,which,pronoun,1,أَيّ,ayy,Any,functional,Pronouns,,,,
meaning_mismatch,keep_ours,pal,H,"gloss differs: ""how many / some / a few"" / ""sleeve""; harakaat: letter 1 (ك): ours a, theirs u (كَم / كُم)",,,,3,,491,كَم,kam,how many / some / a few,pronoun,1,كُم,koom,sleeve,noun,Clothes,,أكمام (akmam),,My sleeve كُمي | Your f. sleeve كُمِك | Your m. sleeve كُمَك | Your pl. sleeve كُمكُم | His sleeve كُمُه | Her sleeve كُمها | Their sleeve كُمهُم | Our sleeve كُمنا
meaning_mismatch,same_sense,pal,H,"spelling folded (alif/hamza seat, taa marbuta or final ى/ا/ي); gloss differs: ""came"" / ""To come""",,,,3,,530,إِجَا,ija,came,verb,1,إِجى,ija,To come,verb,Travel,,,,Active participle جايّ | Masdar مَجِيء
meaning_mismatch,keep_ours,pal,H,"gloss differs: ""food"" / ""To eat""; harakaat: letter 2 (ك): ours i, theirs a (أَكِل / أكَل)",,,Y,3,,994,أَكِل,akil,food,noun,1,أكَل,akal,To eat,verb,Food,,,,Active participleمآكِل | Passive participleمَأْكُول | Masdarأَكِل | هوَّأَكَل | هيَّأَكَلَتْ | هُمَّأَكَلُوا | إنتَأَكَلْت | إنتيأَكَلْتِ | إنتوأَكَلْتُوا | أناأَكَلْت | نِحناأَكَلْنا | هوَّيآكُل | هيَّتآكُل | هُمَّيآكُلُوا | إنتَتآكُل | إنتيتآكُلِي | إنتوتآكُلُوا | أناآكُل | نِحنانآكُل | هوَّبيآكُل | هيَّبْتآكُل | هُمَّبِيآكُلُوا | إنتَبْتآكُل | إنتيبْتآكُلِي | إنتوبْتآكُلُوا | أنابآكُل | نِحنامْنآكُل
different_word,keep_ours,pal,H,"same gloss, different word: ours إِنْتِ, theirs يا",,,,3,,3,إِنْتِ,inti,you (f. sg.),pronoun,1,يا,ya,You (comes before someone's name),functional,Exclamations,,,,
different_word,both_valid,pal,M,"same gloss, different word: ours ثْمَانْيِة, theirs تَمانِية",,,,3,,91,ثْمَانْيِة,tmaanye,eight (8),noun,1,تَمانِية,tamania,Eight,noun,Numbers,,,,My eight تَمانِيَتي | Your f. eight تَمانِيَتِك | Your m. eight تَمانِيَتَك | Your pl. eight تَمانِيَتكُم | His eight تَمانِيَتُه | Her eight تَمانِيَتها | Their eight تَمانِيَتهُم | Our eight تَمانِيَتنا
different_word,both_valid,pal,M,"same gloss, different word: ours إِحْدَعْش, theirs حَدعَش",,,,3,,94,إِحْدَعْش,i7da3sh,eleven (11),noun,1,حَدعَش,Had3ash,Eleven,noun,Numbers,,,,My eleven حَدعَشي | Your f. eleven حَدعَشِك | Your m. eleven حَدعَشَك | Your pl. eleven حَدعَشكُم | His eleven حَدعَشُه | Her eleven حَدعَشها | Their eleven حَدعَشهُم | Our eleven حَدعَشنا
different_word,keep_ours,lev_other,M,"same gloss, different word: ours خَمَسْطَعْش, theirs خَمَستَعِش",,,,3,,98,خَمَسْطَعْش,khamasTa3sh,fifteen (15),noun,1,خَمَستَعِش,khamasta3ish,Fifteen,noun,Numbers,,,,My fifteen خَمَستَعِشي | Your f. fifteen خَمَستَعِشِك | Your m. fifteen خَمَستَعِشَك | Your pl. fifteen خَمَستَعِشكُم | His fifteen خَمَستَعِشُه | Her fifteen خَمَستَعِشها | Their fifteen خَمَستَعِشهُم | Our fifteen خَمَستَعِشنا
different_word,keep_ours,lev_other,M,"same gloss, different word: ours سِتَّاعْش, theirs سِتَّعِش",,,,3,,99,سِتَّاعْش,sitta3sh,sixteen (16),noun,1,سِتَّعِش,sitta3ish,Sixteen,noun,Numbers,,,,My sixteen سِتَّعِشي | Your f. sixteen سِتَّعِشِك | Your m. sixteen سِتَّعِشَك | Your pl. sixteen سِتَّعِشكُم | His sixteen سِتَّعِشُه | Her sixteen سِتَّعِشها | Their sixteen سِتَّعِشهُم | Our sixteen سِتَّعِشنا
different_word,both_valid,pal,M,"same gloss, different word: ours مْنِيحَة, theirs كوَيس",,,,3,,242,مْنِيحَة,mnii7a,good / well (f.),adjective,1,كوَيس,kways,Good,adjective,People | Things,كوَيسة (kwaysa),,أحسَن (aHsan),
different_word,keep_ours,pal,H,"same gloss, different word: ours حَدَا, theirs أَيّ حَدا",,,,3,,314,حَدَا,7ada,someone / anyone,pronoun,1,أَيّ حَدا,ayy,Anyone,functional,Pronouns,,,,
different_word,both_valid,pal,M,"same gloss, different word: ours وَاحَد, theirs شَخص",,,,3,,840,وَاحَد,waa7ad,someone / a person / one,pronoun,1,شَخص,shakhS,Person,noun,People,,أشخاص (ashkhaS),,My person شَخصي | Your f. person شَخصِك | Your m. person شَخصَك | Your pl. person شَخصكُم | His person شَخصُه | Her person شَخصها | Their person شَخصهُم | Our person شَخصنا
different_word,both_valid,pal,H,"same gloss, different word: ours مْنِيح, theirs كوَيس",,,,3,,938,مْنِيح,mnii7,good / nice (person),adjective,1,كوَيس,kways,Good,adjective,People | Things,كوَيسة (kwaysa),,أحسَن (aHsan),
different_word,both_valid,pal,M,"same gloss, different word: ours أَكِل, theirs أكلة",,,,3,,994,أَكِل,akil,food,noun,1,أكلة,akla,Food (meal),noun,Food,,,,My food (meal) أكلَتي | Your f. food (meal) أكلَتِك | Your m. food (meal) أكلَتَك | Your pl. food (meal) أكلَتكُم | His food (meal) أكلَتُه | Her food (meal) أكلَتها | Their food (meal) أكلَتهُم | Our food (meal) أكلَتنا
different_word,keep_ours,msa,H,"same gloss, different word: ours مِش مْنِيح, theirs سَيء",,,,3,,1504,مِش مْنِيح,mish mnii7,bad / not good,adjective,1,سَيء,say2,Bad,adjective,Things,سَيئة (say2a),,أَسْوَأ (aswaa),
different_word,keep_ours,pal,H,"same gloss, different word: ours مُمْكِن, theirs مَعقُول",,,,3,,1517,مُمْكِن,mumkin,possible,adjective,1,مَعقُول,ma3qool,"Possible, plausible",adjective,Things,مَعقُولة (ma3qoola),,,
different_word,keep_ours,pal,H,"same gloss, different word: ours عَشَان, theirs لَإنُّه",,,,3,,2172,عَشَان,3ashaan,because (dialect),conjunction,1,لَإنُّه,lainnooh,Because,functional,Conjunctions,,,,
different_word,keep_ours,lev_other,M,"same gloss, different word: ours عَشَان, theirs مِشَان / مِنْشان",,,,3,,3111,عَشَان,3ashaan,because of (in order to),conjunction,1,مِشَان / مِنْشان,mishan,Because of (for the sake),functional,Conjunctions,,,,Because of (for the sake) me مِشَان / مِنْشاني | Because of (for the sake) you f. مِشَان / مِنْشانِك | Because of (for the sake) you m. مِشَان / مِنْشانَك | Because of (for the sake) you pl. مِشَان / مِنْشانكُم | Because of (for the sake) him مِشَان / مِنْشانُه | Because of (for the sake) her مِشَان / مِنْشانها | Because of (for the sake) them مِشَان / مِنْشانهُم | Because of (for the sake) us مِشَان / مِنْشاننا
different_word,both_valid,pal,H,"same gloss, different word: ours عَشَان, theirs عَشَان / عَلَى شَان",,,,3,,3111,عَشَان,3ashaan,because of (in order to),conjunction,1,عَشَان / عَلَى شَان,3ashan,Because of (in order to),functional,Conjunctions,,,,Because of (in order to) me عَشَان / عَلَى شَاني | Because of (in order to) you f. عَشَان / عَلَى شَانِك | Because of (in order to) you m. عَشَان / عَلَى شَانَك | Because of (in order to) you pl. عَشَان / عَلَى شَانكُم | Because of (in order to) him عَشَان / عَلَى شَانُه | Because of (in order to) her عَشَان / عَلَى شَانها | Because of (in order to) them عَشَان / عَلَى شَانهُم | Because of (in order to) us عَشَان / عَلَى شَاننا
same,,,,,,,Y,3,,3176,بِدّ,bidd,to want,verb,1,بِدّ,bidd,To want,functional,Modals,,,,I want بِدّي | You f. want بِدِّك | You m. want بِدَّك | You pl. want بِدّكُم | He wants بِدُّه | She wants بِدّها | They want بِدّهُم | We want بِدّنا
harakaat_variant,keep_ours,lev_other,M,"harakaat: letter 1 (ف): ours u, theirs a (فُوق / فَوق)",,,,2,,80,فُوق,foo',up / upstairs,adverb,1,فَوق,fawq,"Up, above",functional,Places,,,,
harakaat_variant,keep_ours,msa,H,"harakaat: letter 1 (ت): ours sukun, theirs a (تْلَاتِة / تَلاتة)",,,,2,,86,تْلَاتِة,tlaate,three (3),noun,1,تَلاتة,talata,Three,noun,Numbers,,,,My three تَلاتَتي | Your f. three تَلاتَتِك | Your m. three تَلاتَتَك | Your pl. three تَلاتَتكُم | His three تَلاتَتُه | Her three تَلاتَتها | Their three تَلاتَتهُم | Our three تَلاتَتنا
harakaat_variant,keep_ours,lev_other,M,"harakaat: letter 1 (ل): ours a, theirs i (لَوَيْن / لِوَين)",,,,2,,758,لَوَيْن,laween,where to,adverb,1,لِوَين,liwayn,To where?,functional,Question Words,,,,
harakaat_variant,keep_ours,lev_other,M,"harakaat: letter 1 (ح): ours i, theirs a (حِلُو / حَلو)",,,,2,,1474,حِلُو,7ilu,pretty / beautiful / sweet,adjective,1,حَلو,Haloo,Sweet,adjective,Food,حَلوة (Halooa),حَلوين (Halooeen),أحلى (aHla),
harakaat_variant,keep_ours,lev_other,M,"harakaat: letter 1 (ح): ours i, theirs a (حِلُو / حَلو)",,,,2,,1474,حِلُو,7ilu,pretty / beautiful / sweet,adjective,1,حَلو,Haloo,Beautiful,adjective,People,حَلوة (Halooa),حَلوين (Halooeen),أحلى (aHla),
meaning_mismatch,keep_ours,pal,H,"matched without the article ال; gloss differs: ""three (3)"" / ""Tuesday""; harakaat: letter 1 (ت): ours sukun, theirs a (تْلَاتِة / التَلاتة)",,,,2,,86,تْلَاتِة,tlaate,three (3),noun,1,التَلاتة,it-talata,Tuesday,noun,Time,,,,
different_word,both_valid,pal,H,"same gloss, different word: ours لَإِنُّو, theirs لَإنُّه",,,,2,,46,لَإِنُّو,la'innu,because,conjunction,1,لَإنُّه,lainnooh,Because,functional,Conjunctions,,,,
different_word,keep_ours,pal,H,"same gloss, different word: ours عَشَان, theirs لَإنُّه",,,,2,,47,عَشَان,3ashaan,because / in order to,conjunction,1,لَإنُّه,lainnooh,Because,functional,Conjunctions,,,,
different_word,keep_ours,pal,M,"same gloss, different word: ours ثِنْتِين, theirs إتنِين",,,,2,,85,ثِنْتِين,thinteen,"two (2, f.)",noun,1,إتنِين,itnin,Two,noun,Numbers,,,,My two إتنِيني | Your f. two إتنِينِك | Your m. two إتنِينَك | Your pl. two إتنِينكُم | His two إتنِينُه | Her two إتنِينها | Their two إتنِينهُم | Our two إتنِيننا
different_word,keep_ours,pal,M,"same gloss, different word: ours ثِنْتِين, theirs ثنين",,,,2,,85,ثِنْتِين,thinteen,"two (2, f.)",noun,1,ثنين,thneen,Two (m),noun,Numbers,,,,My two (m) ثنيني | Your f. two (m) ثنينِك | Your m. two (m) ثنينَك | Your pl. two (m) ثنينكُم | His two (m) ثنينُه | Her two (m) ثنينها | Their two (m) ثنينهُم | Our two (m) ثنيننا
different_word,both_valid,pal,M,"same gloss, different word: ours ثِنْتِين, theirs تنتين",,,,2,,85,ثِنْتِين,thinteen,"two (2, f.)",noun,1,تنتين,tnteen,Two (f),noun,Numbers,,,,My two (f) تنتيني | Your f. two (f) تنتينِك | Your m. two (f) تنتينَك | Your pl. two (f) تنتينكُم | His two (f) تنتينُه | Her two (f) تنتينها | Their two (f) تنتينهُم | Our two (f) تنتيننا
different_word,both_valid,pal,M,"same gloss, different word: ours اِثْنَعْش, theirs إتنَعش",,,,2,,95,اِثْنَعْش,ithna3sh,twelve (12),noun,1,إتنَعش,itna3sh,Twelve,noun,Numbers,,,,My twelve إتنَعشي | Your f. twelve إتنَعشِك | Your m. twelve إتنَعشَك | Your pl. twelve إتنَعشكُم | His twelve إتنَعشُه | Her twelve إتنَعشها | Their twelve إتنَعشهُم | Our twelve إتنَعشنا
different_word,keep_ours,unsure,H,"same gloss, different word: ours مَعْلَش, theirs مِتحَسِر",,,,2,,274,مَعْلَش,ma3lish,never mind / it's OK / sorry,formula,1,مِتحَسِر,mitHasir,Regretful/Sorry,adjective,Emotions,مِتحَسِرة (mitHasira),,,
different_word,keep_ours,msa,H,"same gloss, different word: ours زَلَمِة, theirs رَجُل",,,,2,,836,زَلَمِة,zalame,man / guy,noun,1,رَجُل,rajool,Man,noun,People,,رِجَاْل (rijal),,My man رَجُلي | Your f. man رَجُلِك | Your m. man رَجُلَك | Your pl. man رَجُلكُم | His man رَجُلُه | Her man رَجُلها | Their man رَجُلهُم | Our man رَجُلنا
different_word,keep_ours,pal,M,"same gloss, different word: ours وَيْن, theirs وَين ما",,,,2,,2174,وَيْن,ween,where (dialect),adverb,1,وَين ما,wayn,Where (connector),functional,Conjunctions,,,,
spelling_variant,,,,matched without the article ال,,,,2,,119,ثَانِي,thaani,second,adjective,1,الثّاني,ith-ththanee,Second,noun,Numbers,,,,My second الثّانيي | Your f. second الثّانيِك | Your m. second الثّانيَك | Your pl. second الثّانيكُم | His second الثّانيُه | Her second الثّانيها | Their second الثّانيهُم | Our second الثّانينا
spelling_variant,,,,"spelling folded (alif/hamza seat, taa marbuta or final ى/ا/ي)",,,,2,,2180,إِيمْتَى,eemta,when (dialect),adverb,1,أيمتى,aeemta,When?,functional,Question Words,,,,
different_word,both_valid,pal,M,"same gloss, different word: ours تْنِين, theirs إتنِين",,,,1,,84,تْنِين,tneen,two (2),noun,1,إتنِين,itnin,Two,noun,Numbers,,,,My two إتنِيني | Your f. two إتنِينِك | Your m. two إتنِينَك | Your pl. two إتنِينكُم | His two إتنِينُه | Her two إتنِينها | Their two إتنِينهُم | Our two إتنِيننا
different_word,both_valid,pal,M,"same gloss, different word: ours تْنِين, theirs ثنين",,,,1,,84,تْنِين,tneen,two (2),noun,1,ثنين,thneen,Two (m),noun,Numbers,,,,My two (m) ثنيني | Your f. two (m) ثنينِك | Your m. two (m) ثنينَك | Your pl. two (m) ثنينكُم | His two (m) ثنينُه | Her two (m) ثنينها | Their two (m) ثنينهُم | Our two (m) ثنيننا
different_word,keep_ours,pal,M,"same gloss, different word: ours تْنِين, theirs تنتين",,,,1,,84,تْنِين,tneen,two (2),noun,1,تنتين,tnteen,Two (f),noun,Numbers,,,,My two (f) تنتيني | Your f. two (f) تنتينِك | Your m. two (f) تنتينَك | Your pl. two (f) تنتينكُم | His two (f) تنتينُه | Her two (f) تنتينها | Their two (f) تنتينهُم | Our two (f) تنتيننا
harakaat_variant,both_valid,pal,H,"harakaat: letter 2 (ل): ours a, theirs i (غَلَط / غَلِط)",,,Y,3,Y,407,غَلَط,ghalaT,wrong / mistake,noun,2,غَلِط,ghaliT,To make a mistake,verb,Work,,,,Active participle غالِط | Passive participle مَغْلُوط | Masdar غَلِط
harakaat_variant,both_valid,pal,M,"harakaat: letter 1 (ج): ours a, theirs i (جَدّ / جِدّ)",,,,3,Y,807,جَدّ,jadd,grandfather (formal),noun,2,جِدّ,jidd,Grandfather (northern Levantine),noun,Family,,,,My grandfather (northern levantine) جِدّي | Your f. grandfather (northern levantine) جِدِّك | Your m. grandfather (northern levantine) جِدَّك | Your pl. grandfather (northern levantine) جِدّكُم | His grandfather (northern levantine) جِدُّه | Her grandfather (northern levantine) جِدّها | Their grandfather (northern levantine) جِدّهُم | Our grandfather (northern levantine) جِدّنا
harakaat_variant,both_valid,pal,M,"harakaat: letter 2 (ج): ours i, theirs sukun (وِجِه / وِجْه)",,,,3,Y,850,وِجِه,wijih,face,noun,2,وِجْه,wijh,Face,noun,Body,,وجوه (wjooh),,My face وِجْهي | Your f. face وِجْهِك | Your m. face وِجْهَك | Your pl. face وِجْهكُم | His face وِجْهُه | Her face وِجْهها | Their face وِجْههُم | Our face وِجْهنا
harakaat_variant,keep_ours,lev_other,H,"harakaat: letter 1 (ت): ours i, theirs a (تِين / تَين)",,,,3,Y,1042,تِين,tiin,figs,noun,2,تَين,tayn,Figs,noun,Food,,,,My figsتَيني | Your f. figsتَينِك | Your m. figsتَينَك | Your pl. figsتَينكُم | His figsتَينُه | Her figsتَينها | Their figsتَينهُم | Our figsتَيننا
harakaat_variant,keep_ours,lev_other,M,"harakaat: letter 1 (م): ours u, theirs i (مُفْتَاح / مِفتاح)",,,,3,Y,1103,مُفْتَاح,muftaa7,key,noun,2,مِفتاح,miftaH,Key,noun,The Home,,مفاتيح (mfateeH),,My key مِفتاحي | Your f. key مِفتاحِك | Your m. key مِفتاحَك | Your pl. key مِفتاحكُم | His key مِفتاحُه | Her key مِفتاحها | Their key مِفتاحهُم | Our key مِفتاحنا
harakaat_variant,keep_ours,lev_other,M,"harakaat: letter 2 (ن): ours sukun, theirs a (بَنْطَلُون / بَنَطلون)",,,,3,Y,1136,بَنْطَلُون,banTaloon,pants / trousers,noun,2,بَنَطلون,banaTloon,Trousers,noun,Clothes,,بنطلونات (bnTloonat),,My trousers بَنَطلوني | Your f. trousers بَنَطلونِك | Your m. trousers بَنَطلونَك | Your pl. trousers بَنَطلونكُم | His trousers بَنَطلونُه | Her trousers بَنَطلونها | Their trousers بَنَطلونهُم | Our trousers بَنَطلوننا
harakaat_variant,keep_ours,msa,H,"harakaat: letter 3 (م): ours sukun, theirs i (جَامْعَة / جامِعة)",,,,3,Y,1263,جَامْعَة,jaam3a,university,noun,2,جامِعة,jami3a,University,noun,City | School,,,,My university جامِعَتي | Your f. university جامِعَتِك | Your m. university جامِعَتَك | Your pl. university جامِعَتكُم | His university جامِعَتُه | Her university جامِعَتها | Their university جامِعَتهُم | Our university جامِعَتنا
harakaat_variant,keep_ours,lev_other,M,"harakaat: letter 1 (ب): ours a, theirs i; letter 2 (ش): ours i, theirs a (بَشِع / بِشَع)",,,,3,Y,1477,بَشِع,bashi3,ugly,adjective,2,بِشَع,bisha3,Ugly,adjective,People,بِشَعة (bisha3a),,أبشَع (absha3),
harakaat_variant,keep_ours,msa,H,"harakaat: letter 1 (م): ours sukun, theirs u (مْعَلِّم / مُعَلِّم)",,,,3,Y,1564,مْعَلِّم,m3allim,teacher / master,noun,2,مُعَلِّم,moo3allim,Teacher,noun,School,,,,My teacher مُعَلِّمي | Your f. teacher مُعَلِّمِك | Your m. teacher مُعَلِّمَك | Your pl. teacher مُعَلِّمكُم | His teacher مُعَلِّمُه | Her teacher مُعَلِّمها | Their teacher مُعَلِّمهُم | Our teacher مُعَلِّمنا
harakaat_variant,keep_ours,msa,H,"harakaat: letter 1 (ك): ours sukun, theirs i (كْتَاب / كِتاب)",,,,3,Y,1592,كْتَاب,ktaab,book,noun,2,كِتاب,kitab,Book,noun,School,,,,My book كِتابي | Your f. book كِتابِك | Your m. book كِتابَك | Your pl. book كِتابكُم | His book كِتابُه | Her book كِتابها | Their book كِتابهُم | Our book كِتابنا
harakaat_variant,keep_ours,lev_other,M,"harakaat: letter 3 (ت): ours a, theirs i (دَفْتَر / دَفتِر)",,,,3,Y,1593,دَفْتَر,daftar,notebook,noun,2,دَفتِر,daftir,Notebook,noun,School,,,,My notebook دَفتِري | Your f. notebook دَفتِرِك | Your m. notebook دَفتِرَك | Your pl. notebook دَفتِركُم | His notebook دَفتِرُه | Her notebook دَفتِرها | Their notebook دَفتِرهُم | Our notebook دَفتِرنا
harakaat_variant,keep_ours,lev_other,M,"harakaat: letter 1 (س): ours i, theirs a (سِعِر / سَعر)",,,,3,Y,1689,سِعِر,si3ir,price,noun,2,سَعر,sa3r,Price,noun,Shopping,,,,My price سَعري | Your f. price سَعرِك | Your m. price سَعرَك | Your pl. price سَعركُم | His price سَعرُه | Her price سَعرها | Their price سَعرهُم | Our price سَعرنا
harakaat_variant,both_valid,pal,M,"harakaat: letter 2 (ل): ours a, theirs i (تَلَفُون / تَلِفون)",,,,3,Y,1717,تَلَفُون,talafoon,phone / telephone,noun,2,تَلِفون,talifoon,Telephone,noun,Work | House,,تلفونات (tlfoonat),,My telephone تَلِفوني | Your f. telephone تَلِفونِك | Your m. telephone تَلِفونَك | Your pl. telephone تَلِفونكُم | His telephone تَلِفونُه | Her telephone تَلِفونها | Their telephone تَلِفونهُم | Our telephone تَلِفوننا
meaning_mismatch,keep_ours,pal,H,"spelling folded (alif/hamza seat, taa marbuta or final ى/ا/ي); gloss differs: ""August"" / ""Father""",,,,3,Y,171,آب,aab,August,noun,2,أَب,ab,Father,noun,Family,,,,My father أَبي | Your f. father أَبِك | Your m. father أَبَك | Your pl. father أَبكُم | His father أَبُه | Her father أَبها | Their father أَبهُم | Our father أَبنا
meaning_mismatch,same_sense,pal,H,"gloss differs: ""maybe / perhaps"" / ""Possibly / might""",,,,3,Y,415,يِمْكِن,yimkin,maybe / perhaps,adverb,2,يِمكِن,yimkin,Possibly / might,functional,Modals,,,,
meaning_mismatch,keep_ours,pal,H,"gloss differs: ""looked for / searched"" / ""role""",,,Y,3,Y,525,دَوَّر,dawwar,looked for / searched,verb,2,دور,door,role,noun,Art,,,,My role دوري | Your f. role دورِك | Your m. role دورَك | Your pl. role دوركُم | His role دورُه | Her role دورها | Their role دورهُم | Our role دورنا
meaning_mismatch,same_sense,lev_other,M,"gloss differs: ""went down / went out (to street)"" / ""To go down""; harakaat: letter 1 (ن): ours i, theirs a (نِزِل / نَزِل)",,,,3,Y,534,نِزِل,nizil,went down / went out (to street),verb,2,نَزِل,nazil,To go down,verb,Travel,,,,Active participle نازِل | Passive participle مَنْزُول | Masdar نَزِل
meaning_mismatch,keep_ours,pal,H,"gloss differs: ""went down / went out (to street)"" / ""To put down / drop off / download""; harakaat: letter 1 (ن): ours i, theirs a; letter 2 (ز): ours i, theirs shadda+a (نِزِل / نَزَّل)",,,,3,Y,534,نِزِل,nizil,went down / went out (to street),verb,2,نَزَّل,nazzal,To put down / drop off / download,verb,Travel,,,,Active participle مْنَزِّل | Passive participle مْنَزَّل | Masdar تَنْزِيل
meaning_mismatch,same_sense,pal,H,"gloss differs: ""ran"" / ""To run""",,,,3,Y,540,رَكَض,rakaD,ran,verb,2,رَكَض,rakaD,To run,verb,Sport,,,,Active participle راكِض | Passive participle مَرْكُوض | Masdar رَكْض
meaning_mismatch,same_sense,pal,H,"gloss differs: ""wrote"" / ""To write""",,,,3,Y,575,كَتَب,katab,wrote,verb,2,كَتَب,katab,To write,verb,School,,,,Active participle كاتِب | Passive participle مَكْتُوب | Masdar كَتْب
meaning_mismatch,same_sense,pal,H,"gloss differs: ""missed (someone)"" / ""To miss / long for""",,,,3,Y,582,اِشْتَاق,ishtaa',missed (someone),verb,2,اشْتاق,ashtaq,To miss / long for,verb,Emotions,,,,Active participle مِشْتَاق | Passive participle مُشْتاق | Masdar اشْتِياق
meaning_mismatch,same_sense,pal,H,"gloss differs: ""enjoyed / was happy"" / ""To enjoy""",,,,3,Y,584,اِنْبَسَط,inbasaT,enjoyed / was happy,verb,2,انْبَسَط,anbasaT,To enjoy,verb,Emotions,,,,Active participle مِنْبَسِط | Masdar انْبِساط
meaning_mismatch,same_sense,pal,H,"gloss differs: ""was afraid / feared"" / ""To be scared""",,,,3,Y,586,خَاف,khaaf,was afraid / feared,verb,2,خاف,khaf,To be scared,verb,Emotions,,,,Active participle خايِف | Passive participle مَخُوف | Masdar خَوْف
meaning_mismatch,keep_ours,pal,H,"spelling folded (alif/hamza seat, taa marbuta or final ى/ا/ي); gloss differs: ""woke up"" / ""To wake up""; harakaat: letter 1 (ص): ours i, theirs a; letter 2 (ح): ours i, theirs shadda+a (صِحِي / صَحَّى)",,,,3,Y,613,صِحِي,Si7i,woke up,verb,2,صَحَّى,SaHHaa,To wake up,verb,Daily Routine,,,,Active participle مْصَحِّي | Passive participle مْصَحَّى | Masdar تَصْحِية
meaning_mismatch,same_sense,lev_other,M,"gloss differs: ""woke up"" / ""To wake up""; harakaat: letter 1 (ص): ours i, theirs a (صِحِي / صَحِي)",,,,3,Y,613,صِحِي,Si7i,woke up,verb,2,صَحِي,SaHi,To wake up,verb,Daily Routine,,,,Active participle صاحِي | Passive participle مَصْحِي
meaning_mismatch,same_sense,pal,H,"gloss differs: ""got up / stood up"" / ""To stand up / wake up""",,,,3,Y,614,قَام,'aam,got up / stood up,verb,2,قام,qam,To stand up / wake up,verb,Daily Routine,,,,Active participle قايِم | Passive participle مَقُوم | Masdar قَوْم
meaning_mismatch,same_sense,lev_other,M,"gloss differs: ""got dressed / wore"" / ""To wear (clothes)""; harakaat: letter 1 (ل): ours i, theirs a (لِبِس / لَبِس)",,,,3,Y,615,لِبِس,libis,got dressed / wore,verb,2,لَبِس,labis,To wear (clothes),verb,Daily Routine,,,,
meaning_mismatch,same_sense,pal,H,"gloss differs: ""had lunch"" / ""To eat lunch""; harakaat: letter 1 (ت): ours sukun, theirs a (تْغَدَّى / تَغَدّى)",,,,3,Y,624,تْغَدَّى,tghadda,had lunch,verb,2,تَغَدّى,taghadda,To eat lunch,verb,Food,,,,Active participleمِتْغَدِّي | Masdarتَغَدِي | هوَّتَغَدّى | هيَّتَغَدَّت | هُمَّتَغَدُّوا | إنتَتْغَدِّيْت | إنتيتْغَدِّيْتِ | إنتوتْغَدِّيْتُوا | أناتْغَدِّيْت | نِحناتْغَدِّيْنا | هوَّيتْغَدَّى | هيَّتِتْغَدَّى | هُمَّيِتْغَدُّوا | إنتَتِتْغَدَّى | إنتيتِتْغَدِّي | إنتوتِتْغَدُّوا | أناأَتْغَدَّى | نِحنانِتْغَدَّى | هوَّبِتْغَدَّى | هيَّبْتِتْغَدَّى | هُمَّبِتْغَدُّوا | إنتَبْتِتْغَدَّى | إنتيبْتِتْغَدِّي | إنتوبْتِتْغَدُّوا | أنابَتْغَدَّى | نِحنامْنِتْغَدَّى
meaning_mismatch,same_sense,pal,H,"gloss differs: ""cooked"" / ""To cook""",,,,3,Y,629,طَبَخ,Tabakh,cooked,verb,2,طَبَخ,Tabakh,To cook,verb,Food,,,,Active participleطابِخ | Passive participleمَطْبُوخ | Masdarطَبْخ | هوَّطَبَخ | هيَّطَبَخَتْ | هُمَّطَبَخُوا | إنتَطَبَخْت | إنتيطَبَخْتِ | إنتوطَبَخْتُوا | أناطَبَخْت | نِحناطَبَخْنا | هوَّيُطْبُخ | هيَّتُطْبُخ | هُمَّيُطْبُخُوا | إنتَتُطْبُخ | إنتيتُطْبُخِي | إنتوتُطْبُخُوا | أناأُطْبُخ | نِحنانُطْبُخ | هوَّبُطْبُخ | هيَّبْتُطْبُخ | هُمَّبُطْبُخُوا | إنتَبْتُطْبُخ | إنتيبْتُطْبُخِي | إنتوبْتُطْبُخُوا | أنابَطْبُخ | نِحنامْنُطْبُخ
meaning_mismatch,same_sense,pal,H,"gloss differs: ""organized / tidied up"" / ""To tidy up""",,,,3,Y,644,رَتَّب,rattab,organized / tidied up,verb,2,رَتَّب,rattab,To tidy up,verb,The Home,,,,Active participle مْرَتِّب | Passive participle مْرَتَّب | Masdar تَرْتِيب
meaning_mismatch,same_sense,pal,H,"gloss differs: ""worked"" / ""To work""",,,,3,Y,663,اشْتَغَل,ishtaghal,worked,verb,2,اشْتَغَل,ashtaghal,To work,verb,Work,,,,Active participle مِشْتَغِل | Passive participle مُشْتَغَل | Masdar اشْتِغال
meaning_mismatch,same_sense,pal,H,"gloss differs: ""paid"" / ""To pay""",,,,3,Y,674,دَفَع,dafa3,paid,verb,2,دَفَع,dafa3,To pay,verb,Shopping,,,,Active participle دافِع | Passive participle مَدْفُوع | Masdar دَفِع
meaning_mismatch,same_sense,pal,H,"gloss differs: ""traveled"" / ""To travel""",,,,3,Y,701,سَافَر,saafar,traveled,verb,2,سافَر,safar,To travel,verb,Travel,,,,Active participle مْسافِر | Passive participle مْسافَر | Masdar مُسافَرة
meaning_mismatch,same_sense,pal,H,"gloss differs: ""booked / reserved"" / ""To book / reserve""",,,,3,Y,702,حَجَز,7ajaz,booked / reserved,verb,2,حَجَز,Hajaz,To book / reserve,verb,Restaurant,,,,Active participle حاجِز | Passive participle مَحْجُوز | Masdar حَجِز
meaning_mismatch,same_sense,lev_other,M,"gloss differs: ""got tired"" / ""To become tired""; harakaat: letter 1 (ت): ours i, theirs a (تِعِب / تَعِب)",,,,3,Y,718,تِعِب,ti3ib,got tired,verb,2,تَعِب,ta3ib,To become tired,verb,Emotions,,,,Active participle تاعِب | Passive participle مَتْعُوب | Masdar تَعِب
meaning_mismatch,same_sense,pal,H,"gloss differs: ""got hungry"" / ""To become hungry""",,,,3,Y,720,جَاع,jaa3,got hungry,verb,2,جاع,ja3,To become hungry,verb,Food | Emotions,,,,Active participleجايِع | Passive participleمَجُوع | Masdarجَوْع | هوَّجاع | هيَّجاعَتْ | هُمَّجاعُوا | إنتَجُعْت | إنتيجُعْتِ | إنتوجُعْتُوا | أناجُعْت | نِحناجُعْنا | هوَّيجُوع | هيَّتْجُوع | هُمَّيجُوعُوا | إنتَتْجُوع | إنتيتْجُوعِي | إنتوتْجُوعُوا | أناأَجُوع | نِحنانْجُوع | هوَّبِجُوع | هيَّبِتْجُوع | هُمَّبِجُوعُوا | إنتَبِتْجُوع | إنتيبِتْجُوعِي | إنتوبِتْجُوعُوا | أنابَجُوع | نِحنامِنْجُوع
meaning_mismatch,same_sense,pal,H,"gloss differs: ""entered"" / ""To enter""",,,,3,Y,738,دَخَل,dakhal,entered,verb,2,دَخَل,dakhal,To enter,verb,Travel,,,,Active participle داخِل | Passive participle مَدْخُول | Masdar دَخْل
meaning_mismatch,same_sense,pal,H,"gloss differs: ""lived / resided"" / ""To live / reside""",,,,3,Y,746,سَكَن,sakan,lived / resided,verb,2,سَكَن,sakan,To live / reside,verb,Life,,,,Active participle ساكِن | Passive participle مَسْكُون | Masdar سَكْن
meaning_mismatch,same_sense,pal,H,"gloss differs: ""annoyed / uncomfortable (m.)"" / ""Upset""",,,,3,Y,919,مِتْضَايِق,mitDaayi',annoyed / uncomfortable (m.),adjective,2,متضايق,mtDaeeq,Upset,adjective,Emotions,متضايقة (mtDaeeqa),,,
meaning_mismatch,same_sense,pal,H,"gloss differs: ""annoyed / uncomfortable (m.)"" / ""Bothered""",,,,3,Y,919,مِتْضَايِق,mitDaayi',annoyed / uncomfortable (m.),adjective,2,مِتضايِق,mitDayiq,Bothered,adjective,Moods,مِتضايِقة (mitDayiqa),مِتضايِقِين (mitDayiqin),,
meaning_mismatch,same_sense,pal,H,"gloss differs: ""eggs"" / ""Egg""",,,,3,Y,1000,بَيْض,beeD,eggs,noun,2,بَيض,bayD,Egg,noun,Food,,,,My eggبَيضي | Your f. eggبَيضِك | Your m. eggبَيضَك | Your pl. eggبَيضكُم | His eggبَيضُه | Her eggبَيضها | Their eggبَيضهُم | Our eggبَيضنا
meaning_mismatch,keep_ours,pal,H,"gloss differs: ""salad"" / ""Authority""; harakaat: letter 1 (س): ours a, theirs u (سَلَطَة / سُلطة)",,,,3,Y,1019,سَلَطَة,salaTa,salad,noun,2,سُلطة,soolTa,Authority,noun,Politics,,,,My authority سُلطَتي | Your f. authority سُلطَتِك | Your m. authority سُلطَتَك | Your pl. authority سُلطَتكُم | His authority سُلطَتُه | Her authority سُلطَتها | Their authority سُلطَتهُم | Our authority سُلطَتنا
meaning_mismatch,same_sense,pal,H,"gloss differs: ""apartment"" / ""Flat; appartment""",,,,3,Y,1216,شَقَّة,sha''a,apartment,noun,2,شَقّة,shaqqa,Flat; appartment,noun,The Home,,شقق (shqq),,My flat; appartment شَقَّتي | Your f. flat; appartment شَقَّتِك | Your m. flat; appartment شَقَّتَك | Your pl. flat; appartment شَقَّتكُم | His flat; appartment شَقَّتُه | Her flat; appartment شَقَّتها | Their flat; appartment شَقَّتهُم | Our flat; appartment شَقَّتنا
meaning_mismatch,same_sense,pal,M,"gloss differs: ""traffic light / signal"" / ""Sign""",,,,3,Y,1247,إِشَارَة,ishaara,traffic light / signal,noun,2,إشارة,ishara,Sign,noun,City,,يافطات (yafTat),,My sign إشارَتي | Your f. sign إشارَتِك | Your m. sign إشارَتَك | Your pl. sign إشارَتكُم | His sign إشارَتُه | Her sign إشارَتها | Their sign إشارَتهُم | Our sign إشارَتنا
meaning_mismatch,same_sense,pal,H,"gloss differs: ""straight ahead"" / ""Straight on""",,,,3,Y,1310,دُغْرِي,dughri,straight ahead,adverb,2,دُغري,dooghree,Straight on,adjective,Places,,,,
meaning_mismatch,keep_ours,unsure,M,"gloss differs: ""rain"" / ""To be rainy""",,,Y,3,Y,1343,مَطَر,maTar,rain,noun,2,مَطَر,maTar,To be rainy,verb,Weather,,,,Active participle ماطِر | Passive participle مَمْطُور | Masdar مَطْر
meaning_mismatch,keep_ours,unsure,M,"gloss differs: ""heat / hot weather"" / ""Spicy""",,,,3,Y,1350,حَرّ,7arr,heat / hot weather,noun,2,حَرّ,Harr,Spicy,adjective,Food,حَرّة (Harra),,,
meaning_mismatch,same_sense,pal,M,"gloss differs: ""warm"" / ""Lukewarm""",,,,3,Y,1488,دَافِي,daafi,warm,adjective,2,دافي,dafee,Lukewarm,adjective,Things,دافية (dafeea),,,
different_word,both_valid,pal,H,"same gloss, different word: ours أَوَّل إِمْبَارِح, theirs أوَّل مْبارِح",,,,3,Y,145,أَوَّل إِمْبَارِح,awwal imbaari7,the day before yesterday,adverb,2,أوَّل مْبارِح,aooooal,The day before yesterday,noun,Time,,,,
different_word,both_valid,pal,M,"same gloss, different word: ours صَيْف, theirs فَصل الصيف",,,,3,Y,176,صَيْف,Seef,summer,noun,2,فَصل الصيف,faSl,summer,noun,Months,,,,
different_word,keep_ours,lev_other,M,"same gloss, different word: ours بَكِّير, theirs بَدري",,,,3,Y,188,بَكِّير,bakkiir,early,adverb,2,بَدري,badree,Early,adjective,Time,,,,
different_word,keep_ours,msa,H,"same gloss, different word: ours مَرَّات, theirs أحياناً",,,,3,Y,195,مَرَّات,marraat,sometimes,adverb,2,أحياناً,aHeeanan,Sometimes,functional,Time,,,,
different_word,keep_ours,msa,H,"same gloss, different word: ours قَرِيب, theirs قَريباً",,,,3,Y,204,قَرِيب,'ariib,soon,adverb,2,قَريباً,qareeban,Soon / recently,functional,Time,,,,
different_word,keep_ours,pal,H,"same gloss, different word: ours غَلَط, theirs غَلطان",,,,3,Y,407,غَلَط,ghalaT,wrong / mistake,noun,2,غَلطان,ghalTan,Wrong (person),adjective,People,غَلطانة (ghalTana),,,
different_word,keep_ours,msa,M,"same gloss, different word: ours بَعْد الضُّهُر, theirs بَعد الظُهر",,,,3,Y,769,بَعْد الضُّهُر,ba3d iD-Duhur,afternoon / PM,adverb,2,بَعد الظُهر,ba3d,Afternoon,noun,Time,,,,
different_word,both_valid,pal,M,"same gloss, different word: ours جَدّ, theirs سِيد",,,,3,Y,807,جَدّ,jadd,grandfather (formal),noun,2,سِيد,sid,Grandfather (southern Levantine),noun,Family,,,,My grandfather (southern levantine) سِيدي | Your f. grandfather (southern levantine) سِيدِك | Your m. grandfather (southern levantine) سِيدَك | Your pl. grandfather (southern levantine) سِيدكُم | His grandfather (southern levantine) سِيدُه | Her grandfather (southern levantine) سِيدها | Their grandfather (southern levantine) سِيدهُم | Our grandfather (southern levantine) سِيدنا
different_word,keep_ours,lev_other,M,"same gloss, different word: ours تُمّ, theirs ثِم",,,,3,Y,855,تُمّ,tumm,mouth,noun,2,ثِم,thim,Mouth,noun,Body,,اثمام (athmam),,My mouth ثِمي | Your f. mouth ثِمِك | Your m. mouth ثِمَك | Your pl. mouth ثِمكُم | His mouth ثِمُه | Her mouth ثِمها | Their mouth ثِمهُم | Our mouth ثِمنا
different_word,both_valid,pal,M,"same gloss, different word: ours إِجِر, theirs رِجْل",,,,3,Y,866,إِجِر,ijir,leg / foot,noun,2,رِجْل,rijl,Leg / foot,noun,Body,,رِجْلَيْن (rijlayn),,My leg / foot رِجْلي | Your f. leg / foot رِجْلِك | Your m. leg / foot رِجْلَك | Your pl. leg / foot رِجْلكُم | His leg / foot رِجْلُه | Her leg / foot رِجْلها | Their leg / foot رِجْلهُم | Our leg / foot رِجْلنا
different_word,keep_ours,unsure,M,"same gloss, different word: ours مِتْضَايِق, theirs مِتزَعِج",,,,3,Y,919,مِتْضَايِق,mitDaayi',annoyed / uncomfortable (m.),adjective,2,مِتزَعِج,mitza3ij,Annoyed,adjective,Moods,مِتزَعِجة (mitza3ija),مِتزَعِجِين (mitza3ijin),,
different_word,both_valid,pal,M,"same gloss, different word: ours مِتْضَايِق, theirs مِش مِرتاح",,,,3,Y,919,مِتْضَايِق,mitDaayi',annoyed / uncomfortable (m.),adjective,2,مِش مِرتاح,mish,Uncomfortable,adjective,Moods,مِش (mish),,,
different_word,keep_ours,pal,M,"same gloss, different word: ours خَفِيف, theirs ضاوي",,,,3,Y,971,خَفِيف,khafiif,light / likeable (person),adjective,2,ضاوي,Daooee,Light,adjective,Things,ضاوية (Daooeea),,,
different_word,both_valid,pal,M,"same gloss, different word: ours خُضْرَة, theirs خُضَر",,,,3,Y,1025,خُضْرَة,khuDra,vegetables,noun,2,خُضَر,khooDar,Vegetables,noun,Food,,,,My vegetablesخُضَري | Your f. vegetablesخُضَرِك | Your m. vegetablesخُضَرَك | Your pl. vegetablesخُضَركُم | His vegetablesخُضَرُه | Her vegetablesخُضَرها | Their vegetablesخُضَرهُم | Our vegetablesخُضَرنا
different_word,keep_ours,lev_other,M,"same gloss, different word: ours حَارّ, theirs شَوب",,,,3,Y,1085,حَارّ,7aarr,spicy / hot,adjective,2,شَوب,shawb,Hot,adjective,Things,شَوبة (shawba),,,
different_word,keep_ours,msa,H,"same gloss, different word: ours حَارّ, theirs ساخِن",,,,3,Y,1085,حَارّ,7aarr,spicy / hot,adjective,2,ساخِن,sakhin,Hot (Objects),adjective,Things,ساخِنة (sakhina),,,
different_word,keep_ours,pal,H,"same gloss, different word: ours حَارّ, theirs شَوبان",,,,3,Y,1085,حَارّ,7aarr,spicy / hot,adjective,2,شَوبان,shawban,Hot (feeling),adjective,Moods,شَوبانة (shawbana),شَوبانِين (shawbanin),,
different_word,keep_ours,pal,M,"same gloss, different word: ours نُور, theirs ضاوي",,,,3,Y,1119,نُور,nuur,light,noun,2,ضاوي,Daooee,Light,adjective,Things,ضاوية (Daooeea),,,
different_word,keep_ours,msa,H,"same gloss, different word: ours بَنْك, theirs مَصرَف",,,,3,Y,1259,بَنْك,bank,bank,noun,2,مَصرَف,maSraf,Bank,noun,City,,,,My bank مَصرَفي | Your f. bank مَصرَفِك | Your m. bank مَصرَفَك | Your pl. bank مَصرَفكُم | His bank مَصرَفُه | Her bank مَصرَفها | Their bank مَصرَفهُم | Our bank مَصرَفنا
different_word,keep_ours,msa,H,"same gloss, different word: ours بَشِع, theirs قَبيح",,,,3,Y,1477,بَشِع,bashi3,ugly,adjective,2,قَبيح,qabeeH,Ugly,adjective,Things,قَبيحة (qabeeHa),,,
different_word,keep_ours,msa,M,"same gloss, different word: ours بِالعَادَة, theirs غالِباً",,,,3,Y,1552,بِالعَادَة,bil-3aade,usually,adverb,2,غالِباً,ghaliban,"Usually, mostly",functional,Time,,,,
different_word,both_valid,pal,H,"same gloss, different word: ours جَوَاز سَفَر, theirs جَواز",,,,3,Y,2280,جَوَاز سَفَر,jawaaz safar,passport,noun,2,جَواز,jawaz,passport,,Government,,,,
different_word,keep_ours,pal,M,"same gloss, different word: ours ضَوّ, theirs ضاوي",,,,3,Y,2731,ضَوّ,Daww,"light (a lamp, a light source)",noun,2,ضاوي,Daooee,Light,adjective,Things,ضاوية (Daooeea),,,
different_word,keep_ours,msa,H,"same gloss, different word: ours عَاطِل, theirs سَيء",,,,3,Y,2732,عَاطِل,3aaTil,bad,adjective,2,سَيء,say2,Bad,adjective,Things,سَيئة (say2a),,أَسْوَأ (aswaa),
harakaat_variant,keep_ours,unsure,M,"harakaat: letter 3 (ن): ours sukun, theirs i; letter 4 (ي): ours a, theirs shadda+i (ثَانْيَة / ثَانِيِّة)",,,,2,Y,131,ثَانْيَة,thaanye,second (time),noun,2,ثَانِيِّة,thaniia,Second,noun,Time,,ثَوَاْنِي (thawani),,My second ثَانِيَِّتي | Your f. second ثَانِيَِّتِك | Your m. second ثَانِيَِّتَك | Your pl. second ثَانِيَِّتكُم | His second ثَانِيَِّتُه | Her second ثَانِيَِّتها | Their second ثَانِيَِّتهُم | Our second ثَانِيَِّتنا
harakaat_variant,keep_ours,msa,M,"harakaat: letter 1 (غ): ours i, theirs a (غِير / غَير)",,,,2,Y,320,غِير,gheer,other / different,adjective,2,غَير,ghayr,Other than,functional,Prepositions,,,,Other than me غَيري | Other than you f. غَيرِك | Other than you m. غَيرَك | Other than you pl. غَيركُم | Other than him غَيرُه | Other than her غَيرها | Other than them غَيرهُم | Other than us غَيرنا
harakaat_variant,both_valid,pal,H,"harakaat: letter 1 (ز): ours i, theirs a; letter 2 (ع): ours i, theirs shadda+a (زِعِل / زَعَّل)",,,,2,Y,585,زِعِل,zi3il,got upset / angry,verb,2,زَعَّل,za33al,To upset,verb,Emotions | Relationships,,,,Active participle مْزَعِّل | Passive participle مْزَعَّل | Masdar تَزْعِيل
harakaat_variant,keep_ours,msa,M,"harakaat: letter 1 (م): ours i, theirs a (مِلِح / مَلح)",,,,2,Y,1055,مِلِح,mili7,salt,noun,2,مَلح,malH,Salt,noun,Food,,,,My saltمَلحي | Your f. saltمَلحِك | Your m. saltمَلحَك | Your pl. saltمَلحكُم | His saltمَلحُه | Her saltمَلحها | Their saltمَلحهُم | Our saltمَلحنا
harakaat_variant,both_valid,pal,M,"harakaat: letter 1 (ب): ours u, theirs i (بُنِّي / بِنّي)",,,,2,Y,1166,بُنِّي,bunni,brown,adjective,2,بِنّي,binnee,Brown,adjective,Colours,بِنّية (binneea),,,
harakaat_variant,both_valid,pal,M,"harakaat: letter 1 (و): ours a, theirs i (وَسِخ / وِسخ)",,,,2,Y,1229,وَسِخ,wasikh,dirty,adjective,2,وِسخ,wiskh,Dirty,adjective,Things,وِسخة (wiskha),,أوْسَخ (aoosakh),
harakaat_variant,keep_ours,pal,H,"spelling folded (alif/hamza seat, taa marbuta or final ى/ا/ي); harakaat: letter 1 (ش): ours i, theirs a; letter 2 (ت): ours a, theirs shadda+a (شِتَا / شَتَّى)",,,Y,2,Y,1344,شِتَا,shita,rain / winter rain,noun,2,شَتَّى,shattaa,To rain,verb,Weather,,,,Active participle مْشَتِّي | Passive participle مْشَتَّى | Masdar تَشْتِية
harakaat_variant,keep_ours,msa,H,"harakaat: letter 1 (ر): ours sukun, theirs a (رْخِيص / رَخِيص)",,,,2,Y,1528,رْخِيص,rkhiiS,cheap / inexpensive,adjective,2,رَخِيص,rakhiS,Cheap,adjective,Things,رَخِيصة (rakhiSa),رخاص (rkhaS),أَرخَص (arkhaS),
harakaat_variant,both_valid,pal,L,"harakaat: letter 1 (ك): ours a, theirs u (كَمْبْيُوتَر / كُمبيوتَر)",,,,2,Y,1719,كَمْبْيُوتَر,kambyuutar,computer,noun,2,كُمبيوتَر,koombeeootar,Computer,noun,Work | House,,كمبيوترات (kmbeeootrat),,My computer كُمبيوتَري | Your f. computer كُمبيوتَرِك | Your m. computer كُمبيوتَرَك | Your pl. computer كُمبيوتَركُم | His computer كُمبيوتَرُه | Her computer كُمبيوتَرها | Their computer كُمبيوتَرهُم | Our computer كُمبيوتَرنا
meaning_mismatch,same_sense,pal,H,"gloss differs: ""those"" / ""That (plur.)""",,,,2,Y,14,هَدُولَاك,hadoolaak,those,pronoun,2,هَدُولاك,hadoolak,That (plur.),functional,Pronouns,,,,
meaning_mismatch,same_sense,pal,H,"gloss differs: ""night"" / ""Nighttime""",,,,2,Y,140,لَيْل,leel,night,noun,2,لَيل,layl,Nighttime,noun,Time,,,,My nighttime لَيلي | Your f. nighttime لَيلِك | Your m. nighttime لَيلَك | Your pl. nighttime لَيلكُم | His nighttime لَيلُه | Her nighttime لَيلها | Their nighttime لَيلهُم | Our nighttime لَيلنا
meaning_mismatch,same_sense,lev_other,M,"gloss differs: ""rode / got on (vehicle)"" / ""To ride""; harakaat: letter 1 (ر): ours i, theirs a (رِكِب / رَكِب)",,,,2,Y,542,رِكِب,rikib,rode / got on (vehicle),verb,2,رَكِب,rakib,To ride,verb,Transport,,,,Active participle راكِب | Passive participle مَرْكُوب | Masdar رَكِب
meaning_mismatch,same_sense,pal,H,"gloss differs: ""drove"" / ""To drive""",,,,2,Y,545,سَاق,saa',drove,verb,2,ساق,saq,To drive,verb,Transport,,,,Active participle سايِق | Passive participle مَسُوق | Masdar سَوْق
meaning_mismatch,same_sense,pal,H,"gloss differs: ""felt / sensed"" / ""To feel""",,,,2,Y,563,حَسّ,7ass,felt / sensed,verb,2,حَسّ,Hass,To feel,verb,Emotions,,,,Active participle حاسِس | Passive participle مَحْسُوس | Masdar حَسّ
meaning_mismatch,same_sense,lev_other,M,"gloss differs: ""got upset / angry"" / ""To become upset""; harakaat: letter 1 (ز): ours i, theirs a (زِعِل / زَعِل)",,,,2,Y,585,زِعِل,zi3il,got upset / angry,verb,2,زَعِل,za3il,To become upset,verb,Emotions,,,,Active participle زاعِل | Passive participle مَزْعُول | Masdar زَعِل
meaning_mismatch,same_sense,pal,H,"gloss differs: ""washed"" / ""To wash (your hands e.t.c.)""",,,,2,Y,617,غَسَل,ghasal,washed,verb,2,غَسَل,ghasal,To wash (your hands e.t.c.),verb,Food | Daily Routine,,,,Active participleغاسِل | Passive participleمَغْسُول | Masdarغَسِل | هوَّغَسَل | هيَّغَسَلَتْ | هُمَّغَسَلُوا | إنتَغَسَلْت | إنتيغَسَلْتِ | إنتوغَسَلْتُوا | أناغَسَلْت | نِحناغَسَلْنا | هوَّيغْسِل | هيَّتِغْسِل | هُمَّيِغْسِلُوا | إنتَتِغْسِل | إنتيتِغْسِلِي | إنتوتِغْسِلُوا | أناأَغْسِل | نِحنانِغْسِل | هوَّبِغْسِل | هيَّبْتِغْسِل | هُمَّبِغْسِلُوا | إنتَبْتِغْسِل | إنتيبْتِغْسِلِي | إنتوبْتِغْسِلُوا | أنابَغْسِل | نِحنامْنِغْسِل
meaning_mismatch,same_sense,pal,H,"gloss differs: ""had dinner"" / ""To eat dinner""; harakaat: letter 1 (ت): ours sukun, theirs a (تْعَشَّى / تَعَشّى)",,,,2,Y,625,تْعَشَّى,t3ashsha,had dinner,verb,2,تَعَشّى,ta3ashsha,To eat dinner,verb,Food,,,,Active participleمِتْعَشِّي | Masdarتَعَشِي | هوَّتَعَشّى | هيَّتَعَشَّت | هُمَّتَعَشُّوا | إنتَتْعَشِّيْت | إنتيتْعَشِّيْتِ | إنتوتْعَشِّيْتُوا | أناتْعَشِّيْت | نِحناتْعَشِّيْنا | هوَّيتْعَشَّى | هيَّتِتْعَشَّى | هُمَّيِتْعَشُّوا | إنتَتِتْعَشَّى | إنتيتِتْعَشِّي | إنتوتِتْعَشُّوا | أناأَتْعَشَّى | نِحنانِتْعَشَّى | هوَّبِتْعَشَّى | هيَّبْتِتْعَشَّى | هُمَّبِتْعَشُّوا | إنتَبْتِتْعَشَّى | إنتيبْتِتْعَشِّي | إنتوبْتِتْعَشُّوا | أنابَتْعَشَّى | نِحنامْنِتْعَشَّى
meaning_mismatch,same_sense,pal,H,"gloss differs: ""cleaned"" / ""To clean""",,,,2,Y,641,نَظَّف,naDDaf,cleaned,verb,2,نَظَّف,naZZaf,To clean,verb,The Home,,,,Active participle مْنَظِّف | Passive participle مْنَظَّف | Masdar تَنْظِيف
meaning_mismatch,same_sense,pal,H,"gloss differs: ""sold"" / ""To sell""",,,,2,Y,673,بَاع,baa3,sold,verb,2,باع,ba3,To sell,verb,Shopping,,,,Active participle بايِع | Passive participle مَبْيُوع | Masdar بَيْع
meaning_mismatch,same_sense,lev_other,M,"gloss differs: ""played"" / ""To play""; harakaat: letter 1 (ل): ours i, theirs a (لِعِب / لَعِب)",,,,2,Y,698,لِعِب,li3ib,played,verb,2,لَعِب,la3ib,To play,verb,Sport,,,,Active participle لاعِب | Passive participle مَلْعُوب | Masdar لَعِب
meaning_mismatch,same_sense,pal,H,"gloss differs: ""ordered / requested"" / ""To ask for / order / request""",,,,2,Y,725,طَلَب,Talab,ordered / requested,verb,2,طَلَب,Talab,To ask for / order / request,verb,Restaurant,,,,Active participle طالِب | Passive participle مَطْلُوب | Masdar طَلْب
meaning_mismatch,keep_ours,pal,H,"gloss differs: ""ordered / requested"" / ""application""",,,Y,2,Y,725,طَلَب,Talab,ordered / requested,verb,2,طَلَب,Talab,application,noun,Business,,,,My application طَلَبي | Your f. application طَلَبِك | Your m. application طَلَبَك | Your pl. application طَلَبكُم | His application طَلَبُه | Her application طَلَبها | Their application طَلَبهُم | Our application طَلَبنا
meaning_mismatch,same_sense,pal,H,"gloss differs: ""stomach / belly"" / ""Abdomen""",,,,2,Y,864,بَطِن,baTin,stomach / belly,noun,2,بَطن,baTn,Abdomen,noun,Body,,بطون (bToon),,My abdomen بَطني | Your f. abdomen بَطنِك | Your m. abdomen بَطنَك | Your pl. abdomen بَطنكُم | His abdomen بَطنُه | Her abdomen بَطنها | Their abdomen بَطنهُم | Our abdomen بَطننا
meaning_mismatch,keep_ours,unsure,H,"gloss differs: ""garlic"" / ""Twin""",,,,2,Y,1030,تُوم,tuum,garlic,noun,2,توم,toom,Twin,noun,Family,,,,My twin تومي | Your f. twin تومِك | Your m. twin تومَك | Your pl. twin تومكُم | His twin تومُه | Her twin تومها | Their twin تومهُم | Our twin تومنا
meaning_mismatch,keep_ours,unsure,M,"gloss differs: ""sun"" / ""To be sunny""",,,Y,2,Y,1337,شَمِس,shamis,sun,noun,2,شَمِس,shamis,To be sunny,verb,Weather,,,,Active participle شامِس | Passive participle مَشْمُوس
different_word,both_valid,pal,M,"same gloss, different word: ours لَيْل, theirs لَيلة",,,,2,Y,140,لَيْل,leel,night,noun,2,لَيلة,layla,Night,noun,Time,,لَيَاْلِي (layali),,My night لَيلَتي | Your f. night لَيلَتِك | Your m. night لَيلَتَك | Your pl. night لَيلَتكُم | His night لَيلَتُه | Her night لَيلَتها | Their night لَيلَتهُم | Our night لَيلَتنا
different_word,both_valid,pal,H,"same gloss, different word: ours يُوم الأَحَد, theirs الأحَد",,,,2,Y,157,يُوم الأَحَد,yoom il-'a7ad,Sunday,noun,2,الأحَد,il-aHad,Sunday,noun,Time,,,,
different_word,both_valid,pal,H,"same gloss, different word: ours يَوْم الإِتْنِين, theirs الإتنَين",,,,2,Y,158,يَوْم الإِتْنِين,yoom il-itneen,Monday,noun,2,الإتنَين,il-itnayn,Monday,noun,Time,,,,
different_word,keep_ours,msa,M,"same gloss, different word: ours يَوْم الأَرْبَعَا, theirs الأربِعاء",,,,2,Y,160,يَوْم الأَرْبَعَا,yoom il-'arba3a,Wednesday,noun,2,الأربِعاء,il-arbi3a2,Wednesday,noun,Time,,,,
different_word,both_valid,pal,H,"same gloss, different word: ours يَوْم الخَمِيس, theirs الخَميس",,,,2,Y,161,يَوْم الخَمِيس,yoom il-khamiis,Thursday,noun,2,الخَميس,il-khamees,Thursday,noun,Time,,,,
different_word,both_valid,pal,H,"same gloss, different word: ours يَوْم الجُمْعَة, theirs الجُمعة",,,,2,Y,162,يَوْم الجُمْعَة,yoom ij-jum3a,Friday,noun,2,الجُمعة,il-joom3a,Friday,noun,Time,,,,
different_word,both_valid,pal,H,"same gloss, different word: ours يُوم السَّبْت, theirs السَبت",,,,2,Y,163,يُوم السَّبْت,yoom is-sabt,Saturday,noun,2,السَبت,is-sabt,Saturday,noun,Time,,,,
different_word,keep_ours,pal,H,"same gloss, different word: ours زِعِل, theirs معَصِّب",,,Y,2,Y,585,زِعِل,zi3il,got upset / angry,verb,2,معَصِّب,m3aSSib,Angry,adjective,Moods,معَصِّبة (m3aSSiba),معَصِّبِين (m3aSSibin),,
different_word,keep_ours,msa,H,"same gloss, different word: ours مَنْخَار, theirs أُنف",,,,2,Y,853,مَنْخَار,mankhaar,nose,noun,2,أُنف,oonf,Nose (more fusHa),noun,Body,,,,My nose (more fusha) أُنفي | Your f. nose (more fusha) أُنفِك | Your m. nose (more fusha) أُنفَك | Your pl. nose (more fusha) أُنفكُم | His nose (more fusha) أُنفُه | Her nose (more fusha) أُنفها | Their nose (more fusha) أُنفهُم | Our nose (more fusha) أُنفنا
different_word,keep_ours,msa,H,"same gloss, different word: ours صْبَاع, theirs أُصبِع",,,,2,Y,861,صْبَاع,Sbaa3,finger,noun,2,أُصبِع,ooSbi3,Finger,noun,Body,,أصابع (aSab3),,My finger أُصبِعي | Your f. finger أُصبِعِك | Your m. finger أُصبِعَك | Your pl. finger أُصبِعكُم | His finger أُصبِعُه | Her finger أُصبِعها | Their finger أُصبِعهُم | Our finger أُصبِعنا
different_word,keep_ours,pal,M,"same gloss, different word: ours ثْقِيل, theirs مُزَعِّج",,,,2,Y,970,ثْقِيل,t'iil,heavy / annoying (person),adjective,2,مُزَعِّج,mooza33ij,Annoying,adjective,Character,مُزَعِّجة (mooza33ija),,,
different_word,keep_ours,lev_other,M,"same gloss, different word: ours تُوم, theirs تومة",,,,2,Y,1030,تُوم,tuum,garlic,noun,2,تومة,tooma,Garlic,noun,Food,,,,My garlicتومَتي | Your f. garlicتومَتِك | Your m. garlicتومَتَك | Your pl. garlicتومَتكُم | His garlicتومَتُه | Her garlicتومَتها | Their garlicتومَتهُم | Our garlicتومَتنا
different_word,both_valid,pal,M,"same gloss, different word: ours أَرْض, theirs أرضية",,,,2,Y,1213,أَرْض,arD,floor / ground,noun,2,أرضية,arDeea,floor,noun,The Home,,أرضيات (arDeeat),,My floor أرضيَتي | Your f. floor أرضيَتِك | Your m. floor أرضيَتَك | Your pl. floor أرضيَتكُم | His floor أرضيَتُه | Her floor أرضيَتها | Their floor أرضيَتهُم | Our floor أرضيَتنا
different_word,both_valid,pal,M,"same gloss, different word: ours بِسِّة, theirs قِطّة",,,,2,Y,1379,بِسِّة,bisse,cat,noun,2,قِطّة,qiTTa,Cat,noun,Animals,,,,My cat قِطَّتي | Your f. cat قِطَّتِك | Your m. cat قِطَّتَك | Your pl. cat قِطَّتكُم | His cat قِطَّتُه | Her cat قِطَّتها | Their cat قِطَّتهُم | Our cat قِطَّتنا
different_word,keep_ours,pal,M,"same gloss, different word: ours عِلْبِة, theirs صَندوق",,,,2,Y,1705,عِلْبِة,3ilbe,box / can / package,noun,2,صَندوق,Sandooq,box/cash register,noun,Business,,,,My cashier صَندوقي | Your f. cashier صَندوقِك | Your m. cashier صَندوقَك | Your pl. cashier صَندوقكُم | His cashier صَندوقُه | Her cashier صَندوقها | Their cashier صَندوقهُم | Our cashier صَندوقنا
different_word,both_valid,pal,M,"same gloss, different word: ours كَمْبْيُوتَر, theirs كومبيوتر",,,,2,Y,1719,كَمْبْيُوتَر,kambyuutar,computer,noun,2,كومبيوتر,koombeeootr,computer,noun,Business,,,,My computer كومبيوتري | Your f. computer كومبيوترِك | Your m. computer كومبيوترَك | Your pl. computer كومبيوتركُم | His computer كومبيوترُه | Her computer كومبيوترها | Their computer كومبيوترهُم | Our computer كومبيوترنا
different_word,keep_ours,pal,M,"same gloss, different word: ours دُشّ, theirs تَحَمَّم",,,Y,2,Y,2390,دُشّ,dushsh,shower,noun,2,تَحَمَّم,taHammam,To take a bath / shower,verb,Daily Routine,,,,Active participle مِتْحَمِّم | Masdar تَحَمُم
harakaat_variant,keep_ours,msa,H,"harakaat: letter 1 (إ): ours i, theirs u (إِذِن / أُذن)",,,,1,Y,852,إِذِن,idin,ear,noun,2,أُذن,oodhn,Ear,noun,Body,,,,My ear أُذني | Your f. ear أُذنِك | Your m. ear أُذنَك | Your pl. ear أُذنكُم | His ear أُذنُه | Her ear أُذنها | Their ear أُذنهُم | Our ear أُذننا
different_word,both_valid,pal,M,"same gloss, different word: ours بِدُون, theirs بِلا",,,,1,Y,499,بِدُون,biduun,without,preposition,2,بِلا,bila,Without (with no),functional,Prepositions,,,,Without (with no) me بِلاي | Without (with no) you f. بِلاِك | Without (with no) you m. بِلاَك | Without (with no) you pl. بِلاكُم | Without (with no) him بِلاُه | Without (with no) her بِلاها | Without (with no) them بِلاهُم | Without (with no) us بِلانا
harakaat_variant,both_valid,pal,M,"harakaat: letter 2 (ش): ours shadda+a, theirs i (نَشَّف / نَشِف)",,,,3,,628,نَشَّف,nashshaf,dried,verb,2,نَشِف,nashif,To become dried up,verb,Food,,,,Active participle ناشِف | Passive participle مَنْشُوف | Masdar نَشِف
harakaat_variant,both_valid,pal,H,"harakaat: letter 3 (ش): ours shadda+a, theirs a (الشَّهِر الجَّاي / الشَهِر الجاي)",,,,3,,2856,الشَّهِر الجَّاي,ish-shahir ij-jaay,next month,adverb,2,الشَهِر الجاي,ish-shahir,Next month,noun,Time,,,,
harakaat_variant,keep_ours,lev_other,M,"harakaat: letter 1 (ك): ours i, theirs a (كِلْمِة / كَلمة)",,,,3,,3225,كِلْمِة,kilme,word,noun,2,كَلمة,kalma,word,noun,Language,,,,My word كَلمَتي | Your f. word كَلمَتِك | Your m. word كَلمَتَك | Your pl. word كَلمَتكُم | His word كَلمَتُه | Her word كَلمَتها | Their word كَلمَتهُم | Our word كَلمَتنا
meaning_mismatch,keep_ours,pal,M,"gloss differs: ""just now / a moment ago"" / ""since a while""",,,,3,,149,مِن شْوَيّ,min shwayy,just now / a moment ago,adverb,2,مِن شوَي,min,since a while,functional,Time,,,,
meaning_mismatch,keep_ours,pal,H,"gloss differs: ""same / self"" / ""Appetite""; harakaat: letter 2 (ف): ours sukun, theirs i (نَفْس / نَفِس)",,,,3,,321,نَفْس,nafs,same / self,noun,2,نَفِس,nafis,Appetite,noun,Food,,,,My appetite نَفِسي | Your f. appetite نَفِسِك | Your m. appetite نَفِسَك | Your pl. appetite نَفِسكُم | His appetite نَفِسُه | Her appetite نَفِسها | Their appetite نَفِسهُم | Our appetite نَفِسنا
meaning_mismatch,same_sense,pal,H,"gloss differs: ""preferred"" / ""To prefer""",,,,3,,578,فَضَّل,faDDal,preferred,verb,2,فَضَّل,faDDal,To prefer,verb,Emotions,,,,Active participle مْفَضِّل | Passive participle مْفَضَّل | Masdar تَفْضِيل
meaning_mismatch,same_sense,pal,H,"gloss differs: ""got to know / met"" / ""To get to know""; harakaat: letter 1 (ت): ours sukun, theirs a (تْعَرَّف / تَعَرَّف)",,,,3,,596,تْعَرَّف,t3arraf,got to know / met,verb,2,تَعَرَّف,ta3arraf,To get to know,verb,Relationships,,,,Active participle مِتْعَرِّف | Masdar تَعَرُف
meaning_mismatch,keep_ours,pal,H,"gloss differs: ""studied"" / ""Class""",,,Y,3,,665,دَرَس,daras,studied,verb,2,دَرس,dars,Class,noun,School,,,,My class دَرسي | Your f. class دَرسِك | Your m. class دَرسَك | Your pl. class دَرسكُم | His class دَرسُه | Her class دَرسها | Their class دَرسهُم | Our class دَرسنا
meaning_mismatch,same_sense,pal,H,"gloss differs: ""studied"" / ""To study""",,,,3,,665,دَرَس,daras,studied,verb,2,دَرَس,daras,To study,verb,School,,,,Active participle دارِس | Passive participle مَدْرُوس | Masdar دَرْس
meaning_mismatch,keep_ours,lev_other,H,"gloss differs: ""returned (something) / gave back"" / ""To return""; harakaat: letter 2 (ج): ours shadda+a, theirs i (رَجَّع / رَجِع)",,,,3,,675,رَجَّع,rajja3,returned (something) / gave back,verb,2,رَجِع,raji3,To return,verb,Travel,,,,Active participle راجِع | Passive participle مَرْجُوع | Masdar رَجِع
meaning_mismatch,same_sense,pal,H,"gloss differs: ""met (someone)"" / ""To meet / interview""",,,,3,,732,قَابَل,'aabal,met (someone),verb,2,قابَل,qabal,To meet / interview,verb,Work,,,,Active participle مْقابِل | Passive participle مْقابَل | Masdar مُقابَلة
meaning_mismatch,same_sense,pal,H,"gloss differs: ""Eid al-Fitr"" / ""Eid ul-Fitri""",,,,3,,775,عِيد الفِطِر,3iid il-fiTir,Eid al-Fitr,noun,2,عيد الفِطر,3eed,Eid ul-Fitri,noun,Religion,,,,
meaning_mismatch,same_sense,pal,H,"gloss differs: ""Eid al-Adha"" / ""Eid ul-Adha""",,,,3,,776,عِيد الأَضْحَى,3iid il-'aD7a,Eid al-Adha,noun,2,عيد الأَضحى,3eed,Eid ul-Adha,noun,Religion,,,,
meaning_mismatch,same_sense,pal,M,"gloss differs: ""upset / angry (m.)"" / ""Sad...مِن""",,,,3,,918,زَعْلَان,za3laan,upset / angry (m.),adjective,2,زَعلان,za3lan,Sad...مِن,adjective,Moods,زَعلانة (za3lana),زَعلانِين (za3lanin),,
meaning_mismatch,same_sense,pal,H,"gloss differs: ""happy / joyful (m.)"" / ""Glad""",,,,3,,923,فَرْحَان,far7aan,happy / joyful (m.),adjective,2,فَرحان,farHan,Glad,adjective,Moods,فَرحانة (farHana),فَرحانِين (farHanin),,
meaning_mismatch,same_sense,pal,M,"gloss differs: ""clever / hardworking"" / ""Studious""",,,,3,,939,شَاطِر,shaaTir,clever / hardworking,adjective,2,شاطِر,shaTir,Studious,adjective,People,شاطِرة (shaTira),,أَشْطَر (ashTar),
meaning_mismatch,same_sense,pal,H,"gloss differs: ""hot-tempered / nervous"" / ""Short Tempered""",,,,3,,946,عَصَبِي,3aSabi,hot-tempered / nervous,adjective,2,عَصبي,3aSbee,Short Tempered,adjective,Character,عَصبية (3aSbeea),,,
meaning_mismatch,same_sense,pal,M,"gloss differs: ""wide / spacious"" / ""Loose""",,,,3,,1492,وَاسِع,waasi3,wide / spacious,adjective,2,واسِع,wasi3,Loose,adjective,Things,واسِعة (wasi3a),,,
meaning_mismatch,same_sense,pal,H,"gloss differs: ""necessary / essential"" / ""Need to""",,,,3,,1519,ضَرُورِي,Daruuri,necessary / essential,adjective,2,ضَرُوري,Darooree,Need to,functional,Modals,,,,
meaning_mismatch,keep_ours,pal,H,"gloss differs: ""change (money returned)"" / ""Remainder""",,,,3,,1691,بَاقِي,baa'i,change (money returned),noun,2,باقي,baqee,Remainder,noun,Money,,,,My remainder باقيي | Your f. remainder باقيِك | Your m. remainder باقيَك | Your pl. remainder باقيكُم | His remainder باقيُه | Her remainder باقيها | Their remainder باقيهُم | Our remainder باقينا
meaning_mismatch,keep_ours,pal,H,"matched without the article ال; gloss differs: ""change (money returned)"" / ""remainder, the rest, extra""",,,,3,,1691,بَاقِي,baa'i,change (money returned),noun,2,الباقي,il-baqee,"remainder, the rest, extra",noun,Business,,,,"My remainder, the rest, extra الباقيي | Your f. remainder, the rest, extra الباقيِك | Your m. remainder, the rest, extra الباقيَك | Your pl. remainder, the rest, extra الباقيكُم | His remainder, the rest, extra الباقيُه | Her remainder, the rest, extra الباقيها | Their remainder, the rest, extra الباقيهُم | Our remainder, the rest, extra الباقينا"
meaning_mismatch,keep_ours,pal,H,"gloss differs: ""piece / one (counting unit)"" / ""Tablet; pill""",,,,3,,1704,حَبَّة,7abbe,piece / one (counting unit),noun,2,حَبّة,Habba,Tablet; pill,noun,Health,,,,My tablet; pill حَبَّتي | Your f. tablet; pill حَبَّتِك | Your m. tablet; pill حَبَّتَك | Your pl. tablet; pill حَبَّتكُم | His tablet; pill حَبَّتُه | Her tablet; pill حَبَّتها | Their tablet; pill حَبَّتهُم | Our tablet; pill حَبَّتنا
meaning_mismatch,same_sense,pal,H,"gloss differs: ""way / method"" / ""manner""",,,,3,,2244,طَرِيقَة,Tarii'a,way / method,noun,2,طَريقة,Tareeqa,manner,noun,Language,,طُرق (Toorq),,My method طَريقَتي | Your f. method طَريقَتِك | Your m. method طَريقَتَك | Your pl. method طَريقَتكُم | His method طَريقَتُه | Her method طَريقَتها | Their method طَريقَتهُم | Our method طَريقَتنا
meaning_mismatch,keep_ours,lev_other,H,"gloss differs: ""downloaded / brought down"" / ""To go down""; harakaat: letter 2 (ز): ours shadda+a, theirs i (نَزَّل / نَزِل)",,,,3,,2411,نَزَّل,nazzal,downloaded / brought down,verb,2,نَزِل,nazil,To go down,verb,Travel,,,,Active participle نازِل | Passive participle مَنْزُول | Masdar نَزِل
meaning_mismatch,same_sense,pal,H,"gloss differs: ""downloaded / brought down"" / ""To put down / drop off / download""",,,,3,,2411,نَزَّل,nazzal,downloaded / brought down,verb,2,نَزَّل,nazzal,To put down / drop off / download,verb,Travel,,,,Active participle مْنَزِّل | Passive participle مْنَزَّل | Masdar تَنْزِيل
meaning_mismatch,same_sense,pal,H,"gloss differs: ""ripened / cooked through"" / ""To become ripe / well cooked""",,,,3,,2735,اِسْتَوَى,istawa,ripened / cooked through,verb,2,اسْتَوى,astawa,To become ripe / well cooked,verb,Food,,,,Active participleمِسْتَوِي | Passive participleمُسْتَوى | Masdarاسْتِواء | هوَّاسْتَوى | هيَّاسْتَوَت | هُمَّاسْتَوُوا | إنتَاسْتَوْيت | إنتياسْتَوْيتِ | إنتواسْتَوْيتُوا | أنااسْتَوْيت | نِحنااسْتَوْينا | هوَّيسْتَوِي | هيَّتِسْتَوِي | هُمَّيِسْتَوُوا | إنتَتِسْتَوِي | إنتيتِسْتَوِي | إنتوتِسْتَوُوا | أناأَسْتَوِي | نِحنانِسْتَوِي | هوَّبِسْتَوِي | هيَّبْتِسْتَوِي | هُمَّبِسْتَوُوا | إنتَبْتِسْتَوِي | إنتيبْتِسْتَوِي | إنتوبْتِسْتَوُوا | أنابَسْتَوِي | نِحنامْنِسْتَوِي
meaning_mismatch,same_sense,pal,H,"gloss differs: ""smelled"" / ""To smell""",,,,3,,2736,شَمّ,shamm,smelled,verb,2,شَمّ,shamm,To smell,verb,Food,,,,Active participleشامِم | Passive participleمَشْمُوم | Masdarشُمّ | هوَّشَمّ | هيَّشَمَّتْ | هُمَّشَمُّوا | إنتَشَمَّيْت | إنتيشَمَّيْتِ | إنتوشَمَّيْتُوا | أناشَمَّيْت | نِحناشَمَّيْنا | هوَّيشِمّ | هيَّتْشِمّ | هُمَّيشِمُّوا | إنتَتْشِمّ | إنتيتْشِمِّي | إنتوتْشِمُّوا | أناأَشِمّ | نِحنانْشِمّ | هوَّبِشِمّ | هيَّبِتْشِمّ | هُمَّبِشِمُّوا | إنتَبِتْشِمّ | إنتيبِتْشِمِّي | إنتوبِتْشِمُّوا | أنابَشِمّ | نِحنامِنْشِمّ
meaning_mismatch,same_sense,pal,H,"gloss differs: ""washed (dishes)"" / ""To wash (dishes e.t.c.)""",,,,3,,2737,جَلَى,jala,washed (dishes),verb,2,جَلى,jala,To wash (dishes e.t.c.),verb,Food | Daily Routine,,,,Active participleجالِي | Passive participleمَجْلِي | Masdarجَلِي | هوَّجَلى | هيَّجَلَت | هُمَّجَلُوا | إنتَجَلَيْت | إنتيجَلَيْتِ | إنتوجَلَيْتُوا | أناجَلَيْت | نِحناجَلَيْنا | هوَّيِجْلِي | هيَّتِجْلِي | هُمَّيِجْلُوا | إنتَتِجْلِي | إنتيتِجْلِي | إنتوتِجْلُوا | أناأَجْلِي | نِحنانِجْلِي | هوَّبِجْلِي | هيَّبْتِجْلِي | هُمَّبِجْلُوا | إنتَبْتِجْلِي | إنتيبْتِجْلِي | إنتوبْتِجْلُوا | أنابَجْلِي | نِحنامْنِجْلِي
meaning_mismatch,same_sense,pal,H,"gloss differs: ""burned"" / ""To burn""",,,,3,,2758,حَرَق,7ara',burned,verb,2,حَرَق,Haraq,To burn,verb,Food,,,,Active participle حارِق | Passive participle مَحْرُوق | Masdar حَرِق
meaning_mismatch,same_sense,pal,H,"gloss differs: ""got angry"" / ""To become angry""",,,,3,,3086,عَصَّب,3aSSab,got angry,verb,2,عَصَّب,3aSSab,To become angry,verb,Emotions,,,,Active participle مْعَصِّب | Passive participle مْعَصَّب | Masdar تَعْصِيب
meaning_mismatch,keep_ours,pal,H,"spelling folded (alif/hamza seat, taa marbuta or final ى/ا/ي); gloss differs: ""except"" / ""To / for / of / by""",,,,3,,3154,إِلَّا,illa,except,particle,2,إِلى,ila,To / for / of / by,functional,Prepositions,,,,
meaning_mismatch,same_sense,pal,H,"gloss differs: ""woke up"" / ""To wake up""",,,,3,,3168,فَاق,faa',woke up,verb,2,فاق,faq,To wake up,verb,Daily Routine,,,,Active participle فايِق | Passive participle مَفْيُوق | Masdar فَيْق
meaning_mismatch,same_sense,pal,H,"gloss differs: ""kissed"" / ""To kiss""",,,,3,,3177,بَاس,baas,kissed,verb,2,باس,bas,To kiss,verb,Relationships,,,,Active participle بايِس | Passive participle مَبُوس | Masdar بَوْس
meaning_mismatch,same_sense,pal,H,"gloss differs: ""lived"" / ""To live""",,,,3,,3180,عَاش,3aash,lived,verb,2,عاش,3ash,To live,verb,Life,,,,Active participle عايِش | Passive participle مَعْيُوش | Masdar عَيْش
meaning_mismatch,same_sense,pal,H,"gloss differs: ""died"" / ""To die""",,,,3,,3181,مات,maat,died,verb,2,مات,mat,To die,verb,Life,,,,Active participle مايِت | Passive participle مَمُوت | Masdar مَوْت
different_word,keep_ours,lev_other,M,"same gloss, different word: ours أَرْبَعْطَعْش, theirs أربَعتَعِش",,,,3,,97,أَرْبَعْطَعْش,arba3Ta3sh,fourteen (14),noun,2,أربَعتَعِش,arba3ta3ish,Fourteen,noun,Numbers,,,,My fourteen أربَعتَعِشي | Your f. fourteen أربَعتَعِشِك | Your m. fourteen أربَعتَعِشَك | Your pl. fourteen أربَعتَعِشكُم | His fourteen أربَعتَعِشُه | Her fourteen أربَعتَعِشها | Their fourteen أربَعتَعِشهُم | Our fourteen أربَعتَعِشنا
different_word,keep_ours,lev_other,M,"same gloss, different word: ours سَبَعْطَعْش, theirs سَبَعتَعِش",,,,3,,100,سَبَعْطَعْش,saba3Ta3sh,seventeen (17),noun,2,سَبَعتَعِش,saba3ta3ish,Seventeen,noun,Numbers,,,,My seventeen سَبَعتَعِشي | Your f. seventeen سَبَعتَعِشِك | Your m. seventeen سَبَعتَعِشَك | Your pl. seventeen سَبَعتَعِشكُم | His seventeen سَبَعتَعِشُه | Her seventeen سَبَعتَعِشها | Their seventeen سَبَعتَعِشهُم | Our seventeen سَبَعتَعِشنا
different_word,keep_ours,lev_other,M,"same gloss, different word: ours تْمَانْطَعْش, theirs تَمانتَعِش",,,,3,,101,تْمَانْطَعْش,tmanTa3sh,eighteen (18),noun,2,تَمانتَعِش,tamanta3ish,Eighteen,noun,Numbers,,,,My eighteen تَمانتَعِشي | Your f. eighteen تَمانتَعِشِك | Your m. eighteen تَمانتَعِشَك | Your pl. eighteen تَمانتَعِشكُم | His eighteen تَمانتَعِشُه | Her eighteen تَمانتَعِشها | Their eighteen تَمانتَعِشهُم | Our eighteen تَمانتَعِشنا
different_word,keep_ours,msa,M,"same gloss, different word: ours عَصِر, theirs بَعد الظُهر",,,,3,,138,عَصِر,3aSir,afternoon,noun,2,بَعد الظُهر,ba3d,Afternoon,noun,Time,,,,
different_word,keep_ours,msa,M,"same gloss, different word: ours الأُسْبُوع اِللِّي فَات, theirs الاُسْبُوع الماضِي",,,,3,,153,الأُسْبُوع اِللِّي فَات,il-'usbuu3 illi faat,last week,adverb,2,الاُسْبُوع الماضِي,il-oosboo3,Last week,noun,Time,,,,
different_word,both_valid,pal,M,"same gloss, different word: ours شِتَا, theirs فَصل الشِتا",,,,3,,177,شِتَا,shita,winter,noun,2,فَصل الشِتا,faSl,winter,noun,Months,,,,
different_word,keep_ours,lev_other,L,"same gloss, different word: ours عَ الْوَقْت, theirs عَلى وَقت",,,,3,,190,عَ الْوَقْت,3al-wa't,on time,adverb,2,عَلى وَقت,3ala,On time,functional,Time,,,,
different_word,keep_ours,msa,H,"same gloss, different word: ours عَلَى طُول, theirs فَوراً",,,,3,,229,عَلَى طُول,3ala Tuul,right away / immediately,adverb,2,فَوراً,fawran,Immediately,functional,Time,,,,
different_word,keep_ours,msa,H,"same gloss, different word: ours يَا زَلَمِة, theirs رَجُل",,,,3,,382,يَا زَلَمِة,ya zalame,dude / man,formula,2,رَجُل,rajool,Man,noun,People,,رِجَاْل (rijal),,My man رَجُلي | Your f. man رَجُلِك | Your m. man رَجُلَك | Your pl. man رَجُلكُم | His man رَجُلُه | Her man رَجُلها | Their man رَجُلهُم | Our man رَجُلنا
different_word,keep_ours,pal,M,"same gloss, different word: ours سَمَح, theirs مَسموح",,,Y,3,,608,سَمَح,sama7,allowed / permitted,verb,2,مَسموح,masmooH,Permitted / allowed,adjective,Things,مَسموحة (masmooHa),,,
different_word,both_valid,pal,M,"same gloss, different word: ours عَ شُو, theirs لِشو",,,,3,,760,عَ شُو,3a shu,about what / for what,frame,2,لِشو,lishoo,For what?,functional,Question Words,,,,
different_word,both_valid,pal,M,"same gloss, different word: ours زَعْلَان, theirs معَصِّب",,,,3,,918,زَعْلَان,za3laan,upset / angry (m.),adjective,2,معَصِّب,m3aSSib,Angry,adjective,Moods,معَصِّبة (m3aSSiba),معَصِّبِين (m3aSSibin),,
different_word,keep_ours,pal,H,"same gloss, different word: ours مِرْتَاح, theirs مُرِيح",,,,3,,934,مِرْتَاح,mirtaa7,comfortable / relaxed (m.),adjective,2,مُرِيح,mooriH,Comfortable (thing),adjective,Things,مُرِيحة (mooriHa),,,
different_word,keep_ours,lev_other,M,"same gloss, different word: ours طَيِّب, theirs زَاكي",,,,3,,1081,طَيِّب,Tayyib,delicious / tasty,adjective,2,زَاكي,zakee,Tasty,adjective,Food,زَاكية (zakeea),,,
different_word,keep_ours,msa,H,"same gloss, different word: ours كَهْرَبَا, theirs كَهرِباء",,,,3,,1120,كَهْرَبَا,kahraba,electricity,noun,2,كَهرِباء,kahriba2,electricity,noun,The Home,,,,My electricity كَهرِبائي | Your f. electricity كَهرِبائِك | Your m. electricity كَهرِبائَك | Your pl. electricity كَهرِبائكُم | His electricity كَهرِبائُه | Her electricity كَهرِبائها | Their electricity كَهرِبائهُم | Our electricity كَهرِبائنا
different_word,keep_ours,msa,H,"same gloss, different word: ours عِمَارَة, theirs مَبنى",,,,3,,1217,عِمَارَة,3imaara,building / apartment building,noun,2,مَبنى,mabna,building,noun,The Home,,مبانئ (mban2),,My building مَبنىي | Your f. building مَبنىِك | Your m. building مَبنىَك | Your pl. building مَبنىكُم | His building مَبنىُه | Her building مَبنىها | Their building مَبنىهُم | Our building مَبنىنا
different_word,keep_ours,msa,H,"same gloss, different word: ours قَهْوِة, theirs مَقهى",,,,3,,1257,قَهْوِة,'ahwe,café / coffee shop,noun,2,مَقهى,maqha,"Cafe, coffee shop",noun,City | Shopping,,مقهاة (mqhaa),,"My cafe, coffee shop مَقهىي | Your f. cafe, coffee shop مَقهىِك | Your m. cafe, coffee shop مَقهىَك | Your pl. cafe, coffee shop مَقهىكُم | His cafe, coffee shop مَقهىُه | Her cafe, coffee shop مَقهىها | Their cafe, coffee shop مَقهىهُم | Our cafe, coffee shop مَقهىنا"
different_word,keep_ours,msa,H,"same gloss, different word: ours زَحْمِة, theirs مُرور",,,,3,,1300,زَحْمِة,za7me,traffic / crowding,noun,2,مُرور,mooroor,Traffic,noun,City,,,,My traffic مُروري | Your f. traffic مُرورِك | Your m. traffic مُرورَك | Your pl. traffic مُروركُم | His traffic مُرورُه | Her traffic مُرورها | Their traffic مُرورهُم | Our traffic مُرورنا
different_word,keep_ours,msa,H,"same gloss, different word: ours زَاوْيِة, theirs ناصية",,,,3,,1315,زَاوْيِة,zaawye,corner,noun,2,ناصية,naSeea,Corner (at an intersection),noun,City,,نواص (nooaS),,My corner (at an intersection) ناصيَتي | Your f. corner (at an intersection) ناصيَتِك | Your m. corner (at an intersection) ناصيَتَك | Your pl. corner (at an intersection) ناصيَتكُم | His corner (at an intersection) ناصيَتُه | Her corner (at an intersection) ناصيَتها | Their corner (at an intersection) ناصيَتهُم | Our corner (at an intersection) ناصيَتنا
different_word,both_valid,pal,M,"same gloss, different word: ours زَاوْيِة, theirs رَكن",,,,3,,1315,زَاوْيِة,zaawye,corner,noun,2,رَكن,rakn,Corner (of a room),noun,The Home,,أركان (arkan),,My corner (of a room) رَكني | Your f. corner (of a room) رَكنِك | Your m. corner (of a room) رَكنَك | Your pl. corner (of a room) رَكنكُم | His corner (of a room) رَكنُه | Her corner (of a room) رَكنها | Their corner (of a room) رَكنهُم | Our corner (of a room) رَكننا
different_word,both_valid,pal,M,"same gloss, different word: ours وَرْدِة, theirs وَرد",,,,3,,1362,وَرْدِة,warde,flower / rose,noun,2,وَرد,ward,Flower,noun,Nature,,ورود (wrood),,My flower وَردي | Your f. flower وَردِك | Your m. flower وَردَك | Your pl. flower وَردكُم | His flower وَردُه | Her flower وَردها | Their flower وَردهُم | Our flower وَردنا
different_word,keep_ours,pal,H,"same gloss, different word: ours اِحْتِلَال, theirs مِهنة",,,,3,,1458,اِحْتِلَال,i7tilaal,occupation,noun,2,مِهنة,mihna,occupation,noun,Business,,,,My occupation مِهنَتي | Your f. occupation مِهنَتِك | Your m. occupation مِهنَتَك | Your pl. occupation مِهنَتكُم | His occupation مِهنَتُه | Her occupation مِهنَتها | Their occupation مِهنَتهُم | Our occupation مِهنَتنا
different_word,keep_ours,lev_other,M,"same gloss, different word: ours حَامِي, theirs شَوب",,,,3,,1486,حَامِي,7aami,hot (to touch / weather),adjective,2,شَوب,shawb,Hot,adjective,Things,شَوبة (shawba),,,
different_word,keep_ours,msa,H,"same gloss, different word: ours حَامِي, theirs ساخِن",,,,3,,1486,حَامِي,7aami,hot (to touch / weather),adjective,2,ساخِن,sakhin,Hot (Objects),adjective,Things,ساخِنة (sakhina),,,
different_word,keep_ours,lev_other,M,"same gloss, different word: ours حَامِي, theirs شَوبان",,,,3,,1486,حَامِي,7aami,hot (to touch / weather),adjective,2,شَوبان,shawban,Hot (feeling),adjective,Moods,شَوبانة (shawbana),شَوبانِين (shawbanin),,
different_word,keep_ours,pal,H,"same gloss, different word: ours غَلَط, theirs غَلطان",,,,3,,1515,غَلَط,ghalaT,wrong / incorrect,adjective,2,غَلطان,ghalTan,Wrong (person),adjective,People,غَلطانة (ghalTana),,,
different_word,keep_ours,msa,M,"same gloss, different word: ours زَيّ بَعْض, theirs مُتساوي",,,,3,,1545,زَيّ بَعْض,zayy ba3D,the same / equal,adjective,2,مُتساوي,mootsaooee,Equal,noun,Politics,,,,
different_word,keep_ours,msa,H,"same gloss, different word: ours سَوَّاق, theirs سائق",,,,3,,1566,سَوَّاق,sawwaa',driver,noun,2,سائق,sa2q,Driver,noun,Work,,,,My driver سائقي | Your f. driver سائقِك | Your m. driver سائقَك | Your pl. driver سائقكُم | His driver سائقُه | Her driver سائقها | Their driver سائقهُم | Our driver سائقنا
different_word,keep_ours,pal,H,"same gloss, different word: ours حَرَام, theirs مَمنوع",,,,3,,1621,حَرَام,7araam,forbidden / haram / sinful,adjective,2,مَمنوع,mamnoo3,Forbidden,adjective,Things,مَمنوعة (mamnoo3a),,,
different_word,keep_ours,pal,H,"same gloss, different word: ours حَفْلِة, theirs حِزب",,,,3,,1644,حَفْلِة,7afle,party / celebration,noun,2,حِزب,Hizb,party,noun,Government,,,,My party حِزبي | Your f. party حِزبِك | Your m. party حِزبَك | Your pl. party حِزبكُم | His party حِزبُه | Her party حِزبها | Their party حِزبهُم | Our party حِزبنا
different_word,keep_ours,lev_other,M,"same gloss, different word: ours بَاقِي, theirs كَمالة",,,,3,,1691,بَاقِي,baa'i,change (money returned),noun,2,كَمالة,kamala,The change,noun,Shopping,,,,My the change كَمالَتي | Your f. the change كَمالَتِك | Your m. the change كَمالَتَك | Your pl. the change كَمالَتكُم | His the change كَمالَتُه | Her the change كَمالَتها | Their the change كَمالَتهُم | Our the change كَمالَتنا
different_word,keep_ours,lev_other,M,"same gloss, different word: ours رَصِيد, theirs تَشريجة",,,,3,,1757,رَصِيد,raSiid,phone credit / balance,noun,2,تَشريجة,tashreeja,phone credit,noun,Business,,,,My phone credit تَشريجَتي | Your f. phone credit تَشريجَتِك | Your m. phone credit تَشريجَتَك | Your pl. phone credit تَشريجَتكُم | His phone credit تَشريجَتُه | Her phone credit تَشريجَتها | Their phone credit تَشريجَتهُم | Our phone credit تَشريجَتنا
different_word,both_valid,pal,M,"same gloss, different word: ours مِن غَيْر, theirs بِلا",,,,3,,1767,مِن غَيْر,min gheer,without...,frame,2,بِلا,bila,Without (with no),functional,Prepositions,,,,Without (with no) me بِلاي | Without (with no) you f. بِلاِك | Without (with no) you m. بِلاَك | Without (with no) you pl. بِلاكُم | Without (with no) him بِلاُه | Without (with no) her بِلاها | Without (with no) them بِلاهُم | Without (with no) us بِلانا
different_word,keep_ours,msa,H,"same gloss, different word: ours مَوْضُوع, theirs فاعِل",,,,3,,2193,مَوْضُوع,mawDuu3,topic / subject / matter,noun,2,فاعِل,fa3il,subject (sent.),noun,Language,,,,My subject (sent.) فاعِلي | Your f. subject (sent.) فاعِلِك | Your m. subject (sent.) فاعِلَك | Your pl. subject (sent.) فاعِلكُم | His subject (sent.) فاعِلُه | Her subject (sent.) فاعِلها | Their subject (sent.) فاعِلهُم | Our subject (sent.) فاعِلنا
different_word,keep_ours,pal,M,"same gloss, different word: ours حَالَة, theirs قَضية",,,,3,,2245,حَالَة,7aale,situation / condition / case,noun,2,قَضية,qaDeea,case,noun,Government,,,,My case قَضيَتي | Your f. case قَضيَتِك | Your m. case قَضيَتَك | Your pl. case قَضيَتكُم | His case قَضيَتُه | Her case قَضيَتها | Their case قَضيَتهُم | Our case قَضيَتنا
different_word,both_valid,pal,M,"same gloss, different word: ours حَالَة, theirs وَضع",,,,3,,2245,حَالَة,7aale,situation / condition / case,noun,2,وَضع,waD3,situation,noun,Government,,,,My situation وَضعي | Your f. situation وَضعِك | Your m. situation وَضعَك | Your pl. situation وَضعكُم | His situation وَضعُه | Her situation وَضعها | Their situation وَضعهُم | Our situation وَضعنا
different_word,both_valid,pal,M,"same gloss, different word: ours يَمَّا, theirs ماما",,,,3,,2442,يَمَّا,yamma,mom / oh dear (endearment),interjection,2,ماما,mama,Mom,noun,Family,,,,My mum ماماي | Your f. mum ماماِك | Your m. mum ماماَك | Your pl. mum ماماكُم | His mum ماماُه | Her mum ماماها | Their mum ماماهُم | Our mum مامانا
different_word,keep_ours,msa,H,"same gloss, different word: ours عالِي, theirs مِرتَفَع",,,,3,,2903,عالِي,3aali,loud / high,adjective,2,مِرتَفَع,mirtafa3,"High, elevated",adjective,Places,,,,
spelling_variant,,,,matched without the article ال,,,,3,,118,أَوَّل,awwal,first,adjective,2,ألأَوَّل,alawwal,First,noun,Numbers,أُولى (oola),,,My first ألأَوَّلي | Your f. first ألأَوَّلِك | Your m. first ألأَوَّلَك | Your pl. first ألأَوَّلكُم | His first ألأَوَّلُه | Her first ألأَوَّلها | Their first ألأَوَّلهُم | Our first ألأَوَّلنا
spelling_variant,,,,matched without the article ال,,,,3,,121,رَابِع,raabi3,fourth,adjective,2,الرّابِع,ir-rrabi3,Fourth,noun,Numbers,,,,My fourth الرّابِعي | Your f. fourth الرّابِعِك | Your m. fourth الرّابِعَك | Your pl. fourth الرّابِعكُم | His fourth الرّابِعُه | Her fourth الرّابِعها | Their fourth الرّابِعهُم | Our fourth الرّابِعنا
spelling_variant,,,,matched without the article ال,,,,3,,122,خَامِس,khaamis,fifth,adjective,2,الْخامِس,il-khamis,Fifth,noun,Numbers,,,,My fifth الْخامِسي | Your f. fifth الْخامِسِك | Your m. fifth الْخامِسَك | Your pl. fifth الْخامِسكُم | His fifth الْخامِسُه | Her fifth الْخامِسها | Their fifth الْخامِسهُم | Our fifth الْخامِسنا
spelling_variant,,,,matched without the article ال,,,,3,,126,تاسِع,taasi3,ninth,adjective,2,التّاسِع,it-ttasi3,Ninth,noun,Numbers,,,,My ninth التّاسِعي | Your f. ninth التّاسِعِك | Your m. ninth التّاسِعَك | Your pl. ninth التّاسِعكُم | His ninth التّاسِعُه | Her ninth التّاسِعها | Their ninth التّاسِعهُم | Our ninth التّاسِعنا
spelling_variant,,,,"spelling folded (alif/hamza seat, taa marbuta or final ى/ا/ي)",,,,3,,152,الأُسْبُوع الجَاي,il-'usbuu3 il-jaay,next week,adverb,2,الاُسْبُوع الجاي,il-oosboo3,Next week,noun,Time,,,,
spelling_variant,,,,matched without the article ال,,,,3,,372,المَفْرُوض,il-mafruuD,supposedly / should be,adverb,2,مَفرُوض,mafrooD,Should / supposed to,functional,Modals,,,,
spelling_variant,,,,matched without the article ال,,,,3,,1336,الجَوّ,il-jaww,the weather,noun,2,جَو,jaw,Weather,noun,Weather,,,,My weather جَوي | Your f. weather جَوِك | Your m. weather جَوَك | Your pl. weather جَوكُم | His weather جَوُه | Her weather جَوها | Their weather جَوهُم | Our weather جَونا
harakaat_variant,both_valid,pal,M,"harakaat: letter 3 (س): ours shadda+a, theirs a (السَّنِة الجَايِة / السَنة الجاية)",,,,2,,155,السَّنِة الجَايِة,is-sane ij-jaaye,next year,adverb,2,السَنة الجاية,is-sana,Next year,noun,Time,,,,
harakaat_variant,keep_ours,unsure,H,"harakaat: letter 1 (ع): ours i, theirs a (عِيد المِيلَاد / عَيد الميلاد)",,,,2,,773,عِيد المِيلَاد,3iid il-miilaad,Christmas / birthday,noun,2,عَيد الميلاد,3ayd,Christmas,noun,Social,,,,
harakaat_variant,keep_ours,lev_other,L,"harakaat: letter 1 (ك): ours a, theirs u; letter 3 (د): ours a, theirs u (كَنْدَرَة / كُندُرة)",,,,2,,1147,كَنْدَرَة,kandara,shoe,noun,2,كُندُرة,koondoora,High-heeled shoe,noun,Clothes,,,,My high-heeled shoe كُندُرَتي | Your f. high-heeled shoe كُندُرَتِك | Your m. high-heeled shoe كُندُرَتَك | Your pl. high-heeled shoe كُندُرَتكُم | His high-heeled shoe كُندُرَتُه | Her high-heeled shoe كُندُرَتها | Their high-heeled shoe كُندُرَتهُم | Our high-heeled shoe كُندُرَتنا
harakaat_variant,keep_ours,lev_other,M,"harakaat: letter 4 (ل): ours i, theirs a (تْوَالِيت / توالَيت)",,,,2,,1191,تْوَالِيت,twaaleet,toilet,noun,2,توالَيت,tooalayt,Toilet,noun,The Home,,تواليتات (tooaleetat),,My toilet توالَيتي | Your f. toilet توالَيتِك | Your m. toilet توالَيتَك | Your pl. toilet توالَيتكُم | His toilet توالَيتُه | Her toilet توالَيتها | Their toilet توالَيتهُم | Our toilet توالَيتنا
harakaat_variant,both_valid,pal,H,"harakaat: letter 3 (ض): ours shadda+i, theirs i (الضِّفِّة الغَرْبِيِّة / الضِفّة الغَربيّة)",,,,2,,1451,الضِّفِّة الغَرْبِيِّة,iD-Diffe il-gharbiyye,the West Bank,noun,2,الضِفّة الغَربيّة,iD-Diffa,The West Bank (Palestine),noun,Countries,,,,
harakaat_variant,both_valid,pal,H,"harakaat: letter 9 (ص): ours shadda+u, theirs u (اليُوم الصُّبِح / اليُوم الصُبِح)",,,,2,,2852,اليُوم الصُّبِح,il-yoom iS-Subi7,this morning,adverb,2,اليُوم الصُبِح,il-yoom,This morning,noun,Time,,,,
harakaat_variant,both_valid,pal,H,"harakaat: letter 13 (ظ): ours shadda+u, theirs u (اليُوم بَعْد الظُّهُر / اليُوم بَعد الظُهر)",,,,2,,2853,اليُوم بَعْد الظُّهُر,il-yoom ba3d iD-Duhr,this afternoon,adverb,2,اليُوم بَعد الظُهر,il-yoom,This afternoon,noun,Time,,,,
harakaat_variant,both_valid,pal,H,"harakaat: letter 3 (ش): ours shadda+a, theirs a (الشَّهِر المَاضِي / الشَهِر الماضي)",,,,2,,2855,الشَّهِر المَاضِي,ish-shahir il-maaDi,last month,noun,2,الشَهِر الماضي,ish-shahir,Last month,noun,Time,,,,
harakaat_variant,keep_ours,lev_other,M,"harakaat: letter 3 (ن): ours a, theirs i (سِينَمَا / سينِما)",,,,2,,2890,سِينَمَا,siinama,cinema,noun,2,سينِما,seenima,Cinema,noun,City,,سينمات (seenmat),,My cinema سينِماي | Your f. cinema سينِماِك | Your m. cinema سينِماَك | Your pl. cinema سينِماكُم | His cinema سينِماُه | Her cinema سينِماها | Their cinema سينِماهُم | Our cinema سينِمانا
harakaat_variant,both_valid,pal,M,"harakaat: letter 1 (ل): ours i, theirs u (لِبْنان / لُبنان)",,,,2,,2986,لِبْنان,libnaan,lebanon,noun,2,لُبنان,loobnan,Lebanon,noun,Countries,,,,
harakaat_variant,keep_ours,msa,M,"harakaat: letter 1 (ت): ours sukun, theirs a (تْضايَق / تَضايَق)",,,,2,,3085,تْضايَق,tDaaya',was annoyed,verb,2,تَضايَق,taDayaq,To be annoyed,verb,Emotions,,,,Active participle مِتْضَايِق | Masdar تَضايُق
harakaat_variant,keep_ours,msa,H,"harakaat: letter 1 (ر): ours i, theirs a (رِضِي / رَضِي)",,,,2,,3087,رِضِي,riDi,was pleased / satisfied,verb,2,رَضِي,raDi,To be pleased / satisfied,verb,Emotions,,,,Active participle راضِي | Passive participle مَرْضِي
meaning_mismatch,keep_ours,unsure,M,"gloss differs: ""third (fraction)"" / ""Three + noun""",,,,2,,117,تُلْت,tult,third (fraction),noun,2,ثلث,thlth,Three + noun,noun,Numbers,,,,My three + noun ثلثي | Your f. three + noun ثلثِك | Your m. three + noun ثلثَك | Your pl. three + noun ثلثكُم | His three + noun ثلثُه | Her three + noun ثلثها | Their three + noun ثلثهُم | Our three + noun ثلثنا
meaning_mismatch,same_sense,pal,M,"gloss differs: ""a long time ago"" / ""since long ago""",,,,2,,206,مِن زَمَان,min zamaan,a long time ago,adverb,2,مِن زَمان,min,since long ago,functional,Time,,,,
meaning_mismatch,keep_ours,pal,H,"gloss differs: ""had breakfast"" / ""Mushroom""",,,Y,2,,626,فِطِر,fiTir,had breakfast,verb,2,فِطر,fiTr,Mushroom,noun,Food,,,,My mushroom فِطري | Your f. mushroom فِطرِك | Your m. mushroom فِطرَك | Your pl. mushroom فِطركُم | His mushroom فِطرُه | Her mushroom فِطرها | Their mushroom فِطرهُم | Our mushroom فِطرنا
meaning_mismatch,same_sense,pal,H,"gloss differs: ""smart / intelligent"" / ""Clever""",,,,2,,940,ذَكِي,zaki,smart / intelligent,adjective,2,ذَكي,dhakee,Clever,adjective,People,ذَكية (dhakeea),,أَذْكى (adhka),
meaning_mismatch,same_sense,pal,H,"gloss differs: ""refrigerator"" / ""Fridge""",,,,2,,1077,ثَلَّاجِة,tallaaje,refrigerator,noun,2,ثلاجة,thlaja,Fridge,noun,Kitchen,,,,My fridge ثلاجَتي | Your f. fridge ثلاجَتِك | Your m. fridge ثلاجَتَك | Your pl. fridge ثلاجَتكُم | His fridge ثلاجَتُه | Her fridge ثلاجَتها | Their fridge ثلاجَتهُم | Our fridge ثلاجَتنا
meaning_mismatch,same_sense,pal,H,"gloss differs: ""employee / civil servant"" / ""Office worker""",,,,2,,1572,مْوَظَّف,mwaTHTHaf,employee / civil servant,noun,2,موَظَّف,mwaZZaf,Office worker,noun,Work,,,,My office worker موَظَّفي | Your f. office worker موَظَّفِك | Your m. office worker موَظَّفَك | Your pl. office worker موَظَّفكُم | His office worker موَظَّفُه | Her office worker موَظَّفها | Their office worker موَظَّفهُم | Our office worker موَظَّفنا
meaning_mismatch,keep_ours,pal,H,"gloss differs: ""job / position"" / ""Homework""",,,,2,,1656,وَظِيفَة,waTHiife,job / position,noun,2,وَظيفة,waZeefa,Homework,noun,School,,,,My homework وَظيفَتي | Your f. homework وَظيفَتِك | Your m. homework وَظيفَتَك | Your pl. homework وَظيفَتكُم | His homework وَظيفَتُه | Her homework وَظيفَتها | Their homework وَظيفَتهُم | Our homework وَظيفَتنا
meaning_mismatch,keep_ours,pal,H,"gloss differs: ""searched / looked for"" / ""role""",,,Y,2,,2313,دَوَّر,dawwar,searched / looked for,verb,2,دور,door,role,noun,Art,,,,My role دوري | Your f. role دورِك | Your m. role دورَك | Your pl. role دوركُم | His role دورُه | Her role دورها | Their role دورهُم | Our role دورنا
meaning_mismatch,same_sense,pal,H,"gloss differs: ""threw away / spilled"" / ""To throw away / spill""",,,,2,,2738,كَبّ,kabb,threw away / spilled,verb,2,كَبّ,kabb,To throw away / spill,verb,Food,,,,Active participleكابِب | Passive participleمَكْبُوب | Masdarكَبّ | هوَّكَبّ | هيَّكَبَّتْ | هُمَّكَبُّوا | إنتَكَبَّيْت | إنتيكَبَّيْتِ | إنتوكَبَّيْتُوا | أناكَبَّيْت | نِحناكَبَّيْنا | هوَّيكُبّ | هيَّتْكُبّ | هُمَّيكُبُّوا | إنتَتْكُبّ | إنتيتْكُبِّي | إنتوتْكُبُّوا | أناأَكُبّ | نِحنانْكُبّ | هوَّبِكُبّ | هيَّبِتْكُبّ | هُمَّبِكُبُّوا | إنتَبِتْكُبّ | إنتيبِتْكُبِّي | إنتوبِتْكُبُّوا | أنابَكُبّ | نِحنامِنْكُبّ
meaning_mismatch,same_sense,pal,H,"gloss differs: ""boiled"" / ""To boil""",,,,2,,2759,غَلَى,ghala,boiled,verb,2,غَلى,ghala,To boil,verb,Food,,,,Active participle غالِي | Passive participle مَغْلِي | Masdar غَلِي
meaning_mismatch,same_sense,pal,H,"gloss differs: ""got used to"" / ""To get used to / accustomed to""; harakaat: letter 1 (ت): ours sukun, theirs a (تْعَوَّد / تَعَوَّد)",,,,2,,3091,تْعَوَّد,t3awwad,got used to,verb,2,تَعَوَّد,ta3awwad,To get used to / accustomed to,verb,Emotions,,,,Active participle مِتْعَوِّد | Masdar تَعَوُد
meaning_mismatch,same_sense,pal,H,"gloss differs: ""greeted"" / ""To greet""",,,,2,,3174,سَلَّم,sallam,greeted,verb,2,سَلَّم,sallam,To greet,verb,Social,,,,Active participle مْسَلِّم | Passive participle مْسَلَّم | Masdar تَسْلِيم
meaning_mismatch,same_sense,pal,H,"gloss differs: ""married"" / ""To marry""; harakaat: letter 1 (ت): ours sukun, theirs a (تْزَوَّج / تَزَوَّج)",,,,2,,3178,تْزَوَّج,tzawwaj,married,verb,2,تَزَوَّج,tazawwaj,To marry,verb,Relationships,,,,Active participle مِتْزَوِّج | Masdar تَزَوُج
different_word,both_valid,pal,M,"same gloss, different word: ours تْلَتْطَعْش, theirs تلاتَعِش",,,,2,,96,تْلَتْطَعْش,tlatTa3sh,thirteen (13),noun,2,تلاتَعِش,tlata3ish,Thirteen,noun,Numbers,,,,My thirteen تلاتَعِشي | Your f. thirteen تلاتَعِشِك | Your m. thirteen تلاتَعِشَك | Your pl. thirteen تلاتَعِشكُم | His thirteen تلاتَعِشُه | Her thirteen تلاتَعِشها | Their thirteen تلاتَعِشهُم | Our thirteen تلاتَعِشنا
different_word,keep_ours,lev_other,M,"same gloss, different word: ours تِسَعْطَعْش, theirs تِسَعتَعِش",,,,2,,102,تِسَعْطَعْش,tisa3Ta3sh,nineteen (19),noun,2,تِسَعتَعِش,tisa3ta3ish,Nineteen,noun,Numbers,,,,My nineteen تِسَعتَعِشي | Your f. nineteen تِسَعتَعِشِك | Your m. nineteen تِسَعتَعِشَك | Your pl. nineteen تِسَعتَعِشكُم | His nineteen تِسَعتَعِشُه | Her nineteen تِسَعتَعِشها | Their nineteen تِسَعتَعِشهُم | Our nineteen تِسَعتَعِشنا
different_word,keep_ours,msa,H,"same gloss, different word: ours مِيتَيْن, theirs مئتين",,,,2,,112,مِيتَيْن,miteen,two hundred (200),noun,2,مئتين,m2teen,Two hundred,noun,Numbers,,,,My two hundred مئتيني | Your f. two hundred مئتينِك | Your m. two hundred مئتينَك | Your pl. two hundred مئتينكُم | His two hundred مئتينُه | Her two hundred مئتينها | Their two hundred مئتينهُم | Our two hundred مئتيننا
different_word,keep_ours,msa,M,"same gloss, different word: ours السَّنِة اللِّي فَاتَت, theirs السَنة الماضِية",,,,2,,156,السَّنِة اللِّي فَاتَت,is-sane illi faatat,last year,adverb,2,السَنة الماضِية,is-sana,Last year,noun,Time,,,,
different_word,keep_ours,unsure,M,"same gloss, different word: ours كَانُون ثَانِي, theirs كانون التاتي",,,,2,,164,كَانُون ثَانِي,kaanuun thaani,January,noun,2,كانون التاتي,kanoon,January,noun,Months,,,,
different_word,keep_ours,unsure,M,"same gloss, different word: ours كَانُون ثَانِي, theirs كانون",,,,2,,164,كَانُون ثَانِي,kaanuun thaani,January,noun,2,كانون,kanoon,January,,Months,,,,
different_word,both_valid,pal,H,"same gloss, different word: ours مِن زَمَان, theirs زَمان",,,,2,,206,مِن زَمَان,min zamaan,a long time ago,adverb,2,زَمان,zaman,A long time ago,functional,Time,,,,
different_word,keep_ours,msa,H,"same gloss, different word: ours بِالآخِر, theirs أَخِيراً",,,,2,,334,بِالآخِر,bil-'aakhir,in the end / finally,adverb,2,أَخِيراً,akhiran,Finally,functional,Time,,,,
different_word,keep_ours,lev_other,H,"same gloss, different word: ours عَشَان هَيْك, theirs مِنشان هيك",,,,2,,335,عَشَان هَيْك,3ashaan heek,that's why / therefore,conjunction,2,مِنشان هيك,minshan,Therefore,functional,Conjunctions,,,,
different_word,keep_ours,pal,H,"same gloss, different word: ours ضَرَب, theirs غَلَب",,,,2,,690,ضَرَب,Darab,hit / beat,verb,2,غَلَب,ghalab,To beat / win against,verb,Sport,,,,Active participle غالِب | Passive participle مَغْلُوب | Masdar غَلِب
different_word,keep_ours,pal,M,"same gloss, different word: ours عِيد المِيلَاد, theirs عَيد ميلاد",,,,2,,773,عِيد المِيلَاد,3iid il-miilaad,Christmas / birthday,noun,2,عَيد ميلاد,3ayd,Birthday,noun,Social,,,,
different_word,keep_ours,msa,H,"same gloss, different word: ours خَشِم, theirs أُنف",,,,2,,854,خَشِم,khashim,nose (colloquial),noun,2,أُنف,oonf,Nose (more fusHa),noun,Body,,,,My nose (more fusha) أُنفي | Your f. nose (more fusha) أُنفِك | Your m. nose (more fusha) أُنفَك | Your pl. nose (more fusha) أُنفكُم | His nose (more fusha) أُنفُه | Her nose (more fusha) أُنفها | Their nose (more fusha) أُنفهُم | Our nose (more fusha) أُنفنا
different_word,keep_ours,msa,H,"same gloss, different word: ours ظَرِيف, theirs مُضحِك",,,,2,,969,ظَرِيف,THariif,funny / witty / charming,adjective,2,مُضحِك,mooDHik,Funny,adjective,Character,مُضحِكة (mooDHika),,,
different_word,keep_ours,msa,H,"same gloss, different word: ours صَالُون, theirs غُرفة جَلوس",,,,2,,1095,صَالُون,Saaloon,living room / salon,noun,2,غُرفة جَلوس,ghoorfa,living room,noun,The Home,,,,
different_word,both_valid,pal,H,"same gloss, different word: ours كَنَبَايِة, theirs كَنَبة",,,,2,,1112,كَنَبَايِة,kanabaaye,couch / sofa,noun,2,كَنَبة,kanaba,sofa,noun,The Home,,كنبات (knbat),,My sofa كَنَبَتي | Your f. sofa كَنَبَتِك | Your m. sofa كَنَبَتَك | Your pl. sofa كَنَبَتكُم | His sofa كَنَبَتُه | Her sofa كَنَبَتها | Their sofa كَنَبَتهُم | Our sofa كَنَبَتنا
different_word,keep_ours,lev_other,M,"same gloss, different word: ours سُخُن, theirs شَوب",,,,2,,1200,سُخُن,sukhun,hot (food/drink),adjective,2,شَوب,shawb,Hot,adjective,Things,شَوبة (shawba),,,
different_word,keep_ours,msa,H,"same gloss, different word: ours سُخُن, theirs ساخِن",,,,2,,1200,سُخُن,sukhun,hot (food/drink),adjective,2,ساخِن,sakhin,Hot (Objects),adjective,Things,ساخِنة (sakhina),,,
different_word,keep_ours,pal,H,"same gloss, different word: ours سُخُن, theirs شَوبان",,,,2,,1200,سُخُن,sukhun,hot (food/drink),adjective,2,شَوبان,shawban,Hot (feeling),adjective,Moods,شَوبانة (shawbana),شَوبانِين (shawbanin),,
different_word,keep_ours,lev_other,M,"same gloss, different word: ours حَيْط, theirs حَيطة",,,,2,,1212,حَيْط,7eeT,wall (interior),noun,2,حَيطة,HayTa,wall (of a room),noun,The Home,,حيطان (HeeTan),,My wall (of a room) حَيطَتي | Your f. wall (of a room) حَيطَتِك | Your m. wall (of a room) حَيطَتَك | Your pl. wall (of a room) حَيطَتكُم | His wall (of a room) حَيطَتُه | Her wall (of a room) حَيطَتها | Their wall (of a room) حَيطَتهُم | Our wall (of a room) حَيطَتنا
different_word,keep_ours,msa,H,"same gloss, different word: ours نَضِيف, theirs نظيف",,,,2,,1228,نَضِيف,naDiif,clean,adjective,2,نظيف,nZeef,clean,adjective,Things,نظيفة (nZeefa),,,
different_word,both_valid,pal,M,"same gloss, different word: ours أُسْتَاذ, theirs أُستاز",,,,2,,1563,أُسْتَاذ,ustaaz,teacher / professor / Mr.,noun,2,أُستاز,oostaz,Professor,noun,Work | Study,,,,My professor أُستازي | Your f. professor أُستازِك | Your m. professor أُستازَك | Your pl. professor أُستازكُم | His professor أُستازُه | Her professor أُستازها | Their professor أُستازهُم | Our professor أُستازنا
different_word,keep_ours,msa,M,"same gloss, different word: ours وَظِيفَة, theirs مَنصِب",,,,2,,1656,وَظِيفَة,waTHiife,job / position,noun,2,مَنصِب,manSib,Position (work or role),noun,Economics,,,,My position (work or role) مَنصِبي | Your f. position (work or role) مَنصِبِك | Your m. position (work or role) مَنصِبَك | Your pl. position (work or role) مَنصِبكُم | His position (work or role) مَنصِبُه | Her position (work or role) مَنصِبها | Their position (work or role) مَنصِبهُم | Our position (work or role) مَنصِبنا
different_word,keep_ours,msa,H,"same gloss, different word: ours مَعْلِيش مَا فِي..., theirs مِتحَسِر",,,,2,,1768,مَعْلِيش مَا فِي...,ma3leesh ma fii,"Sorry, we don't have...",frame,2,مِتحَسِر,mitHasir,Regretful/Sorry,adjective,Emotions,مِتحَسِرة (mitHasira),,,
different_word,both_valid,pal,M,"same gloss, different word: ours دُنْيا, theirs عالَم",,,,2,,3098,دُنْيا,dunya,world,noun,2,عالَم,3alam,"people, world",noun,Government,,,,"My people, world عالَمي | Your f. people, world عالَمِك | Your m. people, world عالَمَك | Your pl. people, world عالَمكُم | His people, world عالَمُه | Her people, world عالَمها | Their people, world عالَمهُم | Our people, world عالَمنا"
spelling_variant,,,,matched without the article ال,,,,2,,120,تَالِت,taalit,third,adjective,2,الثّالِث,ith-ththalith,Third,noun,Numbers,,,,My third الثّالِثي | Your f. third الثّالِثِك | Your m. third الثّالِثَك | Your pl. third الثّالِثكُم | His third الثّالِثُه | Her third الثّالِثها | Their third الثّالِثهُم | Our third الثّالِثنا
spelling_variant,,,,matched without the article ال,,,,2,,125,ثَامِن,thaamin,eighth,adjective,2,الثّامِن,ith-ththamin,Eighth,noun,Numbers,,,,My eighth الثّامِني | Your f. eighth الثّامِنِك | Your m. eighth الثّامِنَك | Your pl. eighth الثّامِنكُم | His eighth الثّامِنُه | Her eighth الثّامِنها | Their eighth الثّامِنهُم | Our eighth الثّامِننا
different_word,keep_ours,msa,M,"same gloss, different word: ours ثْلَاثْمِيِّة, theirs تلات مئة",,,,1,,482,ثْلَاثْمِيِّة,tlaatmiyye,three hundred (300),noun,2,تلات مئة,tlat,Three hundred,noun,Numbers,,,,
different_word,keep_ours,pal,H,"same gloss, different word: ours رَشْح, theirs بَردان",,,,1,,893,رَشْح,rash7,cold (illness),noun,2,بَردان,bardan,Cold (as in I feel cold),adjective,Moods,بَردانة (bardana),بَردانِين (bardanin),,
harakaat_variant,keep_ours,msa,M,"harakaat: letter 1 (ت): ours sukun, theirs a (تْحَمَّس / تَحَمَّس)",,,,3,Y,583,تْحَمَّس,t7ammas,got excited,verb,3,تَحَمَّس,taHammas,To be excited,verb,Emotions,,,,Active participle مِتْحَمِّس | Masdar تَحَمُس
harakaat_variant,both_valid,pal,M,"harakaat: letter 1 (ج): ours a, theirs i (جَدَّة / جِدّة)",,,,3,Y,808,جَدَّة,jadde,grandmother (formal),noun,3,جِدّة,jidda,Grandmother (northern Levantine),noun,Family,,,,My grandmother (northern levantine) جِدَّتي | Your f. grandmother (northern levantine) جِدَّتِك | Your m. grandmother (northern levantine) جِدَّتَك | Your pl. grandmother (northern levantine) جِدَّتكُم | His grandmother (northern levantine) جِدَّتُه | Her grandmother (northern levantine) جِدَّتها | Their grandmother (northern levantine) جِدَّتهُم | Our grandmother (northern levantine) جِدَّتنا
harakaat_variant,keep_ours,lev_other,M,"harakaat: letter 1 (ص): ours a, theirs i (صَدِر / صِدر)",,,,3,Y,863,صَدِر,Sadir,chest,noun,3,صِدر,Sidr,Chest,noun,Body,,صدور (Sdoor),,My chest صِدري | Your f. chest صِدرِك | Your m. chest صِدرَك | Your pl. chest صِدركُم | His chest صِدرُه | Her chest صِدرها | Their chest صِدرهُم | Our chest صِدرنا
harakaat_variant,keep_ours,lev_other,M,"harakaat: letter 1 (ف): ours i, theirs a (فِضِّي / فَضّي)",,,,3,Y,1172,فِضِّي,fiDDi,silver,adjective,3,فَضّي,faDDee,Silver,adjective,Colours,فَضّية (faDDeea),,,
harakaat_variant,keep_ours,msa,H,"harakaat: letter 1 (ك): ours sukun, theirs a (كْنِيسَة / كَنيسة)",,,,3,Y,1266,كْنِيسَة,kniise,church,noun,3,كَنيسة,kaneesa,Church,noun,City,,كنايس (knaees),,My church كَنيسَتي | Your f. church كَنيسَتِك | Your m. church كَنيسَتَك | Your pl. church كَنيسَتكُم | His church كَنيسَتُه | Her church كَنيسَتها | Their church كَنيسَتهُم | Our church كَنيسَتنا
harakaat_variant,keep_ours,lev_other,M,"harakaat: letter 3 (ك): ours a, theirs i (مَرْكَز شُرْطَة / مَركِز شُرطة)",,,,3,Y,1282,مَرْكَز شُرْطَة,markaz shurTa,police station,noun,3,مَركِز شُرطة,markiz,Police station,noun,City,,,,
harakaat_variant,keep_ours,unsure,M,"harakaat: letter 2 (ي): ours shadda+i, theirs i (ضَيِّق / ضَيِق)",,,,3,Y,1466,ضَيِّق,Dayyi',narrow / tight,adjective,3,ضَيِق,Dayiq,Narrow / Tight,adjective,Places,ضَيِقة (Dayiqa),,,
harakaat_variant,keep_ours,unsure,H,"harakaat: letter 4 (د): ours i, theirs a (مُهَنْدِس / مُهَندَس)",,,,3,Y,1560,مُهَنْدِس,muhandis,engineer,noun,3,مُهَندَس,moohandas,Engineer,noun,Work,,,,My engineer مُهَندَسي | Your f. engineer مُهَندَسِك | Your m. engineer مُهَندَسَك | Your pl. engineer مُهَندَسكُم | His engineer مُهَندَسُه | Her engineer مُهَندَسها | Their engineer مُهَندَسهُم | Our engineer مُهَندَسنا
meaning_mismatch,keep_ours,pal,H,"spelling folded (alif/hamza seat, taa marbuta or final ى/ا/ي); gloss differs: ""called out to someone"" / ""Gym""",,,Y,3,Y,557,نَادَى,naada,called out to someone,verb,3,نادي,nadee,Gym,noun,City | Sport,,,,My gym ناديي | Your f. gym ناديِك | Your m. gym ناديَك | Your pl. gym ناديكُم | His gym ناديُه | Her gym ناديها | Their gym ناديهُم | Our gym نادينا
meaning_mismatch,keep_ours,pal,H,"spelling folded (alif/hamza seat, taa marbuta or final ى/ا/ي); gloss differs: ""called out to someone"" / ""Club""",,,Y,3,Y,557,نَادَى,naada,called out to someone,verb,3,نادي,nadee,Club,noun,City,,,,My gym ناديي | Your f. gym ناديِك | Your m. gym ناديَك | Your pl. gym ناديكُم | His gym ناديُه | Her gym ناديها | Their gym ناديهُم | Our gym نادينا
meaning_mismatch,same_sense,pal,H,"gloss differs: ""doubted"" / ""To doubt""",,,,3,Y,569,شَكّ,shakk,doubted,verb,3,شَكّ,shakk,To doubt,verb,Emotions,,,,Active participle شاكِك | Passive participle مَشْكُوك | Masdar شَكّ
meaning_mismatch,same_sense,pal,H,"gloss differs: ""taught"" / ""To teach""",,,,3,Y,573,عَلَّم,3allam,taught,verb,3,عَلَّم,3allam,To teach,verb,School,,,,Active participle مْعَلِّم | Passive participle مْعَلَّم | Masdar تَعْلِيم
meaning_mismatch,same_sense,lev_other,M,"gloss differs: ""hated / disliked"" / ""To hate""; harakaat: letter 1 (ك): ours i, theirs a (كِرِه / كَرِه)",,,,3,Y,579,كِرِه,kirih,hated / disliked,verb,3,كَرِه,karih,To hate,verb,Emotions,,,,Active participle كارِه | Passive participle مَكْرُوه | Masdar كَرُوه
meaning_mismatch,keep_ours,pal,H,"spelling folded (alif/hamza seat, taa marbuta or final ى/ا/ي); gloss differs: ""hated / disliked"" / ""Ball""; harakaat: letter 1 (ك): ours i, theirs u (كِرِه / كُرة)",,,Y,3,Y,579,كِرِه,kirih,hated / disliked,verb,3,كُرة,koora,Ball,noun,Sport,,,,My ball كُرَتي | Your f. ball كُرَتِك | Your m. ball كُرَتَك | Your pl. ball كُرَتكُم | His ball كُرَتُه | Her ball كُرَتها | Their ball كُرَتهُم | Our ball كُرَتنا
meaning_mismatch,same_sense,pal,H,"gloss differs: ""said goodbye to"" / ""To say goodbye to""",,,,3,Y,595,وَدَّع,wadda3,said goodbye to,verb,3,وَدَّع,wadda3,To say goodbye to,verb,Social,,,,Active participle مْوَدِّع | Passive participle مْوَدَّع | Masdar تَوْدِيع
meaning_mismatch,keep_ours,pal,H,"gloss differs: ""taught (at school)"" / ""Class""",,,Y,3,Y,664,دَرَّس,darras,taught (at school),verb,3,دَرس,dars,Class,noun,School,,,,My class دَرسي | Your f. class دَرسِك | Your m. class دَرسَك | Your pl. class دَرسكُم | His class دَرسُه | Her class دَرسها | Their class دَرسهُم | Our class دَرسنا
meaning_mismatch,same_sense,pal,H,"gloss differs: ""left (behind) / abandoned"" / ""To leave""",,,,3,Y,692,تَرَك,tarak,left (behind) / abandoned,verb,3,تَرَك,tarak,To leave,verb,Travel,,,,Active participle تارِك | Passive participle مَتْرُوك | Masdar تَرْك
meaning_mismatch,same_sense,pal,H,"gloss differs: ""won"" / ""To win""",,,,3,Y,699,فَاز,faaz,won,verb,3,فاز,faz,To win,verb,Sport,,,,Active participle فايِز | Passive participle مَفُوز | Masdar فَوْز
meaning_mismatch,same_sense,pal,M,"gloss differs: ""went out / exited"" / ""To exit""",,,,3,Y,739,خَرَج,kharaj,went out / exited,verb,3,خَرَج,kharaj,To exit,verb,Travel,,,,Active participle خارِج | Passive participle مَخْرُوج | Masdar خَرْج
meaning_mismatch,keep_ours,pal,M,"gloss differs: ""skin"" / ""Leather""; harakaat: letter 2 (ل): ours i, theirs sukun (جِلِد / جِلْد)",,,,3,Y,872,جِلِد,jilid,skin,noun,3,جِلْد,jild,Leather,noun,Clothes,,,,My leather جِلْدي | Your f. leather جِلْدِك | Your m. leather جِلْدَك | Your pl. leather جِلْدكُم | His leather جِلْدُه | Her leather جِلْدها | Their leather جِلْدهُم | Our leather جِلْدنا
meaning_mismatch,same_sense,pal,M,"gloss differs: ""trustworthy / honest"" / ""Faithful""",,,,3,Y,959,أَمِين,amiin,trustworthy / honest,adjective,3,أمين,ameen,Faithful,adjective,Character,أمينة (ameena),,,
meaning_mismatch,same_sense,pal,H,"gloss differs: ""garden / yard"" / ""Park""",,,,3,Y,1210,حَدِيقَة,7adii'a,garden / yard,noun,3,حَديقة,Hadeeqa,Park,noun,City,,,,My park حَديقَتي | Your f. park حَديقَتِك | Your m. park حَديقَتَك | Your pl. park حَديقَتكُم | His park حَديقَتُه | Her park حَديقَتها | Their park حَديقَتهُم | Our park حَديقَتنا
meaning_mismatch,keep_ours,pal,H,"gloss differs: ""semester / term"" / ""To fire / disconnect""; harakaat: letter 2 (ص): ours i, theirs a (فَصِل / فَصَل)",,,Y,3,Y,1601,فَصِل,faSil,semester / term,noun,3,فَصَل,faSal,To fire / disconnect,verb,Work,,,,Active participle فاصِل | Passive participle مَفْصُول | Masdar فَصِل
meaning_mismatch,keep_ours,pal,H,"gloss differs: ""semester / term"" / ""Season (time of year)""",,,,3,Y,1601,فَصِل,faSil,semester / term,noun,3,فَصل,faSl,Season (time of year),noun,Nature,,فصول (fSool),,My season (time of year) فَصلي | Your f. season (time of year) فَصلِك | Your m. season (time of year) فَصلَك | Your pl. season (time of year) فَصلكُم | His season (time of year) فَصلُه | Her season (time of year) فَصلها | Their season (time of year) فَصلهُم | Our season (time of year) فَصلنا
meaning_mismatch,keep_ours,pal,H,"gloss differs: ""semester / term"" / ""spring""",,,,3,Y,1601,فَصِل,faSil,semester / term,noun,3,فَصل,faSl,spring,,Months,,,,
meaning_mismatch,keep_ours,pal,H,"gloss differs: ""semester / term"" / ""summer""",,,,3,Y,1601,فَصِل,faSil,semester / term,noun,3,فَصل,faSl,summer,,Months,,,,
meaning_mismatch,keep_ours,pal,H,"gloss differs: ""semester / term"" / ""fall""",,,,3,Y,1601,فَصِل,faSil,semester / term,noun,3,فَصل,faSl,fall,,Months,,,,
meaning_mismatch,keep_ours,pal,H,"gloss differs: ""semester / term"" / ""winter""",,,,3,Y,1601,فَصِل,faSil,semester / term,noun,3,فَصل,faSl,winter,,Months,,,,
meaning_mismatch,same_sense,pal,H,"gloss differs: ""undressed / took off (clothes)"" / ""To take off (clothes)""",,,,3,Y,2347,شَلَح,shala7,undressed / took off (clothes),verb,3,شَلَح,shalaH,To take off (clothes),verb,Daily Routine,,,,Active participle شالِح | Passive participle مَشْلُوح | Masdar شَلِح
meaning_mismatch,keep_ours,pal,H,"gloss differs: ""submitted / applied / offered"" / ""foot""",,,Y,3,Y,2569,قَدَّم,'addam,submitted / applied / offered,verb,3,قَدم,qadm,foot,noun,Body,,أقدام (aqdam),,My foot قَدمي | Your f. foot قَدمِك | Your m. foot قَدمَك | Your pl. foot قَدمكُم | His foot قَدمُه | Her foot قَدمها | Their foot قَدمهُم | Our foot قَدمنا
meaning_mismatch,same_sense,pal,H,"gloss differs: ""picked (fruit)"" / ""To harvest / gather / pick""",,,,3,Y,2642,قَطَف,'aTaf,picked (fruit),verb,3,قَطَف,qaTaf,To harvest / gather / pick,verb,Food,,,,Active participleقاطِف | Passive participleمَقْطُوف | Masdarقَطْف | هوَّقَطَف | هيَّقَطَفَتْ | هُمَّقَطَفُوا | إنتَقَطَفْت | إنتيقَطَفْتِ | إنتوقَطَفْتُوا | أناقَطَفْت | نِحناقَطَفْنا | هوَّيُقْطُف | هيَّتُقْطُف | هُمَّيُقْطُفُوا | إنتَتُقْطُف | إنتيتُقْطُفِي | إنتوتُقْطُفُوا | أناأُقْطُف | نِحنانُقْطُف | هوَّبُقْطُف | هيَّبْتُقْطُف | هُمَّبُقْطُفُوا | إنتَبْتُقْطُف | إنتيبْتُقْطُفِي | إنتوبْتُقْطُفُوا | أنابَقْطُف | نِحنامْنُقْطُف
different_word,both_valid,pal,M,"same gloss, different word: ours رَبِيع, theirs فَصل الرَبيع",,,,3,Y,178,رَبِيع,rabii3,spring,noun,3,فَصل الرَبيع,faSl,spring,noun,Months,,,,
different_word,keep_ours,unsure,L,"same gloss, different word: ours جَدَّة, theirs سِيدة",,,,3,Y,808,جَدَّة,jadde,grandmother (formal),noun,3,سِيدة,sida,Grandmother (southern Levantine),noun,Family,,,,My grandmother (southern levantine) سِيدَتي | Your f. grandmother (southern levantine) سِيدَتِك | Your m. grandmother (southern levantine) سِيدَتَك | Your pl. grandmother (southern levantine) سِيدَتكُم | His grandmother (southern levantine) سِيدَتُه | Her grandmother (southern levantine) سِيدَتها | Their grandmother (southern levantine) سِيدَتهُم | Our grandmother (southern levantine) سِيدَتنا
different_word,both_valid,lev_other,L,"same gloss, different word: ours جَدَّة, theirs تيْتة",,,,3,Y,808,جَدَّة,jadde,grandmother (formal),noun,3,تيْتة,teeta,Grandmother (familiar term),noun,Family,,,,My grandmother (familiar term) تيْتَتي | Your f. grandmother (familiar term) تيْتَتِك | Your m. grandmother (familiar term) تيْتَتَك | Your pl. grandmother (familiar term) تيْتَتكُم | His grandmother (familiar term) تيْتَتُه | Her grandmother (familiar term) تيْتَتها | Their grandmother (familiar term) تيْتَتهُم | Our grandmother (familiar term) تيْتَتنا
different_word,keep_ours,lev_other,M,"same gloss, different word: ours تَنُّورَة, theirs جوب",,,,3,Y,1143,تَنُّورَة,tannuura,skirt,noun,3,جوب,joob,skirt,noun,Clothes,,جوبات (joobat),,My skirt جوبي | Your f. skirt جوبِك | Your m. skirt جوبَك | Your pl. skirt جوبكُم | His skirt جوبُه | Her skirt جوبها | Their skirt جوبهُم | Our skirt جوبنا
different_word,keep_ours,msa,M,"same gloss, different word: ours سَيِّئ, theirs سَيء",,,,3,Y,1503,سَيِّئ,sayyi',bad,adjective,3,سَيء,say2,Bad,adjective,Things,سَيئة (say2a),,أَسْوَأ (aswaa),
different_word,keep_ours,pal,H,"same gloss, different word: ours إِجَازَة, theirs رَوَّح",,,Y,3,Y,1664,إِجَازَة,ijaaze,vacation / leave,noun,3,رَوَّح,rawwaH,To depart / leave,verb,Travel,,,,Active participle مْرَوِّح | Passive participle مْرَوَّح | Masdar تَرْوِيح
different_word,both_valid,pal,M,"same gloss, different word: ours صَرَّاف آلِي, theirs آي تي ام",,,,3,Y,1699,صَرَّاف آلِي,Sarraaf aali,ATM,noun,3,آي تي ام,aaee,ATM,noun,City,,,,My atm آي تي امي | Your f. atm آي تي امِك | Your m. atm آي تي امَك | Your pl. atm آي تي امكُم | His atm آي تي امُه | Her atm آي تي امها | Their atm آي تي امهُم | Our atm آي تي امنا
spelling_variant,,,,"spelling folded (alif/hamza seat, taa marbuta or final ى/ا/ي)",,,,3,Y,962,اِجْتِمَاعِي,ijtimaa3i,social / outgoing,adjective,3,إجتِماعي,ijtima3ee,Social,adjective,Character,إجتِماعية (ijtima3eea),,,
harakaat_variant,keep_ours,lev_other,M,"harakaat: letter 6 (ل): ours shadda+i, theirs a (نُصّ اللِّيل / نُص اللَيل)",,,,2,Y,770,نُصّ اللِّيل,nuSS il-leel,midnight,noun,3,نُص اللَيل,nooS,Midnight,noun,Time,,,,
harakaat_variant,keep_ours,lev_other,M,"harakaat: letter 1 (ك): ours a, theirs i (كَذَّاب / كِذّاب)",,,,2,Y,958,كَذَّاب,kazzaab,liar,adjective,3,كِذّاب,kidhdhab,Liar,adjective,People,كِذّابة (kidhdhaba),,,
harakaat_variant,keep_ours,lev_other,M,"harakaat: letter 2 (ك): ours i, theirs a (جَكِيت / جَكَيت)",,,,2,Y,1139,جَكِيت,jakeet,jacket,noun,3,جَكَيت,jakayt,jacket,noun,Clothes,,,,My jacket جَكَيتي | Your f. jacket جَكَيتِك | Your m. jacket جَكَيتَك | Your pl. jacket جَكَيتكُم | His jacket جَكَيتُه | Her jacket جَكَيتها | Their jacket جَكَيتهُم | Our jacket جَكَيتنا
harakaat_variant,keep_ours,msa,H,"harakaat: letter 1 (م): ours sukun, theirs u; letter 3 (س): ours shadda+a, theirs a (مْكَسَّرَات / مُكَسَرات)",,,,2,Y,2362,مْكَسَّرَات,mkassaraat,nuts,noun,3,مُكَسَرات,mookasarat,Nuts,noun,Food,,,,My nuts مُكَسَراتي | Your f. nuts مُكَسَراتِك | Your m. nuts مُكَسَراتَك | Your pl. nuts مُكَسَراتكُم | His nuts مُكَسَراتُه | Her nuts مُكَسَراتها | Their nuts مُكَسَراتهُم | Our nuts مُكَسَراتنا
meaning_mismatch,same_sense,lev_other,M,"gloss differs: ""lost (game/money)"" / ""To lose""; harakaat: letter 1 (خ): ours i, theirs a (خِسِر / خَسِر)",,,,2,Y,700,خِسِر,khisir,lost (game/money),verb,3,خَسِر,khasir,To lose,verb,Sport,,,,Active participle خاسِر | Passive participle مَخْسُور | Masdar خَسِر
meaning_mismatch,same_sense,pal,H,"gloss differs: ""cried"" / ""To cry""",,,,2,Y,715,بَكَى,baka,cried,verb,3,بَكى,baka,To cry,verb,Emotions,,,,Active participle باكِي | Passive participle مَبْكِي | Masdar بَكِي
meaning_mismatch,same_sense,pal,H,"gloss differs: ""tasted"" / ""To taste""",,,,2,Y,733,ذَاق,daa',tasted,verb,3,ذاق,dhaq,To taste,verb,Food,,,,Active participleذايِق | Passive participleمَذُوق | Masdarذَوْق | هوَّذاق | هيَّذاقَتْ | هُمَّذاقُوا | إنتَذُقْت | إنتيذُقْتِ | إنتوذُقْتُوا | أناذُقْت | نِحناذُقْنا | هوَّيذُوق | هيَّتْذُوق | هُمَّيذُوقُوا | إنتَتْذُوق | إنتيتْذُوقِي | إنتوتْذُوقُوا | أناأَذُوق | نِحنانْذُوق | هوَّبِذُوق | هيَّبِتْذُوق | هُمَّبِذُوقُوا | إنتَبِتْذُوق | إنتيبِتْذُوقِي | إنتوبِتْذُوقُوا | أنابَذُوق | نِحنامِنْذُوق
meaning_mismatch,keep_ours,pal,H,"spelling folded (alif/hamza seat, taa marbuta or final ى/ا/ي); gloss differs: ""calm / quiet"" / ""This""",,,,2,Y,945,هَادِي,haadi,calm / quiet,adjective,3,هادا,hada,This,functional,Pronouns,,,,
meaning_mismatch,keep_ours,pal,H,"gloss differs: ""calm / quiet"" / ""This (fem.)""",,,,2,Y,945,هَادِي,haadi,calm / quiet,adjective,3,هادي,hadee,This (fem.),functional,Pronouns,,,,
meaning_mismatch,keep_ours,pal,M,"gloss differs: ""air conditioner"" / ""Overjoyed/Ecstatic""",,,,2,Y,1128,مُكَيِّف,mukayyif,air conditioner,noun,3,مكَيِّف,mkayyif,Overjoyed/Ecstatic,adjective,Emotions,مكَيِّفة (mkayyifa),,,
meaning_mismatch,keep_ours,pal,M,"gloss differs: ""wheel / tire"" / ""Calf""",,,,2,Y,1298,عَجَل,3ajal,wheel / tire,noun,3,عَجل,3ajl,Calf,noun,Animals,,عجول (3jool),,My calf عَجلي | Your f. calf عَجلِك | Your m. calf عَجلَك | Your pl. calf عَجلكُم | His calf عَجلُه | Her calf عَجلها | Their calf عَجلهُم | Our calf عَجلنا
meaning_mismatch,keep_ours,unsure,M,"gloss differs: ""snow"" / ""To be snowy""; harakaat: letter 2 (ل): ours sukun, theirs a (ثَلْج / ثَلَج)",,,Y,2,Y,1345,ثَلْج,talj,snow,noun,3,ثَلَج,thalaj,To be snowy,verb,Weather,,,,Active participle ثالِج | Passive participle مَثْلُوج | Masdar ثَلْج
meaning_mismatch,keep_ours,pal,H,"gloss differs: ""fear"" / ""To frighten / scare""; harakaat: letter 1 (خ): ours u, theirs a (خُوف / خَوَّف)",,,Y,2,Y,2209,خُوف,khoof,fear,noun,3,خَوَّف,khawwaf,To frighten / scare,verb,Emotions,,,,Active participle مْخَوِّف | Passive participle مْخَوَّف | Masdar تَخْوِيف
meaning_mismatch,same_sense,pal,H,"gloss differs: ""focused / concentrated"" / ""To concentrate / focus""",,,,2,Y,2334,رَكَّز,rakkaz,focused / concentrated,verb,3,رَكَّز,rakkaz,To concentrate / focus,verb,School,,,,Active participle مْرَكِّز | Passive participle مْرَكَّز | Masdar تَرْكِيز
meaning_mismatch,keep_ours,pal,H,"gloss differs: ""appeared / showed up"" / ""Noon""; harakaat: letter 1 (ظ): ours a, theirs u (ظَهَر / ظُهر)",,,Y,2,Y,2342,ظَهَر,THahar,appeared / showed up,verb,3,ظُهر,Zoohr,Noon,noun,Time,,ظهور (Zhoor),,My back ظُهري | Your f. back ظُهرِك | Your m. back ظُهرَك | Your pl. back ظُهركُم | His back ظُهرُه | Her back ظُهرها | Their back ظُهرهُم | Our back ظُهرنا
meaning_mismatch,keep_ours,pal,H,"gloss differs: ""appeared / showed up"" / ""Back""; harakaat: letter 1 (ظ): ours a, theirs u (ظَهَر / ظُهر)",,,Y,2,Y,2342,ظَهَر,THahar,appeared / showed up,verb,3,ظُهر,Zoohr,Back,noun,Body,,ظهور (Zhoor),,My back ظُهري | Your f. back ظُهرِك | Your m. back ظُهرَك | Your pl. back ظُهركُم | His back ظُهرُه | Her back ظُهرها | Their back ظُهرهُم | Our back ظُهرنا
meaning_mismatch,keep_ours,pal,H,"gloss differs: ""debt"" / ""Religion""",,,,2,Y,2418,دَيْن,deen,debt,noun,3,دين,deen,Religion,noun,Politics,,,,My religion ديني | Your f. religion دينِك | Your m. religion دينَك | Your pl. religion دينكُم | His religion دينُه | Her religion دينها | Their religion دينهُم | Our religion ديننا
different_word,both_valid,pal,M,"same gloss, different word: ours أَسَانْسِير, theirs أصَنصور",,,,2,Y,1219,أَسَانْسِير,asaanseer,elevator,noun,3,أصَنصور,aSanSoor,elevator,noun,The Home,,اصنصيرات (aSnSeerat),,My elevator أصَنصوري | Your f. elevator أصَنصورِك | Your m. elevator أصَنصورَك | Your pl. elevator أصَنصوركُم | His elevator أصَنصورُه | Her elevator أصَنصورها | Their elevator أصَنصورهُم | Our elevator أصَنصورنا
different_word,both_valid,pal,M,"same gloss, different word: ours مُوتُور, theirs موتوسيكل",,,,2,Y,1291,مُوتُور,mootoor,motorcycle / motor,noun,3,موتوسيكل,mootooseekl,motorcycle,noun,Transport,,,,My motorcycle موتوسيكلي | Your f. motorcycle موتوسيكلِك | Your m. motorcycle موتوسيكلَك | Your pl. motorcycle موتوسيكلكُم | His motorcycle موتوسيكلُه | Her motorcycle موتوسيكلها | Their motorcycle موتوسيكلهُم | Our motorcycle موتوسيكلنا
different_word,keep_ours,pal,M,"same gloss, different word: ours رَكَّز, theirs مرَكِّز",,,Y,2,Y,2334,رَكَّز,rakkaz,focused / concentrated,verb,3,مرَكِّز,mrakkiz,Focused,adjective,Emotions,مرَكِّزة (mrakkiza),,,
spelling_variant,,,,"spelling folded (alif/hamza seat, taa marbuta or final ى/ا/ي)",,,,2,Y,2524,إِيش,eesh,what (variant),pronoun,3,أيش,aeesh,What?,functional,Question Words,,,,
harakaat_variant,keep_ours,msa,H,"harakaat: letter 1 (ذ): ours sukun, theirs i (ذْرَاع / ذِراع)",,,,1,Y,882,ذْرَاع,draa3,arm,noun,3,ذِراع,dhira3,Arm,noun,Body,,اذرع (adhr3),,My arm ذِراعي | Your f. arm ذِراعِك | Your m. arm ذِراعَك | Your pl. arm ذِراعكُم | His arm ذِراعُه | Her arm ذِراعها | Their arm ذِراعهُم | Our arm ذِراعنا
harakaat_variant,keep_ours,lev_other,M,"harakaat: letter 1 (س): ours a, theirs u (سَطِح / سُطح)",,,,3,,1099,سَطِح,saTi7,roof / rooftop,noun,3,سُطح,sooTH,roof,noun,The Home,,سطوح (sTooH),,My roof سُطحي | Your f. roof سُطحِك | Your m. roof سُطحَك | Your pl. roof سُطحكُم | His roof سُطحُه | Her roof سُطحها | Their roof سُطحهُم | Our roof سُطحنا
harakaat_variant,keep_ours,msa,M,"harakaat: letter 3 (ب): ours i, theirs a (طَابِق / طابَق)",,,,3,,1218,طَابِق,Taabi',floor / story (of building),noun,3,طابَق,Tabaq,floor (building level),noun,The Home,,طوابق (Tooabq),,My floor (building level) طابَقي | Your f. floor (building level) طابَقِك | Your m. floor (building level) طابَقَك | Your pl. floor (building level) طابَقكُم | His floor (building level) طابَقُه | Her floor (building level) طابَقها | Their floor (building level) طابَقهُم | Our floor (building level) طابَقنا
harakaat_variant,both_valid,pal,M,"harakaat: letter 1 (خ): ours a, theirs i (خَشِن / خِشِن)",,,,3,,1483,خَشِن,khashin,rough / coarse,adjective,3,خِشِن,khishin,Rough / crude,adjective,Character,خِشِنة (khishina),,,
harakaat_variant,keep_ours,msa,M,"harakaat: letter 1 (ص): ours a, theirs u; letter 2 (ح): ours a, theirs u (صَحَفِي / صُحُفيّ)",,,,3,,1571,صَحَفِي,Sa7afi,journalist,noun,3,صُحُفيّ,SooHoofeeee,Journalist,noun,Work,,,,My journalist صُحُفيّي | Your f. journalist صُحُفيِّك | Your m. journalist صُحُفيَّك | Your pl. journalist صُحُفيّكُم | His journalist صُحُفيُّه | Her journalist صُحُفيّها | Their journalist صُحُفيّهُم | Our journalist صُحُفيّنا
harakaat_variant,keep_ours,unsure,M,"harakaat: letter 7 (س): ours a, theirs i (بِالمُناسَبِة / بِالمناسِبة)",,,,3,,2060,بِالمُناسَبِة,bil-munaasabe,speaking of which / by the way,adverb,3,بِالمناسِبة,bialmnasiba,By the way,functional,Conjunctions,,,,
harakaat_variant,both_valid,pal,M,"harakaat: letter 4 (ن): ours shadda+i, theirs i (بِالنِّهَايَة / بِالنِهاية)",,,,3,,2463,بِالنِّهَايَة,bin-nihaaye,in the end / ultimately,adverb,3,بِالنِهاية,bialnihaeea,Ultimately,functional,Conjunctions,,,,
harakaat_variant,keep_ours,lev_other,M,"harakaat: letter 3 (ب): ours a, theirs u (كُزْبَرَة / كُزبُرة)",,,,3,,2766,كُزْبَرَة,kuzbara,coriander,noun,3,كُزبُرة,koozboora,Coriander,noun,Food,,,,My coriander كُزبُرَتي | Your f. coriander كُزبُرَتِك | Your m. coriander كُزبُرَتَك | Your pl. coriander كُزبُرَتكُم | His coriander كُزبُرَتُه | Her coriander كُزبُرَتها | Their coriander كُزبُرَتهُم | Our coriander كُزبُرَتنا
harakaat_variant,keep_ours,lev_other,M,"harakaat: letter 1 (ح): ours u, theirs a (حُكُومِة / حَكومة)",,,,3,,2784,حُكُومِة,7ukuume,government,noun,3,حَكومة,Hakooma,Government,noun,Politics,,,,My government حَكومَتي | Your f. government حَكومَتِك | Your m. government حَكومَتَك | Your pl. government حَكومَتكُم | His government حَكومَتُه | Her government حَكومَتها | Their government حَكومَتهُم | Our government حَكومَتنا
harakaat_variant,keep_ours,unsure,M,"harakaat: letter 1 (ح): ours u, theirs a (حُدُود / حَدود)",,,,3,,2786,حُدُود,7uduud,border,noun,3,حَدود,Hadood,Border,noun,Politics,,,,My border حَدودي | Your f. border حَدودِك | Your m. border حَدودَك | Your pl. border حَدودكُم | His border حَدودُه | Her border حَدودها | Their border حَدودهُم | Our border حَدودنا
harakaat_variant,keep_ours,unsure,H,"harakaat: letter 1 (د): ours a, theirs u (دَبّابِة / دُبابة)",,,,3,,2805,دَبّابِة,dabbaabe,tank,noun,3,دُبابة,doobaba,Tank,noun,Politics,,,,My tank دُبابَتي | Your f. tank دُبابَتِك | Your m. tank دُبابَتَك | Your pl. tank دُبابَتكُم | His tank دُبابَتُه | Her tank دُبابَتها | Their tank دُبابَتهُم | Our tank دُبابَتنا
harakaat_variant,both_valid,pal,H,"harakaat: letter 3 (س): ours shadda+a, theirs a (السَّعُودِيِّة / السَعوديّة)",,,,3,,2996,السَّعُودِيِّة,is-sa3uudiyye,saudi Arabia,noun,3,السَعوديّة,is-sa3oodeeeea,Saudi Arabia,noun,Countries,,,,
harakaat_variant,keep_ours,unsure,H,"harakaat: letter 5 (ر): ours i, theirs a (المَغْرِب / المَغرَب)",,,,3,,3003,المَغْرِب,il-maghrib,morocco,noun,3,المَغرَب,il-maghrab,Morocco,noun,Countries,,,,
harakaat_variant,keep_ours,unsure,M,"harakaat: letter 2 (ب): ours a, theirs shadda (جَبَان / جَبّان)",,,,3,,3078,جَبَان,jabaan,coward,adjective,3,جَبّان,jabban,Coward,adjective,Character,جَبّانة (jabbana),,,
meaning_mismatch,keep_ours,pal,H,"gloss differs: ""opened / untied / took apart"" / ""Jaw""",,,Y,3,,684,فَكّ,fakk,opened / untied / took apart,verb,3,فَك,fak,Jaw,noun,Body,,,,My jaw فَكي | Your f. jaw فَكِك | Your m. jaw فَكَك | Your pl. jaw فَككُم | His jaw فَكُه | Her jaw فَكها | Their jaw فَكهُم | Our jaw فَكنا
meaning_mismatch,keep_ours,pal,H,"gloss differs: ""postponed"" / ""date (of death)""; harakaat: letter 2 (ج): ours shadda+a, theirs a (أَجَّل / أَجَل)",,,Y,3,,704,أَجَّل,ajjal,postponed,verb,3,أَجَل,ajal,date (of death),noun,Religion,,,,My date (of death) أَجَلي | Your f. date (of death) أَجَلِك | Your m. date (of death) أَجَلَك | Your pl. date (of death) أَجَلكُم | His date (of death) أَجَلُه | Her date (of death) أَجَلها | Their date (of death) أَجَلهُم | Our date (of death) أَجَلنا
meaning_mismatch,same_sense,pal,H,"gloss differs: ""gave up / surrendered"" / ""To surrender""",,,,3,,711,اِسْتَسْلَم,istaslam,gave up / surrendered,verb,3,اسْتَسْلَم,astaslam,To surrender,verb,Politics,,,,Active participle مِسْتَسْلِم | Passive participle مُسْتَسْلَم | Masdar اسْتِسْلام
meaning_mismatch,same_sense,pal,H,"gloss differs: ""apricot"" / ""Apricots""",,,,3,,1044,مِشْمِش,mishmish,apricot,noun,3,مِشمِش,mishmish,Apricots,noun,Food,,,,My apricots مِشمِشي | Your f. apricots مِشمِشِك | Your m. apricots مِشمِشَك | Your pl. apricots مِشمِشكُم | His apricots مِشمِشُه | Her apricots مِشمِشها | Their apricots مِشمِشهُم | Our apricots مِشمِشنا
meaning_mismatch,same_sense,pal,H,"gloss differs: ""pot / cooking pot"" / ""Cooking pan""",,,,3,,1073,طَنْجَرَة,Tanjara,pot / cooking pot,noun,3,طَنجَرة,Tanjara,Cooking pan,noun,Kitchen,,,,My cooking pan طَنجَرَتي | Your f. cooking pan طَنجَرَتِك | Your m. cooking pan طَنجَرَتَك | Your pl. cooking pan طَنجَرَتكُم | His cooking pan طَنجَرَتُه | Her cooking pan طَنجَرَتها | Their cooking pan طَنجَرَتهُم | Our cooking pan طَنجَرَتنا
meaning_mismatch,keep_ours,pal,M,"gloss differs: ""electrical outlet / socket"" / ""electrical plug""; harakaat: letter 1 (ب): ours sukun, theirs a (بْرِيزِة / بَريزة)",,,,3,,1193,بْرِيزِة,briize,electrical outlet / socket,noun,3,بَريزة,bareeza,electrical plug,noun,The Home,,,,My electrical plug بَريزَتي | Your f. electrical plug بَريزَتِك | Your m. electrical plug بَريزَتَك | Your pl. electrical plug بَريزَتكُم | His electrical plug بَريزَتُه | Her electrical plug بَريزَتها | Their electrical plug بَريزَتهُم | Our electrical plug بَريزَتنا
meaning_mismatch,same_sense,pal,H,"gloss differs: ""stadium / playground"" / ""Sports pitch; court""",,,,3,,1269,مَلْعَب,mal3ab,stadium / playground,noun,3,مَلعَب,mal3ab,Sports pitch; court,noun,Sport,,,,My sports pitch; court مَلعَبي | Your f. sports pitch; court مَلعَبِك | Your m. sports pitch; court مَلعَبَك | Your pl. sports pitch; court مَلعَبكُم | His sports pitch; court مَلعَبُه | Her sports pitch; court مَلعَبها | Their sports pitch; court مَلعَبهُم | Our sports pitch; court مَلعَبنا
meaning_mismatch,same_sense,pal,H,"gloss differs: ""missing / lacking"" / ""Incomplete""",,,,3,,1521,نَاقِص,naa'iS,missing / lacking,adjective,3,ناقِص,naqiS,Incomplete,adjective,Things,ناقِصة (naqiSa),,,
meaning_mismatch,same_sense,pal,H,"gloss differs: ""suitable / appropriate"" / ""Convenient""",,,,3,,1523,مُنَاسِب,munaasib,suitable / appropriate,adjective,3,مُناسِب,moonasib,Convenient,adjective,Things,مُناسِبة (moonasiba),,,
meaning_mismatch,same_sense,pal,H,"gloss differs: ""policeman"" / ""police""",,,,3,,1583,شُرْطِي,shurTi,policeman,noun,3,شُرطي,shoorTee,police,noun,Government,,,,My police شُرطيي | Your f. police شُرطيِك | Your m. police شُرطيَك | Your pl. police شُرطيكُم | His police شُرطيُه | Her police شُرطيها | Their police شُرطيهُم | Our police شُرطينا
meaning_mismatch,same_sense,pal,M,"gloss differs: ""awesome / terrible (context-dependent)"" / ""Incredible""",,,,3,,2129,رَهِيب,rahiib,awesome / terrible (context-dependent),adjective,3,رَهيب,raheeb,Incredible,adjective,Character,رَهيبة (raheeba),,,
meaning_mismatch,keep_ours,unsure,M,"spelling folded (alif/hamza seat, taa marbuta or final ى/ا/ي); gloss differs: ""meeting"" / ""Society""",,,,3,,2307,اِجْتِمَاع,ijtimaa3,meeting,noun,3,إجتِمَاع,ijtima3,Society,noun,Politics,,,,My society إجتِمَاعي | Your f. society إجتِمَاعِك | Your m. society إجتِمَاعَك | Your pl. society إجتِمَاعكُم | His society إجتِمَاعُه | Her society إجتِمَاعها | Their society إجتِمَاعهُم | Our society إجتِمَاعنا
meaning_mismatch,keep_ours,pal,M,"gloss differs: ""pistachios"" / ""Peanut""",,,,3,,2371,فُسْتُق,fustu',pistachios,noun,3,فُستُق,foostooq,Peanut,noun,Food,,,,My peanut فُستُقي | Your f. peanut فُستُقِك | Your m. peanut فُستُقَك | Your pl. peanut فُستُقكُم | His peanut فُستُقُه | Her peanut فُستُقها | Their peanut فُستُقهُم | Our peanut فُستُقنا
meaning_mismatch,keep_ours,pal,H,"gloss differs: ""transferred (money/call)"" / ""Around""; harakaat: letter 2 (و): ours shadda+a, theirs sukun (حَوَّل / حَوْل)",,,Y,3,,2413,حَوَّل,7awwal,transferred (money/call),verb,3,حَوْل,Hawl,Around,functional,Places,,,,
meaning_mismatch,same_sense,pal,H,"gloss differs: ""was surprised / found strange"" / ""To think something strange""",,,,3,,2624,اِسْتَغْرَب,istaghrab,was surprised / found strange,verb,3,اسْتَغْرَب,astaghrab,To think something strange,verb,Emotions,,,,Active participle مِسْتَغْرِب | Passive participle مُسْتَغْرَب | Masdar اسْتِغْراب
meaning_mismatch,same_sense,pal,H,"gloss differs: ""went on strike"" / ""To go on strike""",,,,3,,2849,أَضْرَب,aDrab,went on strike,verb,3,أَضْرَب,aDrab,To go on strike,verb,Politics | Work,,,,Active participle مِضْرِب | Masdar إِضْراب
meaning_mismatch,same_sense,pal,H,"gloss differs: ""occupied"" / ""To occupy""",,,,3,,2850,اِحْتَلّ,i7tall,occupied,verb,3,احْتَلّ,aHtall,To occupy,verb,Politics,,,,Active participle مِحْتَلّ | Passive participle مُحْتَلّ | Masdar احْتِلال
meaning_mismatch,keep_ours,pal,H,"gloss differs: ""theater"" / ""crime scene""",,,,3,,2888,مَسْرَح,masra7,theater,noun,3,مَسرَح,masraH,crime scene,,Government,,,,
meaning_mismatch,same_sense,pal,H,"gloss differs: ""made / manufactured"" / ""To make / manufacture""",,,,3,,2931,صَنَع,Sana3,made / manufactured,verb,3,صَنَع,Sana3,To make / manufacture,verb,Work,,,,Active participle صانِع | Passive participle مَصْنُوع | Masdar صَنْع
meaning_mismatch,same_sense,pal,H,"gloss differs: ""longed for"" / ""To long for""",,,,3,,3089,حَنّ,7ann,longed for,verb,3,حَنّ,Hann,To long for,verb,Emotions,,,,Active participle حانِن | Passive participle مَحْنُون | Masdar حُنّ
meaning_mismatch,same_sense,pal,H,"gloss differs: ""craved / desired"" / ""To desire""",,,,3,,3090,اِشْتَهَى,ishtaha,craved / desired,verb,3,اشْتَهى,ashtaha,To desire,verb,Emotions,,,,Active participle مِشْتَهِي | Passive participle مُشْتَهى | Masdar اشْتِهاء
different_word,both_valid,pal,M,"same gloss, different word: ours خَرِيف, theirs فَصل الخَريف",,,,3,,179,خَرِيف,khariif,autumn / fall,noun,3,فَصل الخَريف,faSl,fall,noun,Months,,,,
different_word,keep_ours,msa,M,"same gloss, different word: ours عَادَةً, theirs غالِباً",,,,3,,196,عَادَةً,3aadatan,usually,adverb,3,غالِباً,ghaliban,"Usually, mostly",functional,Time,,,,
different_word,keep_ours,pal,H,"same gloss, different word: ours مُدَّة, theirs نُقطة",,,,3,,210,مُدَّة,mudde,duration / period,noun,3,نُقطة,nooqTa,period,noun,Language,,,,My period نُقطَتي | Your f. period نُقطَتِك | Your m. period نُقطَتَك | Your pl. period نُقطَتكُم | His period نُقطَتُه | Her period نُقطَتها | Their period نُقطَتهُم | Our period نُقطَتنا
different_word,keep_ours,msa,H,"same gloss, different word: ours خَفِيف دَم, theirs مُضحِك",,,,3,,392,خَفِيف دَم,khafiif dam,funny/likeable person (lit: light blood),adjective,3,مُضحِك,mooDHik,Funny,adjective,Character,مُضحِكة (mooDHika),,,
different_word,keep_ours,pal,M,"same gloss, different word: ours عَدَد, theirs مَبلَغ",,,,3,,487,عَدَد,3adad,number / count / amount,noun,3,مَبلَغ,mablagh,amount,noun,Business,,,,My amount مَبلَغي | Your f. amount مَبلَغِك | Your m. amount مَبلَغَك | Your pl. amount مَبلَغكُم | His amount مَبلَغُه | Her amount مَبلَغها | Their amount مَبلَغهُم | Our amount مَبلَغنا
different_word,both_valid,pal,M,"same gloss, different word: ours عَضِم, theirs عَظمة",,,,3,,871,عَضِم,3aDim,bone,noun,3,عَظمة,3aZma,Bone,noun,Body,,عظم (3Zm),,My bone عَظمَتي | Your f. bone عَظمَتِك | Your m. bone عَظمَتَك | Your pl. bone عَظمَتكُم | His bone عَظمَتُه | Her bone عَظمَتها | Their bone عَظمَتهُم | Our bone عَظمَتنا
different_word,keep_ours,msa,M,"same gloss, different word: ours مِحْتَار, theirs مُرتَبِك",,,,3,,929,مِحْتَار,mi7taar,confused / undecided (m.),adjective,3,مُرتَبِك,moortabik,Confused,adjective,Emotions,مُرتَبِكة (moortabika),,,
different_word,keep_ours,pal,M,"same gloss, different word: ours غَيْرَان, theirs غَيور",,,,3,,931,غَيْرَان,gheeraan,jealous (m.),adjective,3,غَيور,ghayoor,Jealous,adjective,People,غَيورة (ghayoora),,,
different_word,keep_ours,msa,M,"same gloss, different word: ours مُؤَدَّب, theirs خَلُوق",,,,3,,950,مُؤَدَّب,mu'addab,polite / well-mannered,adjective,3,خَلُوق,khalooq,Polite / Well-Mannered,adjective,Character,خَلُوقة (khalooqa),,,
different_word,both_valid,pal,M,"same gloss, different word: ours خَجُول, theirs مِستَحِي",,,,3,,955,خَجُول,khajuul,shy,adjective,3,مِستَحِي,mistaHi,Shy / ashamed,adjective,Moods,مِسْتَحِيِّة (mistaHiia),مِسْتْحِيِّن (mistHiin),,
different_word,keep_ours,unsure,M,"same gloss, different word: ours مِتْوَاضِع, theirs مِتوَضع",,,,3,,961,مِتْوَاضِع,mitwaaDi3,humble / modest,adjective,3,مِتوَضع,mitwaD3,Humble / Modest,adjective,Character,مِتوَضعة (mitwaD3a),,,
different_word,keep_ours,unsure,M,"same gloss, different word: ours حَسَّاس, theirs حَسّاسِيّ",,,,3,,966,حَسَّاس,7assaas,sensitive,adjective,3,حَسّاسِيّ,Hassasi,Sensitive,adjective,People,حَسّاسِيّة (Hassasia),,,
different_word,keep_ours,pal,M,"same gloss, different word: ours إِنْسَان, theirs شَخص",,,,3,,978,إِنْسَان,insaan,human / person,noun,3,شَخص,shakhS,Person,noun,People,,أشخاص (ashkhaS),,My person شَخصي | Your f. person شَخصِك | Your m. person شَخصَك | Your pl. person شَخصكُم | His person شَخصُه | Her person شَخصها | Their person شَخصهُم | Our person شَخصنا
different_word,keep_ours,lev_other,M,"same gloss, different word: ours بَلْكُونَة, theirs بَلكون",,,,3,,1098,بَلْكُونَة,balkoone,balcony,noun,3,بَلكون,balkoon,Balcony,noun,The Home,,بلكونات (blkoonat),,My balcony بَلكوني | Your f. balcony بَلكونِك | Your m. balcony بَلكونَك | Your pl. balcony بَلكونكُم | His balcony بَلكونُه | Her balcony بَلكونها | Their balcony بَلكونهُم | Our balcony بَلكوننا
different_word,keep_ours,lev_other,M,"same gloss, different word: ours شَال, theirs لَفحة",,,,3,,1153,شَال,shaal,scarf / shawl,noun,3,لَفحة,lafHa,scarf,noun,Clothes,,أوشحة (aooshHa),,My scarf لَفحَتي | Your f. scarf لَفحَتِك | Your m. scarf لَفحَتَك | Your pl. scarf لَفحَتكُم | His scarf لَفحَتُه | Her scarf لَفحَتها | Their scarf لَفحَتهُم | Our scarf لَفحَتنا
different_word,keep_ours,msa,M,"same gloss, different word: ours قِيَاس, theirs حَجم",,,,3,,1158,قِيَاس,'iyaas,size (clothing),noun,3,حَجم,Hajm,Size,noun,Clothes,,,,My size حَجمي | Your f. size حَجمِك | Your m. size حَجمَك | Your pl. size حَجمكُم | His size حَجمُه | Her size حَجمها | Their size حَجمهُم | Our size حَجمنا
different_word,both_valid,pal,M,"same gloss, different word: ours وَرْدِي, theirs زَهري",,,,3,,1168,وَرْدِي,wardi,pink,adjective,3,زَهري,zahree,Pink,adjective,Colours,زَهرية (zahreea),,,
different_word,keep_ours,msa,H,"same gloss, different word: ours بَنَفْسَجِي, theirs أرجواني",,,,3,,1169,بَنَفْسَجِي,banafsaji,purple,adjective,3,أرجواني,arjooanee,"Purple, violet",adjective,Colours,أرجوانية (arjooaneea),,,
different_word,keep_ours,unsure,M,"same gloss, different word: ours غَامِق, theirs مَليل",,,,3,,1174,غَامِق,ghaami',dark (shade),adjective,3,مَليل,maleel,Dark,adjective,Things,مَليلة (maleela),,,
different_word,keep_ours,msa,H,"same gloss, different word: ours بْرِيزِة, theirs مَخرَج كَهرِباء",,,,3,,1193,بْرِيزِة,briize,electrical outlet / socket,noun,3,مَخرَج كَهرِباء,makhraj,electrical outlet,noun,The Home,,,,
different_word,keep_ours,pal,M,"same gloss, different word: ours طَابِق, theirs أرضية",,,,3,,1218,طَابِق,Taabi',floor / story (of building),noun,3,أرضية,arDeea,floor,noun,The Home,,أرضيات (arDeeat),,My floor أرضيَتي | Your f. floor أرضيَتِك | Your m. floor أرضيَتَك | Your pl. floor أرضيَتكُم | His floor أرضيَتُه | Her floor أرضيَتها | Their floor أرضيَتهُم | Our floor أرضيَتنا
different_word,keep_ours,pal,M,"same gloss, different word: ours صَاحِب البَيْت, theirs صاحِب شقة",,,,3,,1223,صَاحِب البَيْت,Saa7ib il-beet,landlord,noun,3,صاحِب شقة,SaHib,landlord,noun,The Home,,,,
different_word,both_valid,pal,H,"same gloss, different word: ours مَفْرُوشَة, theirs مَفروش",,,,3,,1225,مَفْرُوشَة,mafruushe,furnished,adjective,3,مَفروش,mafroosh,furnished,noun,The Home,,,,
different_word,keep_ours,pal,M,"same gloss, different word: ours صَرَّاف, theirs آي تي ام",,,,3,,1260,صَرَّاف,Sarraaf,money changer / ATM,noun,3,آي تي ام,aaee,ATM,noun,City,,,,My atm آي تي امي | Your f. atm آي تي امِك | Your m. atm آي تي امَك | Your pl. atm آي تي امكُم | His atm آي تي امُه | Her atm آي تي امها | Their atm آي تي امهُم | Our atm آي تي امنا
different_word,keep_ours,pal,M,"same gloss, different word: ours مَلْعَب, theirs أستاد",,,,3,,1269,مَلْعَب,mal3ab,stadium / playground,noun,3,أستاد,astad,Stadium,noun,Sport,,,,My stadium أستادي | Your f. stadium أستادِك | Your m. stadium أستادَك | Your pl. stadium أستادكُم | His stadium أستادُه | Her stadium أستادها | Their stadium أستادهُم | Our stadium أستادنا
different_word,keep_ours,pal,H,"same gloss, different word: ours حَيّ, theirs مُحَافَظة",,,,3,,1275,حَيّ,7ayy,neighborhood / district,noun,3,مُحَافَظة,mooHafaZa,District,noun,Politics,,,,My district مُحَافَظَتي | Your f. district مُحَافَظَتِك | Your m. district مُحَافَظَتَك | Your pl. district مُحَافَظَتكُم | His district مُحَافَظَتُه | Her district مُحَافَظَتها | Their district مُحَافَظَتهُم | Our district مُحَافَظَتنا
different_word,keep_ours,pal,M,"same gloss, different word: ours خَطّ, theirs سَطر",,,,3,,1306,خَطّ,khaTT,route / line,noun,3,سَطر,saTr,line,noun,Language,,,,My line سَطري | Your f. line سَطرِك | Your m. line سَطرَك | Your pl. line سَطركُم | His line سَطرُه | Her line سَطرها | Their line سَطرهُم | Our line سَطرنا
different_word,keep_ours,pal,H,"same gloss, different word: ours عَيْن, theirs فَصل الرَبيع",,,,3,,1374,عَيْن,3een,spring (water),noun,3,فَصل الرَبيع,faSl,spring,noun,Months,,,,
different_word,both_valid,pal,M,"same gloss, different word: ours فَار, theirs جردون",,,,3,,1397,فَار,faar,mouse / rat,noun,3,جردون,jrdoon,Rat,noun,Animals,,جرادين (jradeen),,My rat جردوني | Your f. rat جردونِك | Your m. rat جردونَك | Your pl. rat جردونكُم | His rat جردونُه | Her rat جردونها | Their rat جردونهُم | Our rat جردوننا
different_word,keep_ours,lev_other,L,"same gloss, different word: ours سَمِين, theirs ناصِح",,,,3,,1471,سَمِين,samiin,fat / overweight,adjective,3,ناصِح,naSiH,Fat,adjective,People,ناصِحة (naSiHa),,أنصَح (anSaH),
different_word,keep_ours,lev_other,L,"same gloss, different word: ours سَمِين, theirs ناصِح",,,,3,,1471,سَمِين,samiin,fat / overweight,adjective,3,ناصِح,naSiH,fat,adjective,People,ناصِحة (naSiHa),,أنصَح (anSaH),
different_word,keep_ours,lev_other,L,"same gloss, different word: ours تْخِين, theirs ناصِح",,,,3,,1472,تْخِين,tkhiin,fat / thick,adjective,3,ناصِح,naSiH,Fat,adjective,People,ناصِحة (naSiHa),,أنصَح (anSaH),
different_word,keep_ours,lev_other,L,"same gloss, different word: ours تْخِين, theirs ناصِح",,,,3,,1472,تْخِين,tkhiin,fat / thick,adjective,3,ناصِح,naSiH,fat,adjective,People,ناصِحة (naSiHa),,أنصَح (anSaH),
different_word,both_valid,pal,M,"same gloss, different word: ours مْبَلَّل, theirs مَبلول",,,,3,,1489,مْبَلَّل,mballal,wet,adjective,3,مَبلول,mablool,Wet,adjective,Things,مَبلولة (mabloola),,,
different_word,keep_ours,pal,H,"same gloss, different word: ours صَفّ, theirs طَبَقة",,,,3,,1588,صَفّ,Saff,class / classroom / grade,noun,3,طَبَقة,Tabaqa,Class (social category),noun,Politics,,,,My class (social category) طَبَقَتي | Your f. class (social category) طَبَقَتِك | Your m. class (social category) طَبَقَتَك | Your pl. class (social category) طَبَقَتكُم | His class (social category) طَبَقَتُه | Her class (social category) طَبَقَتها | Their class (social category) طَبَقَتهُم | Our class (social category) طَبَقَتنا
different_word,keep_ours,unsure,M,"same gloss, different word: ours بَطَالَة, theirs بَطالة فَقر",,,,3,,1655,بَطَالَة,baTaale,unemployment,noun,3,بَطالة فَقر,baTala,unemployment,noun,Government,,,,
different_word,keep_ours,msa,M,"same gloss, different word: ours عَلَاقَة, theirs صَلّة",,,,3,,2189,عَلَاقَة,3alaa'a,relationship / connection,noun,3,صَلّة,Salla,Connection,noun,Politics,,,,My connection صَلَّتي | Your f. connection صَلَّتِك | Your m. connection صَلَّتَك | Your pl. connection صَلَّتكُم | His connection صَلَّتُه | Her connection صَلَّتها | Their connection صَلَّتهُم | Our connection صَلَّتنا
different_word,keep_ours,msa,M,"same gloss, different word: ours أَمان, theirs أَمنية",,,,3,,2236,أَمان,amaan,safety / security,noun,3,أَمنية,amneea,security,noun,Government,,,,My security أَمنيَتي | Your f. security أَمنيَتِك | Your m. security أَمنيَتَك | Your pl. security أَمنيَتكُم | His security أَمنيَتُه | Her security أَمنيَتها | Their security أَمنيَتهُم | Our security أَمنيَتنا
different_word,both_valid,pal,M,"same gloss, different word: ours مَرْكَب, theirs قارِب",,,,3,,3055,مَرْكَب,markab,boat,noun,3,قارِب,qarib,boat (smaller),noun,Transport,,قوارب (qooarb),,My boat (smaller) قارِبي | Your f. boat (smaller) قارِبِك | Your m. boat (smaller) قارِبَك | Your pl. boat (smaller) قارِبكُم | His boat (smaller) قارِبُه | Her boat (smaller) قارِبها | Their boat (smaller) قارِبهُم | Our boat (smaller) قارِبنا
spelling_variant,,,,matched without the article ال,,,,3,,123,سَادِس,saadis,sixth,adjective,3,السّادِس,is-ssadis,Sixth,noun,Numbers,,,,My sixth السّادِسي | Your f. sixth السّادِسِك | Your m. sixth السّادِسَك | Your pl. sixth السّادِسكُم | His sixth السّادِسُه | Her sixth السّادِسها | Their sixth السّادِسهُم | Our sixth السّادِسنا
spelling_variant,,,,matched without the article ال,,,,3,,124,سَابِع,saabi3,seventh,adjective,3,السابع,is-sab3,Seventh,noun,Numbers,,,,My seventh السابعي | Your f. seventh السابعِك | Your m. seventh السابعَك | Your pl. seventh السابعكُم | His seventh السابعُه | Her seventh السابعها | Their seventh السابعهُم | Our seventh السابعنا
spelling_variant,,,,matched without the article ال,,,,3,,127,عَاشِر,3aashir,tenth,adjective,3,الْعاشِر,il-3ashir,Tenth,noun,Numbers,,,,My tenth الْعاشِري | Your f. tenth الْعاشِرِك | Your m. tenth الْعاشِرَك | Your pl. tenth الْعاشِركُم | His tenth الْعاشِرُه | Her tenth الْعاشِرها | Their tenth الْعاشِرهُم | Our tenth الْعاشِرنا
spelling_variant,,,,"spelling folded (alif/hamza seat, taa marbuta or final ى/ا/ي)",,,,3,,1182,إِبْرِيق,ibrii',pitcher / teapot,noun,3,ابريق,abreeq,Teapot,noun,Kitchen,,,,My teapot ابريقي | Your f. teapot ابريقِك | Your m. teapot ابريقَك | Your pl. teapot ابريقكُم | His teapot ابريقُه | Her teapot ابريقها | Their teapot ابريقهُم | Our teapot ابريقنا
spelling_variant,,,,"spelling folded (alif/hamza seat, taa marbuta or final ى/ا/ي)",,,,3,,2307,اِجْتِمَاع,ijtimaa3,meeting,noun,3,إجتِماع,ijtima3,Meeting,noun,Work,,إجتماعات (ijtma3at),,My meeting إجتِماعي | Your f. meeting إجتِماعِك | Your m. meeting إجتِماعَك | Your pl. meeting إجتِماعكُم | His meeting إجتِماعُه | Her meeting إجتِماعها | Their meeting إجتِماعهُم | Our meeting إجتِماعنا
harakaat_variant,keep_ours,msa,H,"harakaat: letter 1 (ح): ours sukun, theirs i (حْصَان / حِصان)",,,,2,,1381,حْصَان,7Saan,horse,noun,3,حِصان,HiSan,Horse,noun,Animals,,أحصنة (aHSna),,My horse حِصاني | Your f. horse حِصانِك | Your m. horse حِصانَك | Your pl. horse حِصانكُم | His horse حِصانُه | Her horse حِصانها | Their horse حِصانهُم | Our horse حِصاننا
harakaat_variant,keep_ours,lev_other,M,"harakaat: letter 1 (ر): ours sukun, theirs a (رْفِيع / رَفيع)",,,,2,,1470,رْفِيع,rfii3,thin / slim (object),adjective,3,رَفيع,rafee3,Thin (thing),adjective,Things,رَفيعة (rafee3a),,,
harakaat_variant,both_valid,pal,M,"harakaat: letter 2 (ر): ours shadda+a, theirs i (قَرَّف / قَرِف)",,,,2,,2140,قَرَّف,'arraf,disgusted,verb,3,قَرِف,qarif,To be disgusted,verb,Emotions,,,,
harakaat_variant,keep_ours,msa,M,"harakaat: letter 1 (ه): ours i, theirs a (هِيل / هَيل)",,,,2,,2741,هِيل,heel,cardamon,noun,3,هَيل,hayl,Cardamon,noun,Food,,,,My cardamon هَيلي | Your f. cardamon هَيلِك | Your m. cardamon هَيلَك | Your pl. cardamon هَيلكُم | His cardamon هَيلُه | Her cardamon هَيلها | Their cardamon هَيلهُم | Our cardamon هَيلنا
harakaat_variant,keep_ours,msa,H,"harakaat: letter 1 (ن): ours sukun, theirs a (نْبِيد / نَبيذ)",,,,2,,2768,نْبِيد,nbiid,wine,noun,3,نَبيذ,nabeedh,Wine,noun,Food,,,,My wine نَبيذي | Your f. wine نَبيذِك | Your m. wine نَبيذَك | Your pl. wine نَبيذكُم | His wine نَبيذُه | Her wine نَبيذها | Their wine نَبيذهُم | Our wine نَبيذنا
harakaat_variant,keep_ours,unsure,H,"harakaat: letter 2 (ي): ours a, theirs shadda (سِيَاسِي / سيّاسي)",,,,2,,2808,سِيَاسِي,siyaasi,politician,noun,3,سيّاسي,seeeeasee,politician,noun,Politics,,,,My politician سيّاسيي | Your f. politician سيّاسيِك | Your m. politician سيّاسيَك | Your pl. politician سيّاسيكُم | His politician سيّاسيُه | Her politician سيّاسيها | Their politician سيّاسيهُم | Our politician سيّاسينا
harakaat_variant,keep_ours,msa,M,"harakaat: letter 1 (ح): ours sukun, theirs i (حْزَام / حِزام)",,,,2,,2955,حْزَام,7zaam,belt,noun,3,حِزام,Hizam,belt,noun,Clothes,,أحزمة (aHzma),,My belt حِزامي | Your f. belt حِزامِك | Your m. belt حِزامَك | Your pl. belt حِزامكُم | His belt حِزامُه | Her belt حِزامها | Their belt حِزامهُم | Our belt حِزامنا
harakaat_variant,keep_ours,msa,M,"harakaat: letter 9 (خ): ours sukun, theirs i (مْلابِس داخْلِيِّة / ملابِس داخِلية)",,,,2,,2957,مْلابِس داخْلِيِّة,mlaabis daakhliyye,underwear,noun,3,ملابِس داخِلية,mlabis,underwear,noun,Clothes,,,,
harakaat_variant,keep_ours,unsure,H,"harakaat: letter 6 (ض): ours u, theirs a (غُرْفِة ضُيُوف / غُرفة ضَيوف)",,,,2,,2963,غُرْفِة ضُيُوف,ghurfit Duyuuf,reception room,noun,3,غُرفة ضَيوف,ghoorfa,Reception room,noun,The Home,,,,
harakaat_variant,both_valid,pal,M,"harakaat: letter 2 (ف): ours sukun, theirs i (عَفْش / عَفِش)",,,,2,,2969,عَفْش,3afsh,furniture,noun,3,عَفِش,3afish,furniture,noun,The Home,,,,My furniture عَفِشي | Your f. furniture عَفِشِك | Your m. furniture عَفِشَك | Your pl. furniture عَفِشكُم | His furniture عَفِشُه | Her furniture عَفِشها | Their furniture عَفِشهُم | Our furniture عَفِشنا
harakaat_variant,keep_ours,unsure,M,"harakaat: letter 4 (ي): ours a, theirs shadda (رُوسْيَا / روسيّا)",,,,2,,2973,رُوسْيَا,ruusya,russia,noun,3,روسيّا,rooseeeea,Russia,noun,Countries,,,,
harakaat_variant,keep_ours,msa,M,"harakaat: letter 1 (س): ours sukun, theirs i (سْبَاحَة / سِباحة)",,,,2,,3118,سْبَاحَة,sbaa7a,swimming,noun,3,سِباحة,sibaHa,Swimming,noun,Sport,,,,My swimming سِباحَتي | Your f. swimming سِباحَتِك | Your m. swimming سِباحَتَك | Your pl. swimming سِباحَتكُم | His swimming سِباحَتُه | Her swimming سِباحَتها | Their swimming سِباحَتهُم | Our swimming سِباحَتنا
harakaat_variant,keep_ours,unsure,M,"harakaat: letter 8 (ن): ours sukun, theirs a (بَطَاقِة بَنْك / بَطاقة بنَك)",,,,2,,3155,بَطَاقِة بَنْك,baTaa'it bank,bank card,noun,3,بَطاقة بنَك,baTaqa,Bank card,noun,Shopping,,,,
harakaat_variant,keep_ours,msa,H,"harakaat: letter 3 (س): ours sukun, theirs i (وَاسْطَة / واسِطة)",,,,2,,3192,وَاسْطَة,waasTa,intermediary,noun,3,واسِطة,wasiTa,intermediary,noun,Business,,,,My intermediary واسِطَتي | Your f. intermediary واسِطَتِك | Your m. intermediary واسِطَتَك | Your pl. intermediary واسِطَتكُم | His intermediary واسِطَتُه | Her intermediary واسِطَتها | Their intermediary واسِطَتهُم | Our intermediary واسِطَتنا
meaning_mismatch,ours_wrong,pal,M,"gloss differs: ""very / really (intensifier)"" / ""Woman""","marra meaning 'very' is Gulf usage, not Palestinian",كْتِير,,2,,2127,مَرَّة,marra,very / really (intensifier),adverb,3,مَرة,mara,Woman,noun,People,,,,My woman مَرَتي | Your f. woman مَرَتِك | Your m. woman مَرَتَك | Your pl. woman مَرَتكُم | His woman مَرَتُه | Her woman مَرَتها | Their woman مَرَتهُم | Our woman مَرَتنا
meaning_mismatch,same_sense,unsure,M,"gloss differs: ""was affected / moved"" / ""To be influenced / effected by""; harakaat: letter 1 (ت): ours sukun, theirs a (تْأَثَّر / تَأَثَّر)",,,,2,,591,تْأَثَّر,t'assar,was affected / moved,verb,3,تَأَثَّر,taaththar,To be influenced / effected by,verb,Emotions,,,,Active participle مِتْأَثِّر | Masdar تَأَثُر
meaning_mismatch,same_sense,lev_other,M,"gloss differs: ""closet / wardrobe"" / ""Cupboard""; harakaat: letter 1 (خ): ours i, theirs a; letter 2 (ز): ours a, theirs shadda (خِزَانِة / خَزّانة)",,,,2,,1113,خِزَانِة,khizaane,closet / wardrobe,noun,3,خَزّانة,khazzana,Cupboard,noun,The Home,,خزاين (khzaeen),,My cupboard خَزّانَتي | Your f. cupboard خَزّانَتِك | Your m. cupboard خَزّانَتَك | Your pl. cupboard خَزّانَتكُم | His cupboard خَزّانَتُه | Her cupboard خَزّانَتها | Their cupboard خَزّانَتهُم | Our cupboard خَزّانَتنا
meaning_mismatch,same_sense,pal,H,"gloss differs: ""cemetery"" / ""Graveyard""",,,,2,,1267,مَقْبَرَة,ma'bara,cemetery,noun,3,مَقبَرة,maqbara,Graveyard,noun,City,,مقابر (mqabr),,My graveyard مَقبَرَتي | Your f. graveyard مَقبَرَتِك | Your m. graveyard مَقبَرَتَك | Your pl. graveyard مَقبَرَتكُم | His graveyard مَقبَرَتُه | Her graveyard مَقبَرَتها | Their graveyard مَقبَرَتهُم | Our graveyard مَقبَرَتنا
meaning_mismatch,same_sense,pal,H,"gloss differs: ""dry"" / ""Stale (dry)""",,,,2,,1485,يَابِس,yaabis,dry,adjective,3,يابِس,yabis,Stale (dry),adjective,Food,يابِسة (yabisa),,,
meaning_mismatch,keep_ours,pal,M,"gloss differs: ""proverb / saying"" / ""Like""; harakaat: letter 1 (م): ours a, theirs i (مَثَل / مِثل)",,,,2,,1649,مَثَل,masal,proverb / saying,noun,3,مِثل,mithl,Like,functional,Prepositions,,,,Like me مِثلي | Like you f. مِثلِك | Like you m. مِثلَك | Like you pl. مِثلكُم | Like him مِثلُه | Like her مِثلها | Like them مِثلهُم | Like us مِثلنا
meaning_mismatch,keep_ours,msa,H,"gloss differs: ""circumstance / situation"" / ""adverb""",,,,2,,2246,ظَرْف,THarf,circumstance / situation,noun,3,ظَرف,Zarf,adverb,noun,Language,,,,My adverb ظَرفي | Your f. adverb ظَرفِك | Your m. adverb ظَرفَك | Your pl. adverb ظَرفكُم | His adverb ظَرفُه | Her adverb ظَرفها | Their adverb ظَرفهُم | Our adverb ظَرفنا
meaning_mismatch,same_sense,pal,H,"gloss differs: ""rented out / leased"" / ""To rent out""",,,,2,,2409,أَجَّر,ajjar,rented out / leased,verb,3,أَجَّر,ajjar,To rent out,verb,The Home,,,,Active participle مْأَجِّر | Passive participle مْأَجَّر | Masdar تَأْجِير
meaning_mismatch,same_sense,pal,M,"gloss differs: ""or (Galilean variant)"" / ""Or""",,,,2,,2530,وَلَا,wala,or (Galilean variant),conjunction,3,وَلا,wala,Or,functional,Conjunctions,,,,
meaning_mismatch,keep_ours,unsure,M,"gloss differs: ""or (Galilean variant)"" / ""Neither / nor""; harakaat: letter 2 (ل): ours a, theirs shadda (وَلَا / وَلّا)",,,,2,,2530,وَلَا,wala,or (Galilean variant),conjunction,3,وَلّا,walla,Neither / nor,functional,Conjunctions,,,,
meaning_mismatch,same_sense,pal,H,"gloss differs: ""bit"" / ""To bite""",,,,2,,2760,عَضّ,3aDD,bit,verb,3,عَضّ,3aDD,To bite,verb,Food,,,,Active participle عاضِض | Passive participle مَعْضُوض | Masdar عَضّ
meaning_mismatch,same_sense,pal,H,"gloss differs: ""fed"" / ""To feed""",,,,2,,2761,طَعْمَى,Ta3ma,fed,verb,3,طَعْمَى,Ta3maa,To feed,verb,Food,,,,Active participle مْطَعْمِي
meaning_mismatch,same_sense,pal,H,"gloss differs: ""melted / dissolved"" / ""To melt / disolve""",,,,2,,2780,ذاب,dhaab,melted / dissolved,verb,3,ذاب,dhab,To melt / disolve,verb,Food,,,,Active participle ذايِب | Passive participle مَذُوب | Masdar ذَوْب
meaning_mismatch,same_sense,pal,H,"gloss differs: ""divided"" / ""To divide""",,,,2,,2824,قَسَم,'asam,divided,verb,3,قَسَم,qasam,To divide,verb,Politics,,,,Active participle قاسِم | Passive participle مَقْسُوم | Masdar قَسِم
meaning_mismatch,same_sense,pal,H,"gloss differs: ""supported / invested in"" / ""To invest in / support""",,,,2,,2930,دَعَم,da3am,supported / invested in,verb,3,دَعَم,da3am,To invest in / support,verb,Work,,,,Active participle داعِم | Passive participle مَدْعُوم | Masdar دَعِم
meaning_mismatch,same_sense,pal,H,"gloss differs: ""raised the price"" / ""To raise in price""",,,,2,,3157,غَلَّى,ghalla,raised the price,verb,3,غَلَّى,ghallaa,To raise in price,verb,Shopping,,,,Active participle مْغَلِّي | Passive participle مْغَلَّى | Masdar تَغْلِية
meaning_mismatch,same_sense,pal,M,"gloss differs: ""dozed off / took a nap"" / ""To doze off / take a nap""; harakaat: letter 1 (غ): ours i, theirs a (غِفِي / غَفِي)",,,,2,,3169,غِفِي,ghifi,dozed off / took a nap,verb,3,غَفِي,ghafi,To doze off / take a nap,verb,Daily Routine,,,,Active participle غافِي | Passive participle مَغْفِي
meaning_mismatch,same_sense,pal,H,"gloss differs: ""brushed"" / ""To brush""",,,,2,,3170,فَرْشَى,farsha,brushed,verb,3,فَرْشَى,farshaa,To brush,verb,Daily Routine,,,,Active participle مْفَرْشِي
meaning_mismatch,same_sense,pal,H,"gloss differs: ""made up with"" / ""To make up with""; harakaat: letter 1 (ت): ours sukun, theirs a (تْصالَح / تَصالَح)",,,,2,,3179,تْصالَح,tSaala7,made up with,verb,3,تَصالَح,taSalaH,To make up with,verb,Relationships,,,,Active participle مِتْصَالِح | Masdar تَصالُح
different_word,both_valid,pal,H,"same gloss, different word: ours يَا... يَا, theirs يَا… يَا",,,,2,,55,يَا... يَا,ya ya,either... or,conjunction,3,يَا… يَا,ya…,Either ... or,functional,Conjunctions,,,,
different_word,both_valid,pal,M,"same gloss, different word: ours تِشْرِين أَوَّل, theirs تِشرين الأوّل",,,,2,,173,تِشْرِين أَوَّل,tishriin awwal,October,noun,3,تِشرين الأوّل,tishreen,October,noun,Months,,,,
different_word,keep_ours,unsure,H,"same gloss, different word: ours تِشْرِين أَوَّل, theirs تِشرين",,,,2,,173,تِشْرِين أَوَّل,tishriin awwal,October,noun,3,تِشرين,tishreen,October,,Months,,,,
different_word,keep_ours,unsure,H,"same gloss, different word: ours تِشْرِين تَانِي, theirs تشرين التاتي",,,,2,,174,تِشْرِين تَانِي,tishriin taani,November,noun,3,تشرين التاتي,tshreen,November,noun,Months,,,,
different_word,keep_ours,unsure,H,"same gloss, different word: ours تِشْرِين تَانِي, theirs تشرين",,,,2,,174,تِشْرِين تَانِي,tishriin taani,November,noun,3,تشرين,tshreen,November,,Months,,,,
different_word,both_valid,pal,M,"same gloss, different word: ours كَانُون أَوَّل, theirs كانون الأوّل",,,,2,,175,كَانُون أَوَّل,kaanuun awwal,December,noun,3,كانون الأوّل,kanoon,December,noun,Months,,,,
different_word,keep_ours,unsure,H,"same gloss, different word: ours كَانُون أَوَّل, theirs كانون",,,,2,,175,كَانُون أَوَّل,kaanuun awwal,December,noun,3,كانون,kanoon,December,,Months,,,,
different_word,both_valid,pal,M,"same gloss, different word: ours كَبِد, theirs كِبدة",,,,2,,874,كَبِد,kabid,liver,noun,3,كِبدة,kibda,Liver,noun,Food,,,,My liver كِبدَتي | Your f. liver كِبدَتِك | Your m. liver كِبدَتَك | Your pl. liver كِبدَتكُم | His liver كِبدَتُه | Her liver كِبدَتها | Their liver كِبدَتهُم | Our liver كِبدَتنا
different_word,both_valid,pal,M,"same gloss, different word: ours مِحْرَج, theirs خَجلان",,,,2,,930,مِحْرَج,mi7raj,embarrassed (m.),adjective,3,خَجلان,khajlan,Embarrassed / ashamed,adjective,Moods,خَجلانة (khajlana),خَجلانِين (khajlanin),,
different_word,both_valid,pal,M,"same gloss, different word: ours طَاوَة, theirs مَقلاية",,,,2,,1074,طَاوَة,Taawa,frying pan,noun,3,مَقلاية,maqlaeea,Frying pan,noun,Kitchen,,,,My frying pan مَقلايَتي | Your f. frying pan مَقلايَتِك | Your m. frying pan مَقلايَتَك | Your pl. frying pan مَقلايَتكُم | His frying pan مَقلايَتُه | Her frying pan مَقلايَتها | Their frying pan مَقلايَتهُم | Our frying pan مَقلايَتنا
different_word,keep_ours,lev_other,M,"same gloss, different word: ours أُوضِة الأَكِل, theirs غُرفة سفرة",,,,2,,1094,أُوضِة الأَكِل,ooDit il-'akil,dining room,noun,3,غُرفة سفرة,ghoorfa,Dining room,noun,The Home,,,,
different_word,both_valid,pal,H,"same gloss, different word: ours شُورْت, theirs شُرط",,,,2,,1144,شُورْت,shoort,shorts,noun,3,شُرط,shoorT,shorts,noun,Clothes,,,,My shorts شُرطي | Your f. shorts شُرطِك | Your m. shorts شُرطَك | Your pl. shorts شُرطكُم | His shorts شُرطُه | Her shorts شُرطها | Their shorts شُرطهُم | Our shorts شُرطنا
different_word,both_valid,pal,H,"same gloss, different word: ours بِجَامِة, theirs بيجامة",,,,2,,1146,بِجَامِة,bijaame,pajamas,noun,3,بيجامة,beejama,pajamas,noun,Clothes,,بيجامات (beejamat),,My pajamas بيجامَتي | Your f. pajamas بيجامَتِك | Your m. pajamas بيجامَتَك | Your pl. pajamas بيجامَتكُم | His pajamas بيجامَتُه | Her pajamas بيجامَتها | Their pajamas بيجامَتهُم | Our pajamas بيجامَتنا
different_word,both_valid,pal,H,"same gloss, different word: ours طَاقِيِّة, theirs طائية",,,,2,,1150,طَاقِيِّة,Taa'iyye,hat / cap,noun,3,طائية,Ta2eea,Hat,noun,Clothes,,,,My hat طائيَتي | Your f. hat طائيَتِك | Your m. hat طائيَتَك | Your pl. hat طائيَتكُم | His hat طائيَتُه | Her hat طائيَتها | Their hat طائيَتهُم | Our hat طائيَتنا
different_word,keep_ours,msa,H,"same gloss, different word: ours طَاقِيِّة, theirs قُبعة",,,,2,,1150,طَاقِيِّة,Taa'iyye,hat / cap,noun,3,قُبعة,qoob3a,hat,noun,Clothes,,برانيط (braneeT),,My hat قُبعَتي | Your f. hat قُبعَتِك | Your m. hat قُبعَتَك | Your pl. hat قُبعَتكُم | His hat قُبعَتُه | Her hat قُبعَتها | Their hat قُبعَتهُم | Our hat قُبعَتنا
different_word,both_valid,pal,M,"same gloss, different word: ours جَيْبِة, theirs جَيب",,,,2,,1159,جَيْبِة,jeebe,pocket,noun,3,جَيب,jayb,pocket,noun,Clothes,,جياب (jeeab),,My pocket جَيبي | Your f. pocket جَيبِك | Your m. pocket جَيبَك | Your pl. pocket جَيبكُم | His pocket جَيبُه | Her pocket جَيبها | Their pocket جَيبهُم | Our pocket جَيبنا
different_word,both_valid,pal,M,"same gloss, different word: ours عَفِن, theirs معَفِّن",,,,2,,1207,عَفِن,3afin,rotten / spoiled,adjective,3,معَفِّن,m3affin,Rotten,adjective,Things,معَفِّنة (m3affina),,,
different_word,keep_ours,lev_other,M,"same gloss, different word: ours سُور, theirs حَيطة",,,,2,,1211,سُور,soor,fence / wall (exterior),noun,3,حَيطة,HayTa,wall (of a room),noun,The Home,,حيطان (HeeTan),,My wall (of a room) حَيطَتي | Your f. wall (of a room) حَيطَتِك | Your m. wall (of a room) حَيطَتَك | Your pl. wall (of a room) حَيطَتكُم | His wall (of a room) حَيطَتُه | Her wall (of a room) حَيطَتها | Their wall (of a room) حَيطَتهُم | Our wall (of a room) حَيطَتنا
different_word,both_valid,pal,M,"same gloss, different word: ours إِيجَار, theirs أَجار",,,,2,,1222,إِيجَار,iijaar,rent,noun,3,أَجار,ajar,rent,noun,Business,,,,My rent أَجاري | Your f. rent أَجارِك | Your m. rent أَجارَك | Your pl. rent أَجاركُم | His rent أَجارُه | Her rent أَجارها | Their rent أَجارهُم | Our rent أَجارنا
different_word,both_valid,pal,M,"same gloss, different word: ours غَنَمِة, theirs خَروف",,,,2,,1383,غَنَمِة,ghaname,sheep,noun,3,خَروف,kharoof,Sheep,noun,Animals,,خرفان (khrfan),,My sheep خَروفي | Your f. sheep خَروفِك | Your m. sheep خَروفَك | Your pl. sheep خَروفكُم | His sheep خَروفُه | Her sheep خَروفها | Their sheep خَروفهُم | Our sheep خَروفنا
different_word,both_valid,pal,M,"same gloss, different word: ours عَنْزِة, theirs معَزة",,,,2,,1384,عَنْزِة,3anze,goat,noun,3,معَزة,m3aza,Goat,noun,Animals,,ماعز (ma3z),,My goat معَزَتي | Your f. goat معَزَتِك | Your m. goat معَزَتَك | Your pl. goat معَزَتكُم | His goat معَزَتُه | Her goat معَزَتها | Their goat معَزَتهُم | Our goat معَزَتنا
different_word,keep_ours,pal,H,"same gloss, different word: ours ذْبَابَة, theirs طار",,,Y,2,,1390,ذْبَابَة,dbaabe,fly (insect),noun,3,طار,Tar,To fly,verb,Transport,,,,Active participle طايِر | Passive participle مَطْيُور | Masdar طَيْر
different_word,keep_ours,unsure,M,"same gloss, different word: ours نَامُوسِة, theirs نَموسة",,,,2,,1391,نَامُوسِة,naamuuse,mosquito,noun,3,نَموسة,namoosa,Mosquito,noun,Animals,,نموس (nmoos),,My mosquito نَموسَتي | Your f. mosquito نَموسَتِك | Your m. mosquito نَموسَتَك | Your pl. mosquito نَموسَتكُم | His mosquito نَموسَتُه | Her mosquito نَموسَتها | Their mosquito نَموسَتهُم | Our mosquito نَموسَتنا
different_word,keep_ours,pal,H,"same gloss, different word: ours سَهْرَة, theirs حِزب",,,,2,,1643,سَهْرَة,sahra,evening gathering / party,noun,3,حِزب,Hizb,party,noun,Government,,,,My party حِزبي | Your f. party حِزبِك | Your m. party حِزبَك | Your pl. party حِزبكُم | His party حِزبُه | Her party حِزبها | Their party حِزبهُم | Our party حِزبنا
different_word,keep_ours,lev_other,M,"same gloss, different word: ours عَرِض, theirs حَسم",,,,2,,1694,عَرِض,3ariD,offer / sale,noun,3,حَسم,Hasm,"sale, deduction",noun,Business,,,,"My sale, deduction حَسمي | Your f. sale, deduction حَسمِك | Your m. sale, deduction حَسمَك | Your pl. sale, deduction حَسمكُم | His sale, deduction حَسمُه | Her sale, deduction حَسمها | Their sale, deduction حَسمهُم | Our sale, deduction حَسمنا"
different_word,keep_ours,lev_other,L,"same gloss, different word: ours فِيزَا, theirs فيزة",,,,2,,1698,فِيزَا,fiiza,Visa (credit card),noun,3,فيزة,feeza,visa,noun,Government,,,,My visa فيزَتي | Your f. visa فيزَتِك | Your m. visa فيزَتَك | Your pl. visa فيزَتكُم | His visa فيزَتُه | Her visa فيزَتها | Their visa فيزَتهُم | Our visa فيزَتنا
different_word,keep_ours,pal,L,"same gloss, different word: ours قَرَّف, theirs قَرفان",,,Y,2,,2140,قَرَّف,'arraf,disgusted,verb,3,قَرفان,qarfan,disgusted,adjective,Emotions,قَرفانة (qarfana),,,
different_word,keep_ours,msa,M,"same gloss, different word: ours مَوْقِف, theirs مَنصِب",,,,2,,2194,مَوْقِف,maw'if,stance / position / situation,noun,3,مَنصِب,manSib,Position (work or role),noun,Economics,,,,My position (work or role) مَنصِبي | Your f. position (work or role) مَنصِبِك | Your m. position (work or role) مَنصِبَك | Your pl. position (work or role) مَنصِبكُم | His position (work or role) مَنصِبُه | Her position (work or role) مَنصِبها | Their position (work or role) مَنصِبهُم | Our position (work or role) مَنصِبنا
different_word,keep_ours,pal,M,"same gloss, different word: ours مَوْقِف, theirs وَضع",,,,2,,2194,مَوْقِف,maw'if,stance / position / situation,noun,3,وَضع,waD3,situation,noun,Government,,,,My situation وَضعي | Your f. situation وَضعِك | Your m. situation وَضعَك | Your pl. situation وَضعكُم | His situation وَضعُه | Her situation وَضعها | Their situation وَضعهُم | Our situation وَضعنا
different_word,keep_ours,pal,M,"same gloss, different word: ours ظَرْف, theirs وَضع",,,,2,,2246,ظَرْف,THarf,circumstance / situation,noun,3,وَضع,waD3,situation,noun,Government,,,,My situation وَضعي | Your f. situation وَضعِك | Your m. situation وَضعَك | Your pl. situation وَضعكُم | His situation وَضعُه | Her situation وَضعها | Their situation وَضعهُم | Our situation وَضعنا
different_word,keep_ours,msa,M,"same gloss, different word: ours جُوز عَمِّة, theirs زوج خالة",,,,2,,3040,جُوز عَمِّة,jooz 3amme,uncle (father’s sister’s husband),noun,3,زوج خالة,zooj,Uncle (mother’s sister’s husband),noun,Family,,,,
different_word,keep_ours,msa,M,"same gloss, different word: ours جَايْزِة, theirs جايزة كُبرى",,,,2,,3205,جَايْزِة,jaayze,grand prize,noun,3,جايزة كُبرى,jaeeza,grand prize,noun,Government,,,,
different_word,keep_ours,pal,M,"same gloss, different word: ours طَلْقَة نارِيِّة, theirs طلقة",,,,2,,3212,طَلْقَة نارِيِّة,Tal'a naariyye,shooting,noun,3,طلقة,Tlqa,shooting,,Government,,,,
different_word,keep_ours,unsure,H,"same gloss, different word: ours الأُمَم المُتَّحِدِة, theirs الأُمَم",,,,2,,3216,الأُمَم المُتَّحِدِة,il-'umam il-mutta7ide,united Nations,noun,3,الأُمَم,il-oomam,United Nations,,Government,,,,
harakaat_variant,both_valid,pal,L,"harakaat: letter 1 (ش): ours a, theirs i (شَفِّة / شِفّة)",,,,1,,878,شَفِّة,shaffe,lip,noun,3,شِفّة,shiffa,Lip,noun,Body,,شفايف (shfaeef),,My lip شِفَّتي | Your f. lip شِفَّتِك | Your m. lip شِفَّتَك | Your pl. lip شِفَّتكُم | His lip شِفَّتُه | Her lip شِفَّتها | Their lip شِفَّتهُم | Our lip شِفَّتنا
harakaat_variant,keep_ours,lev_other,M,"harakaat: letter 1 (ن): ours sukun, theirs i (نْجاص / نِجاص)",,,,1,,2770,نْجاص,njaaS,pears,noun,3,نِجاص,nijaS,Pears,noun,Food,,,,My pears نِجاصي | Your f. pears نِجاصِك | Your m. pears نِجاصَك | Your pl. pears نِجاصكُم | His pears نِجاصُه | Her pears نِجاصها | Their pears نِجاصهُم | Our pears نِجاصنا
harakaat_variant,both_valid,pal,M,"harakaat: letter 10 (ب): ours sukun, theirs a (تَمَنْيِة وْأَرْبْعِين / تَمَنية وأربَعين)",,,,1,,3023,تَمَنْيِة وْأَرْبْعِين,tamanye w-arb3iin,"forty Eight Palestine (refers to the 1948 borders of Palestine, and Palestinians often use this when talking about the land of modern day Israel)",noun,3,تَمَنية وأربَعين,tamaneea,"Forty Eight Palestine (refers to the 1948 borders of Palestine, and Palestinians often use this when talking about the land of modern day Israel)",noun,Countries,,,,
meaning_mismatch,keep_ours,pal,H,"matched without the article ال; gloss differs: ""modern"" / ""traditions (islamic)""",,,,1,,2916,حَدِيث,7adiith,modern,adjective,3,الحَديث,il-Hadeeth,traditions (islamic),,Religion,,,,
meaning_mismatch,same_sense,pal,H,"gloss differs: ""ignored"" / ""To ignore""",,,,3,Y,2711,تَجَاهَل,tajaahal,ignored,verb,4,تَجاهَل,tajahal,To ignore,verb,Relationships,,,,Active participle مِتْجَاهِل | Masdar تَجاهُل
meaning_mismatch,same_sense,pal,H,"gloss differs: ""whispered"" / ""To whisper""",,,,2,Y,736,هَمَس,hamas,whispered,verb,4,هَمَس,hamas,To whisper,verb,Social,,,,Active participle هامِس | Passive participle مَهْمُوس | Masdar هَمْس
harakaat_variant,both_valid,pal,M,"harakaat: letter 1 (س): ours a, theirs sukun (سَمِيك / سْمِيك)",,,,3,,1469,سَمِيك,samiik,thick,adjective,4,سْمِيك,smik,Thick (non-human),adjective,Things,سْمِيكة (smika),,,
harakaat_variant,keep_ours,lev_other,M,"harakaat: letter 1 (ق): ours i, theirs a (قِسْط / قَسط)",,,,3,,2417,قِسْط,'isT,installment (payment),noun,4,قَسط,qasT,Installment,noun,Economics,,أقساط (aqsaT),,My installment قَسطي | Your f. installment قَسطِك | Your m. installment قَسطَك | Your pl. installment قَسطكُم | His installment قَسطُه | Her installment قَسطها | Their installment قَسطهُم | Our installment قَسطنا
harakaat_variant,keep_ours,unsure,H,"harakaat: letter 1 (ت): ours a, theirs u; letter 4 (م): ours u, theirs i (تَسَامُح / تُسامِح)",,,,3,,2449,تَسَامُح,tasaamu7,tolerance,noun,4,تُسامِح,toosamiH,Tolerance,noun,Politics,,,,My tolerance تُسامِحي | Your f. tolerance تُسامِحِك | Your m. tolerance تُسامِحَك | Your pl. tolerance تُسامِحكُم | His tolerance تُسامِحُه | Her tolerance تُسامِحها | Their tolerance تُسامِحهُم | Our tolerance تُسامِحنا
harakaat_variant,both_valid,pal,H,"harakaat: letter 3 (ن): ours shadda+i, theirs i (النِّمْسَا / النِمسا)",,,,3,,3020,النِّمْسَا,in-nimsa,austria,noun,4,النِمسا,in-nimsa,Austria,noun,Countries,,,,
harakaat_variant,keep_ours,unsure,M,"harakaat: letter 4 (ر): ours a, theirs i (مُعَارَضَة / معارِضة)",,,,3,,3152,مُعَارَضَة,mu3aaraDa,opposition (to a position),noun,4,معارِضة,m3ariDa,Opposition (to a position),noun,Philosophy,,,,My opposition (to a position) معارِضَتي | Your f. opposition (to a position) معارِضَتِك | Your m. opposition (to a position) معارِضَتَك | Your pl. opposition (to a position) معارِضَتكُم | His opposition (to a position) معارِضَتُه | Her opposition (to a position) معارِضَتها | Their opposition (to a position) معارِضَتهُم | Our opposition (to a position) معارِضَتنا
harakaat_variant,both_valid,pal,H,"harakaat: letter 3 (ص): ours shadda+a, theirs a (الصَّلِيب الأَحْمَر / الصَليب الأحمَر)",,,,3,,3210,الصَّلِيب الأَحْمَر,iS-Saliib il-'a7mar,red Cross,noun,4,الصَليب الأحمَر,iS-Saleeb,Red Cross,noun,Government,,,,
meaning_mismatch,same_sense,pal,H,"gloss differs: ""the interior (48 territories)"" / ""The inside (used by Palestinians when referring to anything inside the current state of Israel)""",,,,3,,1453,الدَّاخِل,id-daakhil,the interior (48 territories),noun,4,الداخِل,id-dakhil,The inside (used by Palestinians when referring to anything inside the current state of Israel),noun,Countries,,,,
meaning_mismatch,keep_ours,lev_other,M,"gloss differs: ""hatred"" / ""To hate""; harakaat: letter 1 (ك): ours u, theirs a; letter 2 (ر): ours sukun, theirs i (كُرْه / كَرِه)",,,Y,3,,2214,كُرْه,kurh,hatred,noun,4,كَرِه,karih,To hate,verb,Emotions,,,,Active participle كارِه | Passive participle مَكْرُوه | Masdar كَرُوه
meaning_mismatch,keep_ours,pal,H,"spelling folded (alif/hamza seat, taa marbuta or final ى/ا/ي); gloss differs: ""hatred"" / ""Ball""",,,,3,,2214,كُرْه,kurh,hatred,noun,4,كُرة,koora,Ball,noun,Sport,,,,My ball كُرَتي | Your f. ball كُرَتِك | Your m. ball كُرَتَك | Your pl. ball كُرَتكُم | His ball كُرَتُه | Her ball كُرَتها | Their ball كُرَتهُم | Our ball كُرَتنا
meaning_mismatch,keep_ours,msa,H,"gloss differs: ""conscience"" / ""pronoun""",,,,3,,2446,ضَمِير,Damiir,conscience,noun,4,ضَمير,Dameer,pronoun,noun,Language,,,,My conscience ضَميري | Your f. conscience ضَميرِك | Your m. conscience ضَميرَك | Your pl. conscience ضَميركُم | His conscience ضَميرُه | Her conscience ضَميرها | Their conscience ضَميرهُم | Our conscience ضَميرنا
meaning_mismatch,keep_ours,msa,H,"spelling folded (alif/hamza seat, taa marbuta or final ى/ا/ي); gloss differs: ""denied"" / ""negation""",,,Y,3,,2709,نَفَى,nafa,denied,verb,4,نَفي,nafee,negation,noun,Language,,,,My negation نَفيي | Your f. negation نَفيِك | Your m. negation نَفيَك | Your pl. negation نَفيكُم | His negation نَفيُه | Her negation نَفيها | Their negation نَفيهُم | Our negation نَفينا
meaning_mismatch,same_sense,pal,H,"gloss differs: ""defeated"" / ""To defeat""",,,,3,,2825,هَزَم,hazam,defeated,verb,4,هَزَم,hazam,To defeat,verb,Politics,,,,Active participle هازِم | Passive participle مَهْزُوم | Masdar هَزْم
meaning_mismatch,same_sense,pal,H,"gloss differs: ""announced / declared / proclaimed"" / ""To announce / declare / proclaim""",,,,3,,2848,أَعْلَن,a3lan,announced / declared / proclaimed,verb,4,أَعْلَن,a3lan,To announce / declare / proclaim,verb,Politics,,,,Active participle مِعْلِن | Masdar إِعْلان
meaning_mismatch,same_sense,pal,H,"gloss differs: ""invaded"" / ""To invade""",,,,3,,2851,اِجْتَاح,ijtaa7,invaded,verb,4,اجْتاح,ajtaH,To invade,verb,Politics,,,,Active participle مِجْتَاح | Passive participle مُجْتاح | Masdar اجْتِياح
meaning_mismatch,same_sense,pal,H,"gloss differs: ""moved (house)"" / ""To move (house)""",,,,3,,2968,رَحَل,ra7al,moved (house),verb,4,رَحَل,raHal,To move (house),verb,The Home,,,,Active participle راحِل | Passive participle مَرْحُول | Masdar رَحِل
meaning_mismatch,same_sense,pal,H,"gloss differs: ""suffered"" / ""To suffer""",,,,3,,3092,عَانَى,3aana,suffered,verb,4,عانَى,3anaa,To suffer,verb,Emotions,,,,
different_word,ours_wrong,pal,M,"same gloss, different word: ours أَيْنَ, theirs وَين ما",أين is MSA; everyday Palestinian uses وين,وَيْن,,3,,2175,أَيْنَ,ayna,where (MSA/formal),adverb,4,وَين ما,wayn,Where (connector),functional,Conjunctions,,,,
different_word,keep_ours,msa,M,"same gloss, different word: ours كَعِب, theirs كاحِل",,,,3,,868,كَعِب,ka3ib,ankle / heel,noun,4,كاحِل,kaHil,Ankle,noun,Body,,,,My ankle كاحِلي | Your f. ankle كاحِلِك | Your m. ankle كاحِلَك | Your pl. ankle كاحِلكُم | His ankle كاحِلُه | Her ankle كاحِلها | Their ankle كاحِلهُم | Our ankle كاحِلنا
different_word,keep_ours,pal,H,"same gloss, different word: ours زُكَام, theirs بَردان",,,,3,,895,زُكَام,zukaam,"cold (illness, formal)",noun,4,بَردان,bardan,Cold (as in I feel cold),adjective,Moods,بَردانة (bardana),بَردانِين (bardanin),,
different_word,both_valid,pal,L,"same gloss, different word: ours مِعْطَف, theirs مانطو",,,,3,,1141,مِعْطَف,mi3Taf,coat / overcoat,noun,4,مانطو,manToo,Coat,noun,Clothes,,,,My coat مانطوي | Your f. coat مانطوِك | Your m. coat مانطوَك | Your pl. coat مانطوكُم | His coat مانطوُه | Her coat مانطوها | Their coat مانطوهُم | Our coat مانطونا
different_word,keep_ours,msa,M,"same gloss, different word: ours فَيَضَان, theirs طَوفان",,,,3,,1407,فَيَضَان,fayaDaan,flood,noun,4,طَوفان,Tawfan,Flood,noun,Nature,,,,My flood طَوفاني | Your f. flood طَوفانِك | Your m. flood طَوفانَك | Your pl. flood طَوفانكُم | His flood طَوفانُه | Her flood طَوفانها | Their flood طَوفانهُم | Our flood طَوفاننا
different_word,keep_ours,lev_other,M,"same gloss, different word: ours بِالتَّالِي, theirs مِنشان هيك",,,,3,,2479,بِالتَّالِي,bit-taali,therefore / consequently,adverb,4,مِنشان هيك,minshan,Therefore,functional,Conjunctions,,,,
different_word,keep_ours,lev_other,M,"same gloss, different word: ours وَصْفِة طِبِّيِّة, theirs راشيتة",,,,3,,2655,وَصْفِة طِبِّيِّة,waSfe Tibbiyye,prescription,noun,4,راشيتة,rasheeta,Prescription,noun,Health,,,,My prescription راشيتَتي | Your f. prescription راشيتَتِك | Your m. prescription راشيتَتَك | Your pl. prescription راشيتَتكُم | His prescription راشيتَتُه | Her prescription راشيتَتها | Their prescription راشيتَتهُم | Our prescription راشيتَتنا
different_word,keep_ours,unsure,H,"same gloss, different word: ours دِفاع مَدَنِي, theirs دِفاع",,,,3,,3200,دِفاع مَدَنِي,difaa3 madani,civil defense,noun,4,دِفاع,difa3,civil defense,,Government,,,,
different_word,keep_ours,unsure,H,"same gloss, different word: ours الصَّلِيب الأَحْمَر, theirs الصَليب",,,,3,,3210,الصَّلِيب الأَحْمَر,iS-Saliib il-'a7mar,red Cross,noun,4,الصَليب,iS-Saleeb,Red Cross,,Government,,,,
different_word,keep_ours,unsure,H,"same gloss, different word: ours دار نَشْر, theirs دار",,,,3,,3241,دار نَشْر,daar nashr,publishing house,noun,4,دار,dar,publishing house,,Art,,,,
harakaat_variant,keep_ours,msa,M,"harakaat: letter 1 (ح): ours a, theirs i (حَضارة / حِضارة)",,,,2,,2796,حَضارة,7aDaara,civilization,noun,4,حِضارة,HiDara,Civilization,noun,Politics,,,,My civilisation حِضارَتي | Your f. civilisation حِضارَتِك | Your m. civilisation حِضارَتَك | Your pl. civilisation حِضارَتكُم | His civilisation حِضارَتُه | Her civilisation حِضارَتها | Their civilisation حِضارَتهُم | Our civilisation حِضارَتنا
harakaat_variant,keep_ours,msa,H,"harakaat: letter 1 (ق): ours u, theirs a; letter 3 (ب): ours u, theirs i (قُنْبُلِة / قَنبِلة)",,,,2,,2834,قُنْبُلِة,'unbule,bomb,noun,4,قَنبِلة,qanbila,Bomb,noun,Politics,,قنابل (qnabl),,My bomb قَنبِلَتي | Your f. bomb قَنبِلَتِك | Your m. bomb قَنبِلَتَك | Your pl. bomb قَنبِلَتكُم | His bomb قَنبِلَتُه | Her bomb قَنبِلَتها | Their bomb قَنبِلَتهُم | Our bomb قَنبِلَتنا
harakaat_variant,keep_ours,unsure,H,"harakaat: letter 3 (ر): ours shadda+a, theirs shadda+i (مُدَرَّج / مُدَرِّج)",,,,2,,2900,مُدَرَّج,mudarraj,"auditorium, amphitheater",noun,4,مُدَرِّج,moodarrij,"Auditorium, amphitheater",noun,City,,مدرّجات (mdrrjat),,"My auditorium, amphitheater مُدَرِّجي | Your f. auditorium, amphitheater مُدَرِّجِك | Your m. auditorium, amphitheater مُدَرِّجَك | Your pl. auditorium, amphitheater مُدَرِّجكُم | His auditorium, amphitheater مُدَرِّجُه | Her auditorium, amphitheater مُدَرِّجها | Their auditorium, amphitheater مُدَرِّجهُم | Our auditorium, amphitheater مُدَرِّجنا"
harakaat_variant,keep_ours,msa,M,"harakaat: letter 1 (م): ours sukun, theirs u (مْشَوَّه / مُشَوَّه)",,,,2,,2911,مْشَوَّه,mshawwah,deformed,adjective,4,مُشَوَّه,mooshawwah,Deformed,adjective,Things,مُشَوَّهة (mooshawwaha),,,
harakaat_variant,keep_ours,lev_other,M,"harakaat: letter 1 (ف): ours a, theirs i (فَرَاشِة / فِراشة)",,,,2,,2936,فَرَاشِة,faraashe,butterfly,noun,4,فِراشة,firasha,Butterfly,noun,Animals,,فراش (frash),,My butterfly فِراشَتي | Your f. butterfly فِراشَتِك | Your m. butterfly فِراشَتَك | Your pl. butterfly فِراشَتكُم | His butterfly فِراشَتُه | Her butterfly فِراشَتها | Their butterfly فِراشَتهُم | Our butterfly فِراشَتنا
harakaat_variant,keep_ours,msa,L,"harakaat: letter 3 (ر): ours i, theirs a (بَحْرِين / بَحرَين)",,,,2,,2998,بَحْرِين,ba7reen,bahrain,noun,4,بَحرَين,baHrayn,Bahrain,noun,Countries,,,,
harakaat_variant,both_valid,pal,H,"harakaat: letter 10 (ص): ours shadda+a, theirs a (الكَيان الصَّهْيُونِي / الكيان الصَهيونيّ)",,,,2,,3024,الكَيان الصَّهْيُونِي,il-kayaan iS-Sahyuuni,the Zionist entity,noun,4,الكيان الصَهيونيّ,il-keean,The Zionist entity,noun,Countries,,,,
harakaat_variant,keep_ours,msa,M,"harakaat: letter 1 (م): ours i, theirs u (مِتْهَوِّر / مُتهَوِّر)",,,,2,,3065,مِتْهَوِّر,mit-hawwir,reckless / Careless,adjective,4,مُتهَوِّر,moothawwir,Reckless / Careless,adjective,Character,مُتهَوِّرة (moothawwira),,,
harakaat_variant,keep_ours,unsure,M,"harakaat: letter 2 (ر): ours sukun, theirs i (تِرْكْوَاز / تِرِكوأز)",,,,2,,3129,تِرْكْوَاز,tirkwaaz,turquoise,adjective,4,تِرِكوأز,tirikooaz,Turquoise,adjective,Colours,تِرِكوأزة (tirikooaza),,,
harakaat_variant,keep_ours,msa,M,"harakaat: letter 3 (ج): ours sukun, theirs i (واجْهِة / واجِهة)",,,,2,,3198,واجْهِة,waajhe,store window,noun,4,واجِهة,wajiha,store window,noun,Business,,,,My store window واجِهَتي | Your f. store window واجِهَتِك | Your m. store window واجِهَتَك | Your pl. store window واجِهَتكُم | His store window واجِهَتُه | Her store window واجِهَتها | Their store window واجِهَتهُم | Our store window واجِهَتنا
harakaat_variant,keep_ours,msa,H,"harakaat: letter 3 (ي): ours sukun, theirs i (طَايْفِة / طائِفة)",,,,2,,3223,طَايْفِة,Taayfe,rel. branch,noun,4,طائِفة,Ta2ifa,rel. branch,noun,Religion,,,,My rel. branch طائِفَتي | Your f. rel. branch طائِفَتِك | Your m. rel. branch طائِفَتَك | Your pl. rel. branch طائِفَتكُم | His rel. branch طائِفَتُه | Her rel. branch طائِفَتها | Their rel. branch طائِفَتهُم | Our rel. branch طائِفَتنا
meaning_mismatch,keep_ours,pal,H,"gloss differs: ""slapped"" / ""Palm""",,,Y,2,,2346,كَفّ,kaff,slapped,verb,4,كَف,kaf,Palm,noun,Body,,كفوف (kfoof),,My palm كَفي | Your f. palm كَفِك | Your m. palm كَفَك | Your pl. palm كَفكُم | His palm كَفُه | Her palm كَفها | Their palm كَفهُم | Our palm كَفنا
meaning_mismatch,same_sense,pal,H,"gloss differs: ""resigned"" / ""To resign""",,,,2,,2568,اِسْتَقَال,ista'aal,resigned,verb,4,اسْتَقال,astaqal,To resign,verb,Work,,,,Active participle مِسْتَقْيل | Passive participle مُسْتَقال | Masdar اسْتِقالة
meaning_mismatch,keep_ours,msa,M,"gloss differs: ""was amazed / wondered"" / ""exclamation""",,,Y,2,,2625,تَعَجَّب,ta3ajjab,was amazed / wondered,verb,4,تَعَجّب,ta3ajjb,exclamation,noun,Language,,,,My exclamation تَعَجّبي | Your f. exclamation تَعَجّبِك | Your m. exclamation تَعَجّبَك | Your pl. exclamation تَعَجّبكُم | His exclamation تَعَجّبُه | Her exclamation تَعَجّبها | Their exclamation تَعَجّبهُم | Our exclamation تَعَجّبنا
meaning_mismatch,same_sense,pal,H,"gloss differs: ""governed / ruled over"" / ""To govern / rule over""",,,,2,,2822,حَكَم,7akam,governed / ruled over,verb,4,حَكَم,Hakam,To govern / rule over,verb,Politics,,,,Active participle حاكِم | Passive participle مَحْكُوم | Masdar حَكْم
meaning_mismatch,same_sense,pal,H,"gloss differs: ""volunteered"" / ""To volunteer""; harakaat: letter 1 (ت): ours sukun, theirs a (تْطَوَّع / تَطَوَّع)",,,,2,,2932,تْطَوَّع,tTawwa3,volunteered,verb,4,تَطَوَّع,taTawwa3,To volunteer,verb,Work,,,,Active participle مِتْطَوِّع | Masdar تَطَوُع
meaning_mismatch,same_sense,pal,H,"gloss differs: ""competed against"" / ""To compete against""",,,,2,,3124,نافَس,naafas,competed against,verb,4,نافَس,nafas,To compete against,verb,Sport,,,,Active participle مْنافِس | Passive participle مْنافَس | Masdar مُنافَسة
different_word,both_valid,pal,M,"same gloss, different word: ours بَيْنَمَا, theirs بَين ما",,,,2,,209,بَيْنَمَا,baynama,while,conjunction,4,بَين ما,bayn,While (connector),functional,Conjunctions,,,,
different_word,keep_ours,msa,H,"same gloss, different word: ours رِمِش, theirs هَدب",,,,2,,880,رِمِش,rimish,eyelash,noun,4,هَدب,hadb,eyelash,noun,Body,,,,My eyelash هَدبي | Your f. eyelash هَدبِك | Your m. eyelash هَدبَك | Your pl. eyelash هَدبكُم | His eyelash هَدبُه | Her eyelash هَدبها | Their eyelash هَدبهُم | Our eyelash هَدبنا
different_word,both_valid,pal,M,"same gloss, different word: ours جَرِيء, theirs شُجاع",,,,2,,956,جَرِيء,jarii',bold / brave,adjective,4,شُجاع,shooja3,Brave/courageous,adjective,Character,شُجاعة (shooja3a),,,
different_word,keep_ours,pal,M,"same gloss, different word: ours زَنْخ, theirs مُمِلّ",,,,2,,2152,زَنْخ,zankh,lame / boring / cringe,adjective,4,مُمِلّ,moomill,Boring,adjective,People | Things,مُمِلّة (moomilla),,,
different_word,keep_ours,unsure,M,"same gloss, different word: ours عَدَالِة, theirs عَدلة",,,,2,,2205,عَدَالِة,3adaale,justice,noun,4,عَدلة,3adla,Justice,noun,Politics,,,,My justice عَدلَتي | Your f. justice عَدلَتِك | Your m. justice عَدلَتَك | Your pl. justice عَدلَتكُم | His justice عَدلَتُه | Her justice عَدلَتها | Their justice عَدلَتهُم | Our justice عَدلَتنا
different_word,keep_ours,pal,M,"same gloss, different word: ours عَرْبُون, theirs ضَمانة",,,,2,,2651,عَرْبُون,3arbuun,deposit / down payment,noun,4,ضَمانة,Damana,Deposit,noun,Economics,,ضمانات (Dmanat),,My deposit ضَمانَتي | Your f. deposit ضَمانَتِك | Your m. deposit ضَمانَتَك | Your pl. deposit ضَمانَتكُم | His deposit ضَمانَتُه | Her deposit ضَمانَتها | Their deposit ضَمانَتهُم | Our deposit ضَمانَتنا
harakaat_variant,keep_ours,unsure,H,"harakaat: letter 1 (ح): ours u, theirs a (حُكْم ذَاتِي / حَكم ذاتي)",,,,1,,2829,حُكْم ذَاتِي,7ukm dhaati,autonomy,noun,4,حَكم ذاتي,Hakm,Autonomy,noun,Politics,,,,
meaning_mismatch,same_sense,pal,H,"gloss differs: ""rebelled against"" / ""To rebel against""",,,,1,,2823,ثَار,saar,rebelled against,verb,4,ثار,thar,To rebel against,verb,Politics,,,,Active participle ثايِر | Passive participle مَثُور | Masdar ثَوْر
different_word,keep_ours,unsure,M,"same gloss, different word: ours عُشِب, theirs هَشيش",,,,1,,1363,عُشِب,3ushib,grass,noun,4,هَشيش,hasheesh,Grass,noun,Nature,,,,My grass هَشيشي | Your f. grass هَشيشِك | Your m. grass هَشيشَك | Your pl. grass هَشيشكُم | His grass هَشيشُه | Her grass هَشيشها | Their grass هَشيشهُم | Our grass هَشيشنا
only_theirs,skip,lev_other,M,not in our dictionary,,,,,,,,,,,,جِزر,jizr,Carrot,noun,Food,,,,My carrotجِزري | Your f. carrotجِزرِك | Your m. carrotجِزرَك | Your pl. carrotجِزركُم | His carrotجِزرُه | Her carrotجِزرها | Their carrotجِزرهُم | Our carrotجِزرنا
only_theirs,skip,lev_other,M,not in our dictionary,,,,,,,,,,,,زَهِر,zahir,Cauliflower,noun,Food,,,,My cauliflowerزَهِري | Your f. cauliflowerزَهِرِك | Your m. cauliflowerزَهِرَك | Your pl. cauliflowerزَهِركُم | His cauliflowerزَهِرُه | Her cauliflowerزَهِرها | Their cauliflowerزَهِرهُم | Our cauliflowerزَهِرنا
only_theirs,skip,msa,M,not in our dictionary,,,,,,,,,,,,أَفْطَر,afTar,To eat breakfast,verb,Food,,,,Active participleمِفْطِر | Masdarإِفْطار | هوَّأَفْطَر | هيَّأَفْطَرَتْ | هُمَّأَفْطَرُوا | إنتَأَفْطَرْت | إنتيأَفْطَرْتِ | إنتوأَفْطَرْتُوا | أناأَفْطَرْت | نِحناأَفْطَرْنا | هوَّيفْطِر | هيَّتِفْطِر | هُمَّيِفْطِرُوا | إنتَتِفْطِر | إنتيتِفْطِرِي | إنتوتِفْطِرُوا | أناأَفْطِر | نِحنانِفْطِر | هوَّبِفْطِر | هيَّبْتِفْطِر | هُمَّبِفْطِرُوا | إنتَبْتِفْطِر | إنتيبْتِفْطِرِي | إنتوبْتِفْطِرُوا | أنابَفْطِر | نِحنامْنِفْطِر
only_theirs,skip,lev_other,M,not in our dictionary,,,,,,,,,,,,فلَيفلة خُضرا,flayfla,Green pepper,noun,Food,,,,
only_theirs,skip,lev_other,M,not in our dictionary,,,,,,,,,,,,فلَيفلة حَمرا,flayfla,Red pepper,noun,Food,,,,
only_theirs,skip,msa,L,not in our dictionary,,,,,,,,,,,,نَكهة,nakha,Flavor,noun,Food,,,,My flavour نَكهَتي | Your f. flavour نَكهَتِك | Your m. flavour نَكهَتَك | Your pl. flavour نَكهَتكُم | His flavour نَكهَتُه | Her flavour نَكهَتها | Their flavour نَكهَتهُم | Our flavour نَكهَتنا
only_theirs,skip,lev_other,H,not in our dictionary,,,,,,,,,,,,فريز,freez,Strawberries,noun,Food,,,,My strawberries فريزي | Your f. strawberries فريزِك | Your m. strawberries فريزَك | Your pl. strawberries فريزكُم | His strawberries فريزُه | Her strawberries فريزها | Their strawberries فريزهُم | Our strawberries فريزنا
only_theirs,skip,lev_other,M,not in our dictionary,,,,,,,,,,,,جلاب,jlab,Dates syrup,noun,Food,,,,My dates syrup جلابي | Your f. dates syrup جلابِك | Your m. dates syrup جلابَك | Your pl. dates syrup جلابكُم | His dates syrup جلابُه | Her dates syrup جلابها | Their dates syrup جلابهُم | Our dates syrup جلابنا
only_theirs,skip,unsure,M,not in our dictionary,,,,,,,,,,,,دِبس,dibs,Jam,noun,Food,,,,My jam دِبسي | Your f. jam دِبسِك | Your m. jam دِبسَك | Your pl. jam دِبسكُم | His jam دِبسُه | Her jam دِبسها | Their jam دِبسهُم | Our jam دِبسنا
only_theirs,skip,msa,M,not in our dictionary,,,,,,,,,,,,أوتوقراطية,aootooqraTeea,Autocracy,noun,Politics,,,,My autocracy أوتوقراطيَتي | Your f. autocracy أوتوقراطيَتِك | Your m. autocracy أوتوقراطيَتَك | Your pl. autocracy أوتوقراطيَتكُم | His autocracy أوتوقراطيَتُه | Her autocracy أوتوقراطيَتها | Their autocracy أوتوقراطيَتهُم | Our autocracy أوتوقراطيَتنا
only_theirs,skip,msa,L,not in our dictionary,,,,,,,,,,,,مرافِعة,mrafi3a,Advocacy,noun,Politics,,,,My advocacy مرافِعَتي | Your f. advocacy مرافِعَتِك | Your m. advocacy مرافِعَتَك | Your pl. advocacy مرافِعَتكُم | His advocacy مرافِعَتُه | Her advocacy مرافِعَتها | Their advocacy مرافِعَتهُم | Our advocacy مرافِعَتنا
only_theirs,skip,msa,M,not in our dictionary,,,,,,,,,,,,مُجابِهة,moojabiha,Confrontation,noun,Politics,,,,My confrontation مُجابِهَتي | Your f. confrontation مُجابِهَتِك | Your m. confrontation مُجابِهَتَك | Your pl. confrontation مُجابِهَتكُم | His confrontation مُجابِهَتُه | Her confrontation مُجابِهَتها | Their confrontation مُجابِهَتهُم | Our confrontation مُجابِهَتنا
only_theirs,skip,msa,M,not in our dictionary,,,,,,,,,,,,ميثاق حَقوق,meethaq,Bill of Rights,noun,Politics,,,,
only_theirs,skip,msa,M,not in our dictionary,,,,,,,,,,,,تَنوِير,tanwir,Enlightenment,noun,Politics,,,,My enlightenment تَنوِيري | Your f. enlightenment تَنوِيرِك | Your m. enlightenment تَنوِيرَك | Your pl. enlightenment تَنوِيركُم | His enlightenment تَنوِيرُه | Her enlightenment تَنوِيرها | Their enlightenment تَنوِيرهُم | Our enlightenment تَنوِيرنا
only_theirs,skip,msa,M,not in our dictionary,,,,,,,,,,,,الوَضَع الراهِن,il-waDa3,The Status Quo,noun,Politics,,,,
only_theirs,skip,msa,M,not in our dictionary,,,,,,,,,,,,دول نامية,dool,Developing countries,noun,Politics,,,,
only_theirs,skip,msa,M,not in our dictionary,,,,,,,,,,,,دول متقدمة,dool,Developed countries,noun,Politics,,,,
only_theirs,skip,msa,M,not in our dictionary,,,,,,,,,,,,أَوْصى,awSa,To command,verb,Politics,,,,Active participle مِوْصِي | Passive participle مُوْصى | Masdar إِوْصاء
only_theirs,skip,msa,M,not in our dictionary,,,,,,,,,,,,اتَّحَد,attaHad,To unite,verb,Politics,,,,Active participle مِتَّحِد | Passive participle مُتَّحَد | Masdar اتِّحاد
only_theirs,skip,msa,M,not in our dictionary,,,,,,,,,,,,انْتَمى,antama,To belong to / be associated with,verb,Politics,,,,Active participle مِنْتَمِي
only_theirs,skip,msa,L,not in our dictionary,,,,,,,,,,,,اسْتَقَلّ,astaqall,To become independent,verb,Politics,,,,Active participle مِسْتَقِلّ | Passive participle مُسْتَقَلّ | Masdar اسْتِقْلال
only_theirs,skip,unsure,M,not in our dictionary,,,,,,,,,,,,الدوحة,id-dooHa,Doha,noun,Time,,,,
only_theirs,skip,pal,M,not in our dictionary,,,,,,,,,,,,مِن لَحظة,min,since a moment,functional,Time,,,,
only_theirs,skip,pal,M,not in our dictionary,,,,,,,,,,,,مِن شَهر,min,since a month,functional,Time,,,,
only_theirs,skip,pal,M,not in our dictionary,,,,,,,,,,,,مِن مُدّة,min,since a short time,functional,Time,,,,
only_theirs,skip,pal,M,not in our dictionary,,,,,,,,,,,,مِن أُسبوع,min,since a week,functional,Time,,,,
only_theirs,skip,pal,M,not in our dictionary,,,,,,,,,,,,مِن سَنة,min,since a year,functional,Time,,,,
only_theirs,skip,msa,L,not in our dictionary,,,,,,,,,,,,فَخذ,fakhdh,Thigh,noun,Body,,أفخاذ (afkhadh),,My thigh فَخذي | Your f. thigh فَخذِك | Your m. thigh فَخذَك | Your pl. thigh فَخذكُم | His thigh فَخذُه | Her thigh فَخذها | Their thigh فَخذهُم | Our thigh فَخذنا
only_theirs,skip,msa,M,not in our dictionary,,,,,,,,,,,,رُسغ,roosgh,wrist,noun,Body,,أرساغ (arsagh),,My wrist رُسغي | Your f. wrist رُسغِك | Your m. wrist رُسغَك | Your pl. wrist رُسغكُم | His wrist رُسغُه | Her wrist رُسغها | Their wrist رُسغهُم | Our wrist رُسغنا
only_theirs,skip,lev_other,L,not in our dictionary,,,,,,,,,,,,صابونة رِجل,Saboona,kneecap,noun,Body,,,,
only_theirs,skip,unsure,L,not in our dictionary,,,,,,,,,,,,فَرقَد,farqad,Calf,noun,Body,,بطات (bTat),,My calf فَرقَدي | Your f. calf فَرقَدِك | Your m. calf فَرقَدَك | Your pl. calf فَرقَدكُم | His calf فَرقَدُه | Her calf فَرقَدها | Their calf فَرقَدهُم | Our calf فَرقَدنا
only_theirs,skip,msa,L,not in our dictionary,,,,,,,,,,,,إصبَع قَدم,iSba3,Toe,noun,Body,,اصابع (aSab3),,
only_theirs,skip,unsure,L,not in our dictionary,,,,,,,,,,,,طَبوش,Taboosh,Chubby,adjective,People,طَبوشة (Taboosha),,,
only_theirs,skip,lev_other,M,not in our dictionary,,,,,,,,,,,,مَركِز,markiz,Center,noun,City,,مراكز (mrakz),,My center مَركِزي | Your f. center مَركِزِك | Your m. center مَركِزَك | Your pl. center مَركِزكُم | His center مَركِزُه | Her center مَركِزها | Their center مَركِزهُم | Our center مَركِزنا
only_theirs,skip,msa,M,not in our dictionary,,,,,,,,,,,,مَقعَد,maq3ad,Bench,noun,City,,مقاعد (mqa3d),,My bench مَقعَدي | Your f. bench مَقعَدِك | Your m. bench مَقعَدَك | Your pl. bench مَقعَدكُم | His bench مَقعَدُه | Her bench مَقعَدها | Their bench مَقعَدهُم | Our bench مَقعَدنا
only_theirs,skip,msa,L,not in our dictionary,,,,,,,,,,,,عَلامات مُرور,3alamat,Traffic signs,noun,City,,,,
only_theirs,skip,msa,M,not in our dictionary,,,,,,,,,,,,حَديقة حَيوان,Hadeeqa,Zoo,noun,City,,,,
only_theirs,skip,msa,L,not in our dictionary,,,,,,,,,,,,مَعرِض,ma3riD,"Gallery, exhibition",noun,City,,معارض (m3arD),,"My gallery, exhibition مَعرِضي | Your f. gallery, exhibition مَعرِضِك | Your m. gallery, exhibition مَعرِضَك | Your pl. gallery, exhibition مَعرِضكُم | His gallery, exhibition مَعرِضُه | Her gallery, exhibition مَعرِضها | Their gallery, exhibition مَعرِضهُم | Our gallery, exhibition مَعرِضنا"
only_theirs,skip,pal,M,not in our dictionary,,,,,,,,,,,,الطابِق الأوَّل,iT-Tabiq,The first floor,noun,City,,,,
only_theirs,skip,pal,M,not in our dictionary,,,,,,,,,,,,الطابِق التاني,iT-Tabiq,The second floor,noun,City,,,,
only_theirs,skip,pal,M,not in our dictionary,,,,,,,,,,,,الطابِق التالت,iT-Tabiq,The third floor,noun,City,,,,
only_theirs,skip,pal,M,not in our dictionary,,,,,,,,,,,,الطابِق الرابِع,iT-Tabiq,The fourth floor,noun,City,,,,
only_theirs,skip,lev_other,L,not in our dictionary,,,,,,,,,,,,صَرَّافة,Sarrafa,Exchange (currency),noun,City,,,,My exchange (currency) صَرَّافَتي | Your f. exchange (currency) صَرَّافَتِك | Your m. exchange (currency) صَرَّافَتَك | Your pl. exchange (currency) صَرَّافَتكُم | His exchange (currency) صَرَّافَتُه | Her exchange (currency) صَرَّافَتها | Their exchange (currency) صَرَّافَتهُم | Our exchange (currency) صَرَّافَتنا
only_theirs,skip,lev_other,L,not in our dictionary,,,,,,,,,,,,هَرجَلة,harjala,Mess,noun,City,,,,My mess هَرجَلَتي | Your f. mess هَرجَلَتِك | Your m. mess هَرجَلَتَك | Your pl. mess هَرجَلَتكُم | His mess هَرجَلَتُه | Her mess هَرجَلَتها | Their mess هَرجَلَتهُم | Our mess هَرجَلَتنا
only_theirs,skip,lev_other,L,not in our dictionary,,,,,,,,,,,,مُتَعِّب,moota33ib,Tiring,adjective,Things,مُتَعِّبة (moota33iba),,,
only_theirs,skip,lev_other,M,not in our dictionary,,,,,,,,,,,,مِتسَلّي,mitsallee,Entertaining,adjective,Things,مِتسَلّية (mitsalleea),,,
only_theirs,skip,lev_other,L,not in our dictionary,,,,,,,,,,,,طَرّ,Tarr,To fire / kick out,verb,Work,,,,Active participle طارِر | Passive participle مَطْرُور | Masdar طَرّ
only_theirs,skip,unsure,L,not in our dictionary,,,,,,,,,,,,دار,dar,To manage,verb,Work,,,,Active participle دايِر | Passive participle مَدُور | Masdar دَوْر
only_theirs,skip,unsure,M,not in our dictionary,,,,,,,,,,,,صَندوق,Sandooq,Cashier,noun,Work | Shopping,,,,My cashier صَندوقي | Your f. cashier صَندوقِك | Your m. cashier صَندوقَك | Your pl. cashier صَندوقكُم | His cashier صَندوقُه | Her cashier صَندوقها | Their cashier صَندوقهُم | Our cashier صَندوقنا
only_theirs,skip,msa,M,not in our dictionary,,,,,,,,,,,,ذئب,dh2b,Wolf,noun,Animals,,ذئاب (dh2ab),,My wolf ذئبي | Your f. wolf ذئبِك | Your m. wolf ذئبَك | Your pl. wolf ذئبكُم | His wolf ذئبُه | Her wolf ذئبها | Their wolf ذئبهُم | Our wolf ذئبنا
only_theirs,skip,lev_other,M,not in our dictionary,,,,,,,,,,,,صباط,SbaT,Formal shoe,noun,Clothes,,,,My formal shoe صباطي | Your f. formal shoe صباطِك | Your m. formal shoe صباطَك | Your pl. formal shoe صباطكُم | His formal shoe صباطُه | Her formal shoe صباطها | Their formal shoe صباطهُم | Our formal shoe صباطنا
only_theirs,skip,msa,M,not in our dictionary,,,,,,,,,,,,ثوب سِباحة,thoob,swimsuit,noun,Clothes,,,,
only_theirs,skip,msa,M,not in our dictionary,,,,,,,,,,,,ثوب نوم,thoob,nightgown,noun,Clothes,,,,
only_theirs,skip,lev_other,M,not in our dictionary,,,,,,,,,,,,جُزدان,joozdan,Handbag,noun,Clothes,,,,My handbag جُزداني | Your f. handbag جُزدانِك | Your m. handbag جُزدانَك | Your pl. handbag جُزدانكُم | His handbag جُزدانُه | Her handbag جُزدانها | Their handbag جُزدانهُم | Our handbag جُزداننا
only_theirs,skip,lev_other,L,not in our dictionary,,,,,,,,,,,,جُربَان,joorban,sock,noun,Clothes,,جَرَابِيْن (jarabin),,My sock جُربَاني | Your f. sock جُربَانِك | Your m. sock جُربَانَك | Your pl. sock جُربَانكُم | His sock جُربَانُه | Her sock جُربَانها | Their sock جُربَانهُم | Our sock جُربَاننا
only_theirs,skip,unsure,M,not in our dictionary,,,,,,,,,,,,كَفوف إيدَي,kafoof,gloves,noun,Clothes,,قفّازات (qffazat),,
only_theirs,skip,unsure,L,not in our dictionary,,,,,,,,,,,,جرافة,jrafa,Tie,noun,Clothes,,,,My tie جرافَتي | Your f. tie جرافَتِك | Your m. tie جرافَتَك | Your pl. tie جرافَتكُم | His tie جرافَتُه | Her tie جرافَتها | Their tie جرافَتهُم | Our tie جرافَتنا
only_theirs,skip,unsure,M,not in our dictionary,,,,,,,,,,,,ملابس داخلية حريمي,mlabs,bra,noun,Clothes,,,,My bra ملابس داخلية حريميي | Your f. bra ملابس داخلية حريميِك | Your m. bra ملابس داخلية حريميَك | Your pl. bra ملابس داخلية حريميكُم | His bra ملابس داخلية حريميُه | Her bra ملابس داخلية حريميها | Their bra ملابس داخلية حريميهُم | Our bra ملابس داخلية حريمينا
only_theirs,skip,msa,M,not in our dictionary,,,,,,,,,,,,باحة,baHa,"courtyard, large open area",noun,The Home,,,,"My courtyard, large open area باحَتي | Your f. courtyard, large open area باحَتِك | Your m. courtyard, large open area باحَتَك | Your pl. courtyard, large open area باحَتكُم | His courtyard, large open area باحَتُه | Her courtyard, large open area باحَتها | Their courtyard, large open area باحَتهُم | Our courtyard, large open area باحَتنا"
only_theirs,skip,msa,M,not in our dictionary,,,,,,,,,,,,مَقبِض باب,maqbiD,doorknob/handle,noun,The Home,,,,
only_theirs,skip,msa,M,not in our dictionary,,,,,,,,,,,,أَثَّث,aththath,To furnish,verb,The Home,,,,Active participle مْأَثِّث | Passive participle مْأَثَّث | Masdar تَأْثِيث
only_theirs,skip,msa,M,not in our dictionary,,,,,,,,,,,,قطار انفاق,qTar,Underground train,noun,Transport,,,,
only_theirs,skip,msa,L,not in our dictionary,,,,,,,,,,,,مِتطَلِع,mitTali3,Overlooking,adjective,Places,,,,
only_theirs,skip,lev_other,L,not in our dictionary,,,,,,,,,,,,تَحتِيها,taHtiha,Under it (f.),functional,Places,,,,
only_theirs,skip,lev_other,M,not in our dictionary,,,,,,,,,,,,فَوقِيها,fawqiha,Above it (f.),functional,Places,,,,
only_theirs,skip,msa,M,not in our dictionary,,,,,,,,,,,,ماكِر,makir,Fox-Like / Cunning,adjective,Character,ماكِرة (makira),,,
only_theirs,skip,lev_other,L,not in our dictionary,,,,,,,,,,,,مبَربِش,mbarbish,Messy,adjective,Character,مبَربِشة (mbarbisha),,,
only_theirs,skip,lev_other,L,not in our dictionary,,,,,,,,,,,,هَسْتَر,hastar,To become hysterical,verb,Emotions,,,,Active participle مْهَسْتِر | Passive participle مْهَسْتَر | Masdar هَسْتَرَة
only_theirs,skip,unsure,M,not in our dictionary,,,,,,,,,,,,نَذِم,nadhim,To regret,verb,Emotions,,,,Active participle ناذِم | Passive participle مَنْذُوم | Masdar نَذِم
only_theirs,skip,msa,L,not in our dictionary,,,,,,,,,,,,تَأَسَّف,taassaf,To be sorry / regretful,verb,Emotions,,,,Active participle مِتْأَسِّف | Masdar تَأَسُف
only_theirs,skip,lev_other,L,not in our dictionary,,,,,,,,,,,,اسْتَوْحَش,astawHash,To be homesick,verb,Emotions,,,,Active participle مِسْتَوْحِش | Passive participle مُسْتَوْحَش | Masdar اسْتِوْحاش
only_theirs,skip,lev_other,L,not in our dictionary,,,,,,,,,,,,يأسان,yasan,Desperate/Hopeless,adjective,Emotions,يأسانة (yasana),,,
only_theirs,skip,msa,M,not in our dictionary,,,,,,,,,,,,إعادة تدوير,i3ada,Recycling,noun,Nature,,,,
only_theirs,skip,msa,M,not in our dictionary,,,,,,,,,,,,طاقة مُتَجَدِدة,Taqa,Renewable Energy,noun,Nature,,,,
only_theirs,skip,msa,M,not in our dictionary,,,,,,,,,,,,تَغيُّر المناخ,tagheeeeoor,Climate Change,noun,Nature,,,,
only_theirs,skip,msa,L,not in our dictionary,,,,,,,,,,,,فَخُور,fakhoor,Proud...ب,adjective,Moods,فَخُورة (fakhoora),فَخُورِين (fakhoorin),,
only_theirs,skip,msa,M,not in our dictionary,,,,,,,,,,,,تَعِيس,ta3is,Miserable,adjective,Moods,تَعِيسة (ta3isa),تُعَسَا (too3asa),,
only_theirs,skip,lev_other,L,not in our dictionary,,,,,,,,,,,,مَرضان,marDan,Unwell,adjective,Moods,مَرضانة (marDana),مَرضانِين (marDanin),,
only_theirs,skip,lev_other,L,not in our dictionary,,,,,,,,,,,,سُخنان,sookhnan,Has a temperature,adjective,Moods,سُخنانة (sookhnana),سُخنانِين (sookhnanin),,
only_theirs,skip,msa,L,not in our dictionary,,,,,,,,,,,,تَزَلُّج,tazallooj,Skiing,noun,Sport,,,,My skiing تَزَلُّجي | Your f. skiing تَزَلُّجِك | Your m. skiing تَزَلُّجَك | Your pl. skiing تَزَلُّجكُم | His skiing تَزَلُّجُه | Her skiing تَزَلُّجها | Their skiing تَزَلُّجهُم | Our skiing تَزَلُّجنا
only_theirs,skip,msa,M,not in our dictionary,,,,,,,,,,,,مباراة,mbaraa,Sports match,noun,Sport,,مباريات (mbareeat),,My sports match مباراَتي | Your f. sports match مباراَتِك | Your m. sports match مباراَتَك | Your pl. sports match مباراَتكُم | His sports match مباراَتُه | Her sports match مباراَتها | Their sports match مباراَتهُم | Our sports match مباراَتنا
only_theirs,skip,msa,L,not in our dictionary,,,,,,,,,,,,كُرة طائرة,koora,Volleyball,noun,Sport,,,,
only_theirs,skip,msa,M,not in our dictionary,,,,,,,,,,,,تجديف,tjdeef,Rowing,noun,Sport,,,,My rowing تجديفي | Your f. rowing تجديفِك | Your m. rowing تجديفَك | Your pl. rowing تجديفكُم | His rowing تجديفُه | Her rowing تجديفها | Their rowing تجديفهُم | Our rowing تجديفنا
only_theirs,skip,unsure,L,not in our dictionary,,,,,,,,,,,,طَلَبة,Talaba,Order,noun,Economics,,,,My order طَلَبَتي | Your f. order طَلَبَتِك | Your m. order طَلَبَتَك | Your pl. order طَلَبَتكُم | His order طَلَبَتُه | Her order طَلَبَتها | Their order طَلَبَتهُم | Our order طَلَبَتنا
only_theirs,skip,unsure,M,not in our dictionary,,,,,,,,,,,,مَنتَج,mantaj,Product,noun,Economics,,منتجات (mntjat),,My product مَنتَجي | Your f. product مَنتَجِك | Your m. product مَنتَجَك | Your pl. product مَنتَجكُم | His product مَنتَجُه | Her product مَنتَجها | Their product مَنتَجهُم | Our product مَنتَجنا
only_theirs,skip,msa,M,not in our dictionary,,,,,,,,,,,,نَفقة,nafqa,Expense,noun,Economics,,نفقات (nfqat),,My expense نَفقَتي | Your f. expense نَفقَتِك | Your m. expense نَفقَتَك | Your pl. expense نَفقَتكُم | His expense نَفقَتُه | Her expense نَفقَتها | Their expense نَفقَتهُم | Our expense نَفقَتنا
only_theirs,skip,msa,L,not in our dictionary,,,,,,,,,,,,مَملوك,mamlook,Owned,noun,Economics,,,,My owned مَملوكي | Your f. owned مَملوكِك | Your m. owned مَملوكَك | Your pl. owned مَملوككُم | His owned مَملوكُه | Her owned مَملوكها | Their owned مَملوكهُم | Our owned مَملوكنا
only_theirs,skip,msa,M,not in our dictionary,,,,,,,,,,,,وسائل انتاج,wsa2l,Means of Production,noun,Economics,,,,
only_theirs,skip,msa,M,not in our dictionary,,,,,,,,,,,,صورة نَمطية,Soora,Stereotype,noun,Philosophy,,,,
only_theirs,skip,msa,M,not in our dictionary,,,,,,,,,,,,قيد,qeed,Restriction,noun,Philosophy,,قيود (qeeood),,My restriction قيدي | Your f. restriction قيدِك | Your m. restriction قيدَك | Your pl. restriction قيدكُم | His restriction قيدُه | Her restriction قيدها | Their restriction قيدهُم | Our restriction قيدنا
only_theirs,skip,unsure,M,not in our dictionary,,,,,,,,,,,,تأيد,taeed,Support (for a position),noun,Philosophy,,,,My support (for a position) تأيدي | Your f. support (for a position) تأيدِك | Your m. support (for a position) تأيدَك | Your pl. support (for a position) تأيدكُم | His support (for a position) تأيدُه | Her support (for a position) تأيدها | Their support (for a position) تأيدهُم | Our support (for a position) تأيدنا
only_theirs,skip,msa,M,not in our dictionary,,,,,,,,,,,,نَمط,namT,Pattern,noun,Philosophy,,,,My pattern نَمطي | Your f. pattern نَمطِك | Your m. pattern نَمطَك | Your pl. pattern نَمطكُم | His pattern نَمطُه | Her pattern نَمطها | Their pattern نَمطهُم | Our pattern نَمطنا
only_theirs,skip,unsure,M,not in our dictionary,,,,,,,,,,,,إشياء مادية,isheea2,Material things,noun,Philosophy,,,,
only_theirs,skip,lev_other,M,not in our dictionary,,,,,,,,,,,,شَرى,shara,To buy,verb,Shopping,,,,Active participle شارِي | Passive participle مَشْرِي | Masdar شَرِي
only_theirs,skip,msa,L,not in our dictionary,,,,,,,,,,,,غُرفة قياس,ghoorfa,Fitting room,noun,Shopping,,,,
only_theirs,skip,msa,M,not in our dictionary,,,,,,,,,,,,عَبَر,3abar,To cross / traverse,verb,Travel,,,,Active participle عابِر | Passive participle مَعْبُور | Masdar عَبْر
only_theirs,skip,lev_other,L,not in our dictionary,,,,,,,,,,,,ريال,reeal,Riyal,noun,Money,,ريالات (reealat),,My riyal ريالي | Your f. riyal ريالِك | Your m. riyal ريالَك | Your pl. riyal ريالكُم | His riyal ريالُه | Her riyal ريالها | Their riyal ريالهُم | Our riyal ريالنا
only_theirs,skip,unsure,M,not in our dictionary,,,,,,,,,,,,عَيد زَوّاج,3ayd,Wedding anniversary,noun,Social,,,,
only_theirs,skip,unsure,M,not in our dictionary,,,,,,,,,,,,عَيد راس السَنة,3ayd,New year,noun,Social,,,,
only_theirs,skip,pal,M,not in our dictionary,,,,,,,,,,,,لا شُكراً,la,No thank you,functional,Exclamations,,,,
only_theirs,skip,msa,M,not in our dictionary,,,,,,,,,,,,نَسَب,nasab,To relate to / correlate with,verb,Relationships,,,,Active participle ناسِب | Passive participle مَنْسُوب | Masdar نَسْب
only_theirs,skip,lev_other,M,not in our dictionary,,,,,,,,,,,,عَبَط,3abaT,To hug,verb,Relationships,,,,Active participle عابِط | Passive participle مَعْبُوط | Masdar عَبْط
only_theirs,skip,unsure,M,not in our dictionary,,,,,,,,,,,,مَعارِض,ma3ariD,exhibition,noun,Business,,,,My exhibition مَعارِضي | Your f. exhibition مَعارِضِك | Your m. exhibition مَعارِضَك | Your pl. exhibition مَعارِضكُم | His exhibition مَعارِضُه | Her exhibition مَعارِضها | Their exhibition مَعارِضهُم | Our exhibition مَعارِضنا
only_theirs,skip,unsure,L,not in our dictionary,,,,,,,,,,,,وِرثة,wirtha,inheritance,noun,Business,,,,My inheritance وِرثَتي | Your f. inheritance وِرثَتِك | Your m. inheritance وِرثَتَك | Your pl. inheritance وِرثَتكُم | His inheritance وِرثَتُه | Her inheritance وِرثَتها | Their inheritance وِرثَتهُم | Our inheritance وِرثَتنا
only_theirs,skip,msa,M,not in our dictionary,,,,,,,,,,,,إصدار,iSdar,publishing,noun,Business,,,,My publishing إصداري | Your f. publishing إصدارِك | Your m. publishing إصدارَك | Your pl. publishing إصداركُم | His publishing إصدارُه | Her publishing إصدارها | Their publishing إصدارهُم | Our publishing إصدارنا
only_theirs,skip,msa,M,not in our dictionary,,,,,,,,,,,,تَسَوّق,tasawwq,shopping,noun,Business,,,,My shopping تَسَوّقي | Your f. shopping تَسَوّقِك | Your m. shopping تَسَوّقَك | Your pl. shopping تَسَوّقكُم | His shopping تَسَوّقُه | Her shopping تَسَوّقها | Their shopping تَسَوّقهُم | Our shopping تَسَوّقنا
only_theirs,skip,msa,M,not in our dictionary,,,,,,,,,,,,إغتِيال,ightial,assassination,noun,Government,,,,My assassination إغتِيالي | Your f. assassination إغتِيالِك | Your m. assassination إغتِيالَك | Your pl. assassination إغتِيالكُم | His assassination إغتِيالُه | Her assassination إغتِيالها | Their assassination إغتِيالهُم | Our assassination إغتِيالنا
only_theirs,skip,msa,M,not in our dictionary,,,,,,,,,,,,مَسرَح جَريمة,masraH,crime scene,noun,Government,,,,
only_theirs,skip,lev_other,M,not in our dictionary,,,,,,,,,,,,إكتِصاد,iktiSad,economics,noun,Government,,,,My economics إكتِصادي | Your f. economics إكتِصادِك | Your m. economics إكتِصادَك | Your pl. economics إكتِصادكُم | His economics إكتِصادُه | Her economics إكتِصادها | Their economics إكتِصادهُم | Our economics إكتِصادنا
only_theirs,skip,msa,M,not in our dictionary,,,,,,,,,,,,عَبوة ناسِفة,3abooa,explosive device,noun,Government,,,,
only_theirs,skip,unsure,M,not in our dictionary,,,,,,,,,,,,عَبوة,3abooa,explosive device,,Government,,,,
only_theirs,skip,msa,M,not in our dictionary,,,,,,,,,,,,حُرّية تَعبير,Hoorreea,freedom of expression,noun,Government,,,,
only_theirs,skip,lev_other,M,not in our dictionary,,,,,,,,,,,,أَمن عام,amn,general security,noun,Government,,,,
only_theirs,skip,unsure,M,not in our dictionary,,,,,,,,,,,,أَمن,amn,general security,,Government,,,,
only_theirs,skip,msa,M,not in our dictionary,,,,,,,,,,,,مَراكِز حُكومية,marakiz,governmental departments,noun,Government,,,,
only_theirs,skip,unsure,M,not in our dictionary,,,,,,,,,,,,مَراكِز,marakiz,governmental departments,,Government,,,,
only_theirs,skip,msa,M,not in our dictionary,,,,,,,,,,,,مَقتَل,maqtal,murder,noun,Government,,,,My murder مَقتَلي | Your f. murder مَقتَلِك | Your m. murder مَقتَلَك | Your pl. murder مَقتَلكُم | His murder مَقتَلُه | Her murder مَقتَلها | Their murder مَقتَلهُم | Our murder مَقتَلنا
only_theirs,skip,msa,M,not in our dictionary,,,,,,,,,,,,المنظّمات الغير حكومية,il-mnZZmat,NGO,noun,Government,,,,My ngo المنظّمات غير حكوميَتي | Your f. ngo المنظّمات غير حكوميَتِك | Your m. ngo المنظّمات غير حكوميَتَك | Your pl. ngo المنظّمات غير حكوميَتكُم | His ngo المنظّمات غير حكوميَتُه | Her ngo المنظّمات غير حكوميَتها | Their ngo المنظّمات غير حكوميَتهُم | Our ngo المنظّمات غير حكوميَتنا
only_theirs,skip,unsure,H,not in our dictionary,,,,,,,,,,,,المنظّمات,il-mnZZmat,NGO,,Government,,,,My ngo المنظّمات غير حكوميَتي | Your f. ngo المنظّمات غير حكوميَتِك | Your m. ngo المنظّمات غير حكوميَتَك | Your pl. ngo المنظّمات غير حكوميَتكُم | His ngo المنظّمات غير حكوميَتُه | Her ngo المنظّمات غير حكوميَتها | Their ngo المنظّمات غير حكوميَتهُم | Our ngo المنظّمات غير حكوميَتنا
only_theirs,skip,lev_other,M,not in our dictionary,,,,,,,,,,,,تَقنين,taqneen,rolling blackouts,noun,Government,,,,My rolling blackouts تَقنيني | Your f. rolling blackouts تَقنينِك | Your m. rolling blackouts تَقنينَك | Your pl. rolling blackouts تَقنينكُم | His rolling blackouts تَقنينُه | Her rolling blackouts تَقنينها | Their rolling blackouts تَقنينهُم | Our rolling blackouts تَقنيننا
only_theirs,skip,msa,M,not in our dictionary,,,,,,,,,,,,تَعبير,ta3beer,speech,noun,Government,,,,My speech تَعبيري | Your f. speech تَعبيرِك | Your m. speech تَعبيرَك | Your pl. speech تَعبيركُم | His speech تَعبيرُه | Her speech تَعبيرها | Their speech تَعبيرهُم | Our speech تَعبيرنا
only_theirs,skip,msa,M,not in our dictionary,,,,,,,,,,,,سِفر,sifr,book of the Bible,noun,Religion,,,,My book of the bible سِفري | Your f. book of the bible سِفرِك | Your m. book of the bible سِفرَك | Your pl. book of the bible سِفركُم | His book of the bible سِفرُه | Her book of the bible سِفرها | Their book of the bible سِفرهُم | Our book of the bible سِفرنا
only_theirs,skip,msa,M,not in our dictionary,,,,,,,,,,,,الخَلق,il-khalq,creation,noun,Religion,,,,My creation الخَلقي | Your f. creation الخَلقِك | Your m. creation الخَلقَك | Your pl. creation الخَلقكُم | His creation الخَلقُه | Her creation الخَلقها | Their creation الخَلقهُم | Our creation الخَلقنا
only_theirs,skip,msa,M,not in our dictionary,,,,,,,,,,,,تَرنيم,tarneem,hymn,noun,Religion,,,,My hymn تَرنيمي | Your f. hymn تَرنيمِك | Your m. hymn تَرنيمَك | Your pl. hymn تَرنيمكُم | His hymn تَرنيمُه | Her hymn تَرنيمها | Their hymn تَرنيمهُم | Our hymn تَرنيمنا
only_theirs,skip,lev_other,L,not in our dictionary,,,,,,,,,,,,ماروني,maroonee,Maronite,noun,Religion,,,,My maronite مارونيي | Your f. maronite مارونيِك | Your m. maronite مارونيَك | Your pl. maronite مارونيكُم | His maronite مارونيُه | Her maronite مارونيها | Their maronite مارونيهُم | Our maronite مارونينا
only_theirs,skip,msa,H,not in our dictionary,,,,,,,,,,,,سَرمَدي,sarmadee,eternity,noun,Religion,,,,My eternity سَرمَديي | Your f. eternity سَرمَديِك | Your m. eternity سَرمَديَك | Your pl. eternity سَرمَديكُم | His eternity سَرمَديُه | Her eternity سَرمَديها | Their eternity سَرمَديهُم | Our eternity سَرمَدينا
only_theirs,skip,msa,M,not in our dictionary,,,,,,,,,,,,واعِظ,wa3iZ,preacher,noun,Religion,,,,My preacher واعِظي | Your f. preacher واعِظِك | Your m. preacher واعِظَك | Your pl. preacher واعِظكُم | His preacher واعِظُه | Her preacher واعِظها | Their preacher واعِظهُم | Our preacher واعِظنا
only_theirs,skip,msa,M,not in our dictionary,,,,,,,,,,,,أَبَد,abad,eternity future,noun,Religion,,,,My eternity future أَبَدي | Your f. eternity future أَبَدِك | Your m. eternity future أَبَدَك | Your pl. eternity future أَبَدكُم | His eternity future أَبَدُه | Her eternity future أَبَدها | Their eternity future أَبَدهُم | Our eternity future أَبَدنا
only_theirs,skip,msa,H,not in our dictionary,,,,,,,,,,,,أَزَل,azal,eternity past,noun,Religion,,,,My eternity past أَزَلي | Your f. eternity past أَزَلِك | Your m. eternity past أَزَلَك | Your pl. eternity past أَزَلكُم | His eternity past أَزَلُه | Her eternity past أَزَلها | Their eternity past أَزَلهُم | Our eternity past أَزَلنا
only_theirs,skip,msa,M,not in our dictionary,,,,,,,,,,,,مَذهَب,madhhab,sect,noun,Religion,,,,My sect مَذهَبي | Your f. sect مَذهَبِك | Your m. sect مَذهَبَك | Your pl. sect مَذهَبكُم | His sect مَذهَبُه | Her sect مَذهَبها | Their sect مَذهَبهُم | Our sect مَذهَبنا
only_theirs,skip,unsure,H,not in our dictionary,,,,,,,,,,,,بَشَر,bashar,evangelist,noun,Religion,,,,My evangelist بَشَري | Your f. evangelist بَشَرِك | Your m. evangelist بَشَرَك | Your pl. evangelist بَشَركُم | His evangelist بَشَرُه | Her evangelist بَشَرها | Their evangelist بَشَرهُم | Our evangelist بَشَرنا
only_theirs,skip,msa,M,not in our dictionary,,,,,,,,,,,,لاهوت,lahoot,theology,noun,Religion,,,,My theology لاهوتي | Your f. theology لاهوتِك | Your m. theology لاهوتَك | Your pl. theology لاهوتكُم | His theology لاهوتُه | Her theology لاهوتها | Their theology لاهوتهُم | Our theology لاهوتنا
only_theirs,skip,msa,M,not in our dictionary,,,,,,,,,,,,الحَديث النَبوي,il-Hadeeth,traditions (islamic),noun,Religion,,,,
only_theirs,skip,msa,M,not in our dictionary,,,,,,,,,,,,عَلامة إستِفهام,3alama,question mark,noun,Language,,,,
only_theirs,skip,msa,M,not in our dictionary,,,,,,,,,,,,فاصِلة,faSila,comma,noun,Language,,,,My comma فاصِلَتي | Your f. comma فاصِلَتِك | Your m. comma فاصِلَتَك | Your pl. comma فاصِلَتكُم | His comma فاصِلَتُه | Her comma فاصِلَتها | Their comma فاصِلَتهُم | Our comma فاصِلَتنا
only_theirs,skip,msa,H,not in our dictionary,,,,,,,,,,,,مَفعول,maf3ool,object (sent.),noun,Language,,,,My object (sent.) مَفعولي | Your f. object (sent.) مَفعولِك | Your m. object (sent.) مَفعولَك | Your pl. object (sent.) مَفعولكُم | His object (sent.) مَفعولُه | Her object (sent.) مَفعولها | Their object (sent.) مَفعولهُم | Our object (sent.) مَفعولنا
only_theirs,skip,unsure,H,not in our dictionary,,,,,,,,,,,,رابِطة,rabiTa,conjunction,noun,Language,,,,My conjunction رابِطَتي | Your f. conjunction رابِطَتِك | Your m. conjunction رابِطَتَك | Your pl. conjunction رابِطَتكُم | His conjunction رابِطَتُه | Her conjunction رابِطَتها | Their conjunction رابِطَتهُم | Our conjunction رابِطَتنا
only_theirs,skip,msa,M,not in our dictionary,,,,,,,,,,,,قَوسين,qawseen,parentheses,noun,Language,,,,My parentheses قَوسيني | Your f. parentheses قَوسينِك | Your m. parentheses قَوسينَك | Your pl. parentheses قَوسينكُم | His parentheses قَوسينُه | Her parentheses قَوسينها | Their parentheses قَوسينهُم | Our parentheses قَوسيننا
only_theirs,skip,msa,M,not in our dictionary,,,,,,,,,,,,إستِثناء,istithna2,exception,noun,Language,,,,My exception إستِثنائي | Your f. exception إستِثنائِك | Your m. exception إستِثنائَك | Your pl. exception إستِثنائكُم | His exception إستِثنائُه | Her exception إستِثنائها | Their exception إستِثنائهُم | Our exception إستِثنائنا
only_theirs,skip,msa,H,not in our dictionary,,,,,,,,,,,,نَهي,nahee,prohibition,noun,Language,,,,My prohibition نَهيي | Your f. prohibition نَهيِك | Your m. prohibition نَهيَك | Your pl. prohibition نَهيكُم | His prohibition نَهيُه | Her prohibition نَهيها | Their prohibition نَهيهُم | Our prohibition نَهينا
only_theirs,skip,msa,M,not in our dictionary,,,,,,,,,,,,إرتِجال,irtijal,improvising,noun,Art,,,,My improvising إرتِجالي | Your f. improvising إرتِجالِك | Your m. improvising إرتِجالَك | Your pl. improvising إرتِجالكُم | His improvising إرتِجالُه | Her improvising إرتِجالها | Their improvising إرتِجالهُم | Our improvising إرتِجالنا
only_theirs,skip,unsure,M,not in our dictionary,,,,,,,,,,,,آداء,aada2,performance,noun,Art,,,,My performance آدائي | Your f. performance آدائِك | Your m. performance آدائَك | Your pl. performance آدائكُم | His performance آدائُه | Her performance آدائها | Their performance آدائهُم | Our performance آدائنا
only_theirs,skip,msa,M,not in our dictionary,,,,,,,,,,,,إيقاع,ieeqa3,rhythm,noun,Art,,,,My rhythm إيقاعي | Your f. rhythm إيقاعِك | Your m. rhythm إيقاعَك | Your pl. rhythm إيقاعكُم | His rhythm إيقاعُه | Her rhythm إيقاعها | Their rhythm إيقاعهُم | Our rhythm إيقاعنا
only_theirs,skip,msa,M,not in our dictionary,,,,,,,,,,,,غِناء,ghina2,singing,noun,Art,,,,My singing غِنائي | Your f. singing غِنائِك | Your m. singing غِنائَك | Your pl. singing غِنائكُم | His singing غِنائُه | Her singing غِنائها | Their singing غِنائهُم | Our singing غِنائنا
