level_band,our_level,mvp,our_id,our_arabic,our_romanization,our_english,our_pos,confidence,reasons,external_verdict,external_fix,external_note,their_word,their_meaning
1-2,1,Y,2,إِنْتَ,inte,you (m. sg.),pronoun,2,romanization M; vocalised M; native_check,,,,,
1-2,1,Y,11,هَدُول,hadool,these,pronoun,2,romanization M; vocalised M,,,,,
1-2,1,Y,13,هَدِيك,hadiik,that (f.),pronoun,2,romanization M; native_check,,,,,
1-2,1,Y,18,وَيْن,ween,where,adverb,2,vocalised M,,,,,
1-2,1,Y,21,إِيمْتَى,eemta,when,adverb,2,romanization M; vocalised M,,,,,
1-2,1,Y,36,إِلْ,il-,to / for (possession),preposition,2,romanization M; vocalised M; native_check; correction harakaat M: إِلْ,,,,,
1-2,1,Y,38,فَوْق,foo',above / on top,preposition,2,vocalised M,,,,,
1-2,1,Y,44,وْ,w,and,conjunction,2,romanization M,,,,,
1-2,1,Y,48,إِذَا,iza,if,conjunction,2,vocalised M,,,,,
1-2,1,Y,77,هُنَاك,hunaak,there,adverb,2,romanization M,,,,,
1-2,1,Y,83,وَحْدِة,wa7de,"one (1, f.)",noun,2,vocalised M,,,,,
1-2,1,Y,88,خَمْسِة,khamse,five (5),noun,2,vocalised M,,,,,
1-2,1,Y,132,يُوم,yoom,day,noun,2,vocalised M,,,,,
1-2,1,Y,135,سَنَة,sane,year,noun,2,correction conjugation M: سْنِين (sniin),,,,,
1-2,1,Y,136,صُبْح,Sub7,morning,noun,2,romanization M; vocalised M,,,,,
1-2,1,Y,141,اِلْيُوم,il-yoom,today,adverb,2,vocalised M,,,,,
1-2,1,Y,146,بَعْدَيْن,ba3deen,later / then / after that,adverb,2,vocalised M,,,,,
1-2,1,Y,189,مِتْأَخِّر,mit'akhkher,late,adjective,2,romanization M,,,,,
1-2,1,Y,230,السَّلَامُ عَلَيْكُم,is-salaamu 3aleekum,peace be upon you (hello),formula,2,romanization M; vocalised M,,,,,
1-2,1,Y,245,صَبَاح الخِير,Sabaa7 il-kheer,good morning,formula,2,vocalised M,,,,,
1-2,1,Y,247,مَسَا الخَيْر,masa il-kheer,good evening,formula,2,romanization M,,,,,
1-2,1,Y,248,مَسَا النُّور,masa in-nuur,good evening (reply),formula,2,romanization M,,,,,
1-2,1,Y,249,تِصْبَح عَلَى خِير,tiSba7 3ala kheer,good night (to m.),formula,2,vocalised M,,,,,
1-2,1,Y,252,مَعْ السَّلَامِة,ma3 is-salaame,goodbye (to the one leaving),formula,2,vocalised M,,,,,
1-2,1,Y,253,اللَّه مَعَك,allaah ma3ak,God be with you / bye (to m.),formula,2,romanization M,,,,,
1-2,1,Y,317,كُلْشِي,kullshi,everything,pronoun,2,romanization M,,,,,
1-2,1,Y,507,أَخَد,akhad,took,verb,2,vocalised M,,,,,
1-2,1,Y,508,أَعْطَى,a3Ta,gave,verb,2,correction conjugation M: بتعطيني (bti3Tiini) = she gives me,,,,,
1-2,1,Y,518,جَاب,jaab,brought,verb,2,correction conjugation M: جيبلي (jiibli) = bring me (imperative),,,,,
1-2,1,Y,521,قِدِر,'idir,was able to / could,verb,2,native_check; correction conjugation M: بنقدر (bni'dar) = we can,,,,,
1-2,1,Y,622,أَكَل,akal,ate,verb,2,native_check; correction conjugation M: بنوكل (binookil) = we eat,,,,,
1-2,1,Y,672,اشْتَرَى,ishtara,bought,verb,2,correction conjugation M: بشتري (bashtari) = I buy,,,,,
1-2,1,Y,982,كْبِير,kbiir,big / large / old (person),adjective,2,correction conjugation M: كْبِيرَة (kbiire) f.,,,,,
1-2,1,Y,983,صْغِير,zghiir,small / little / young (person),adjective,2,romanization M; vocalised M; native_check,,,,,
1-2,1,Y,995,خُبِز,khubiz,bread,noun,2,romanization M; vocalised M,,,,,
1-2,1,Y,1083,حِلُو,7ilu,sweet,adjective,2,vocalised M,,,,,
1-2,1,Y,1091,بَيْت,beet,house / home,noun,2,vocalised M; correction conjugation M: بْيُوت (byuut),,,,,
1-2,1,Y,1199,بَارِد,baarid,cold (food/drink),adjective,2,"correction meaning M: cold (food, drink, weather, objects)",,,,,
1-2,1,Y,1317,وِين الـ...؟,ween il-,Where is the...?,frame,2,romanization M; vocalised M,,,,,
1-2,1,,46,لَإِنُّو,la'innu,because,conjunction,2,romanization M; vocalised M,,,,,
1-2,1,,47,عَشَان,3ashaan,because / in order to,conjunction,2,romanization M,,,,,
1-2,1,,58,مَا... ش,ma -sh,not (emphatic verb negation),particle,1,romanization L; vocalised M; native_check; correction meaning M: not (circumfix verb negation),,,,,
1-2,1,,62,فِي,fii,there is / there are,particle,2,romanization M,,,,,
1-2,1,,80,فُوق,foo',up / upstairs,adverb,2,vocalised M,,,,,
1-2,1,,84,تْنِين,tneen,two (2),noun,1,romanization M; vocalised L; native_check,,,,,
1-2,1,,85,ثِنْتِين,thinteen,"two (2, f.)",noun,2,romanization M; vocalised M; native_check; correction variant L: Used with feminine nouns; also common counting form. Urban often tinteen (ث→t),,,,,
1-2,1,,86,ثْلَاثِة,tlaate,three (3),noun,2,romanization M; vocalised M; correction romanization M: tlaate,,,,,
1-2,1,,91,ثْمَانְيِة,tmaanye,eight (8),noun,2,romanization M; vocalised M,,,,,
1-2,1,,95,اِثْنَعْش,ithna3sh,twelve (12),noun,2,romanization M,,,,,
1-2,1,,104,تْلَاتِين,tlaatiin,thirty (30),noun,2,vocalised M,,,,,
1-2,1,,119,ثَانِي,thaani,second,adjective,2,romanization M,,,,,
1-2,1,,233,مَرْحَبْتِين,mar7abteen,double hello (warm reply),formula,2,vocalised M,,,,,
1-2,1,,242,مْنִيحَة,mnii7a,good / well (f.),adjective,2,romanization M,,,,,
1-2,1,,250,تِصْبَحِي عَلَى خِير,tiSba7i 3ala kheer,good night (to f.),formula,2,vocalised M,,,,,
1-2,1,,254,اللّه مَعِك,allaah ma3ik,God be with you / bye (to f.),formula,2,romanization M,,,,,
1-2,1,,255,بَشُوفَك,bashuufak,see you (to m.),formula,2,romanization M; vocalised M; correction harakaat M: بَشُوفَك,,,,,
1-2,1,,256,بْشُوفِك,bshuufik,see you (to f.),formula,2,romanization M,,,,,
1-2,1,,257,بْشُوفَك بَعْدֵين,bshuufak ba3deen,see you later (to m.),formula,2,vocalised M,,,,,
1-2,1,,258,يَلَّا بَاي,yalla baay,OK bye! (casual),formula,2,romanization M,,,,,
1-2,1,,261,اللَّه يْسَلّْمَك,allaah ysallmak,God keep you safe (to m.),formula,2,romanization M; vocalised M,,,,,
1-2,1,,266,يِسْلَمُو إِيدَيْكِي,yislamu iideeki,bless your hands (to f.),formula,2,vocalised M,,,,,
1-2,1,,274,مַעְلִش,ma3lish,never mind / it's OK / sorry,formula,2,romanization M; vocalised M,,,,,
1-2,1,,280,إِنْ شَاء اللَّه,in shaa' allaah,God willing / hopefully,formula,2,romanization M; native_check,,,,,
1-2,1,,282,اللَّه يَعْطِيك العَافْيِة,allaah ya3Tiik il-3aafye,God give you strength (to m.),formula,2,romanization M; vocalised M,,,,,
1-2,1,,283,اللَّه يْعَافِيك,allaah y3aafiik,"God bless you (reply, to m.)",formula,2,"romanization M; correction meaning M: God give you health (reply to يعطيك العافية, to m.)",,,,,
1-2,1,,289,سَلَامְתִك,salaamtik,get well soon (to f.),formula,1,vocalised L,,,,,
1-2,1,,309,صَحْتَيْن,Sa7teen,bon appétit / to your health,formula,2,vocalised M,,,,,
1-2,1,,322,تَانِي,taani,other / another / again,adjective,2,correction meaning M: other / another / again; second,,,,,
1-2,1,,368,وَاللَّه,wallaah,I swear / really (emphatic),interjection,2,romanization M,,,,,
1-2,1,,416,إِنْ شَاء اللَّه,in shaa' allah,maybe / we'll see (hedging use),formula,2,romanization M,,,,,
1-2,1,,424,الحَمْدُ لِلَّه مَاشِي الحَال,il-7amdu lillaah maashi il-7aal,"fine, getting by",formula,2,romanization M,,,,,
1-2,1,,470,الحَمْدُ لِلَّه,il-7amdu lillaah,thankfully / praise God,formula,2,romanization M,,,,,
1-2,1,,758,لَوَيْن,laween,where to,adverb,2,vocalised M,,,,,
1-2,1,,782,أَهْلًا فِيكُم,ahlan fiikum,welcome (to pl.),formula,2,"romanization M; correction meaning M: welcome to you too (reply to أهلا وسهلا, to pl.)",,,,,
1-2,1,,836,زَلَمِة,zalame,man / guy,noun,2,vocalised M,,,,,
1-2,1,,840,وَاحַد,waa7ad,someone / a person / one,noun,2,romanization M; vocalised M,,,,,
1-2,1,,1652,شُغُل,shughul,work / job,noun,2,vocalised M,,,,,
1-2,1,,1686,شِيكِل,sheekel,shekel (currency),noun,1,romanization L; vocalised L; native_check; correction conjugation L: شَوَاكِل (shawaakil); شيكل invariant after numbers,,,,,
1-2,1,,1706,بِقَدَّيْش هَاد؟,bi'addeesh haad,How much is this?,formula,2,vocalised M,,,,,
1-2,1,,1740,أَلُو,aloo,hello (on phone),formula,1,romanization M; vocalised L; native_check,,,,,
1-2,1,,1853,يِعْطִيكِي العَافְיֵה,yi3Tiiki il-3aafye,God give you strength (to f.),formula,1,romanization M; vocalised L,,,,,
1-2,1,,1858,اللّه يْسَلّْمَك,allaah ysallmak,"God keep you safe (reply, to m.)",formula,2,romanization M; vocalised M,,,,,
1-2,1,,1895,مُمْكִن تْسَاعִדْנִי؟,mumkin tsaa3idni,Can you help me? (to m.),frame,1,vocalised L,,,,,
1-2,1,,1898,مُمْكِن تْعِيد؟,mumkin t3iid,Can you repeat? (to m.),formula,2,vocalised M,,,,,
1-2,1,,1968,شُو עַם בְּתִעְמַל؟,shu 3am bti3mal,What are you doing? (to m.),formula,1,vocalised L,,,,,
1-2,1,,1995,مَا رُحْتِش,ma ru7tish,I didn't go (emphatic),frame,2,correction meaning M: I didn't go,,,,,
1-2,1,,1997,مَا بَعْرِفْش,ma ba3rifsh,I don't know (emphatic),formula,2,romanization M; vocalised M; native_check; correction meaning M: I don't know; correction romanization L: ma ba3rafsh,,,,,
1-2,1,,2174,وَيْن,ween,where (dialect),adverb,2,vocalised M,,,,,
1-2,1,,2178,مِين,miin,who (dialect),pronoun,2,romanization M,,,,,
1-2,1,,2180,إِيمْتَى,eemta,when (dialect),adverb,2,romanization M; vocalised M,,,,,
1-2,1,,2269,أَلُو مَرْحَبَا,aloo mar7aba,Hello (phone opening),formula,2,romanization M; vocalised M,,,,,
1-2,1,,2666,مَا شَاءَ الله عَلَيْك,maa shaa' allaah 3aleek,"Wow, good for you (to m.)",formula,2,romanization M,,,,,
1-2,1,,2724,أَنَا مِن فَلَسْطִين,ana min falasTiin,I'm from Palestine,formula,2,romanization M; vocalised M; native_check,,,,,
1-2,1,,2725,أַנַא פִלַسְطִينִي,ana filasTiini,I'm Palestinian (m.),formula,2,romanization M; vocalised M,,,,,
1-2,1,,2726,أَنَا فِلَسْطِينِيِّة,ana filasTiiniyye,I'm Palestinian (f.),frame,2,romanization M; vocalised M; native_check,,,,,
1-2,2,Y,14,هَدُولَاك,hadoolaak,those,pronoun,2,romanization M; vocalised M,,,,,
1-2,2,Y,32,بَيْن,been,between,preposition,2,vocalised M,,,,,
1-2,2,Y,131,ثَانْيَة,thaanye,second (time),noun,2,romanization M; vocalised M; native_check,,,,,
1-2,2,Y,134,شَهِر,shahir,month,noun,2,romanization M; vocalised M,,,,,
1-2,2,Y,140,لَيْل,leel,night,noun,2,vocalised M,,,,,
1-2,2,Y,147,قَبْل شْوَيّ,'abl shwayy,a little while ago,adverb,2,vocalised M,,,,,
1-2,2,Y,157,يُوم الأَحَد,yoom il-'a7ad,Sunday,noun,2,vocalised M,,,,,
1-2,2,Y,158,يَوْم الإِتْنِين,yoom il-itneen,Monday,noun,2,vocalised M,,,,,
1-2,2,Y,159,يَوْم التَّلَاتَة,yoom it-talaate,Tuesday,noun,2,romanization M,,,,,
1-2,2,Y,160,يَوْم الأَرْبَعَا,yoom il-'arba3a,Wednesday,noun,2,romanization M,,,,,
1-2,2,Y,161,يَوْم الخَمِيس,yoom il-khamiis,Thursday,noun,2,vocalised M,,,,,
1-2,2,Y,162,يَوْم الجُمْعَة,yoom ij-jum3a,Friday,noun,2,romanization M; vocalised M; native_check,,,,,
1-2,2,Y,163,يُوم السَّبْت,yoom is-sabt,Saturday,noun,2,vocalised M,,,,,
1-2,2,Y,215,عُطْلَة,3uTle,holiday / vacation / day off,noun,2,vocalised M,,,,,
1-2,2,Y,320,غِير,gheer,other / different,adjective,2,vocalised M,,,,,
1-2,2,Y,385,أَخ,akh,ouch / ugh,interjection,2,romanization M; vocalised M,,,,,
1-2,2,Y,440,دِير بَالَك,diir baalak,take care / be careful (to m.),formula,2,romanization M; vocalised M; native_check,,,,,
1-2,2,Y,484,أَلْفَيْن,alfeen,two thousand (2000),noun,2,vocalised M,,,,,
1-2,2,Y,486,رَقَم,ra'am,number (formal),noun,2,romanization M; vocalised M,,,,,
1-2,2,Y,499,بِدُون,biduun,without,preposition,1,romanization L; vocalised L; native_check; correction harakaat L: بِدُون,,,,,
1-2,2,Y,523,اِتْذَكَّر,itzakkar,remembered,verb,2,romanization M; vocalised M; correction conjugation M: بتتذكّر (btitzakkar); correction romanization M: itzakkar,,,,,
1-2,2,Y,531,مِشِي,mishi,walked,verb,2,correction conjugation M: بتمشي (btimshi) = she walks,,,,,
1-2,2,Y,542,رِكِب,rikib,rode / got on (vehicle),verb,2,correction conjugation M: منركب (minirkab) = we ride,,,,,
1-2,2,Y,545,سَاق,saa',drove,verb,2,correction conjugation M: بَسُوق (basuu') = I drive,,,,,
1-2,2,Y,549,سَأَل,sa'al,asked,verb,2,correction conjugation M: بَسْأَل (bas'al) = I ask,,,,,
1-2,2,Y,555,كَذَب,kazab,lied,verb,2,romanization M; vocalised M,,,,,
1-2,2,Y,563,حَسّ,7ass,felt / sensed,verb,2,correction conjugation M: بَحِسّ (ba7iss) = I feel,,,,,
1-2,2,Y,574,قَرَا,'ara,read,verb,2,vocalised M; correction conjugation M: بَقْرَا (ba'ra) = I read,,,,,
1-2,2,Y,585,زِعِل,zi3il,got upset / angry,verb,2,vocalised M; correction harakaat M: زِعِل,,,,,
1-2,2,Y,603,نِجِح,niji7,succeeded / passed (exam),verb,2,romanization M; vocalised M; native_check; correction harakaat M: نِجِح,,,,,
1-2,2,Y,617,غَسَل,ghasal,washed,verb,2,correction conjugation M: اِغْسِل (ighsil) = wash! (imperative m.),,,,,
1-2,2,Y,625,تْعَشَّى,t3ashsha,had dinner,verb,2,correction conjugation M: بتتعشّوا (btit3ashshu) = you (pl.) have dinner,,,,,
1-2,2,Y,641,نَظَّف,naDDaf,cleaned,verb,2,romanization M; vocalised M; native_check,,,,,
1-2,2,Y,648,شَغَّل,shaghghal,turned on (device/machine),verb,2,correction conjugation M: بيشغّل (bishaghghil) = he turns on,,,,,
1-2,2,Y,669,وَجَع,waja3,hurt / ached,verb,2,romanization M; vocalised M,,,,,
1-2,2,Y,673,بَاع,baa3,sold,verb,2,correction conjugation M: بيبيع (bibii3) = he sells,,,,,
1-2,2,Y,680,رَمَى,rama,threw,verb,2,correction conjugation M: بتِرمي (bitirmi) = you (m.) throw,,,,,
1-2,2,Y,698,لِعِب,li3ib,played,verb,2,correction conjugation M: منلعب (mnil3ab) = we play,,,,,
1-2,2,Y,707,شَكَر,shakar,thanked,verb,2,correction conjugation M: بَشْكُرَك (bashkurak) = I thank you,,,,,
1-2,2,Y,725,طَلَب,Talab,ordered / requested,verb,2,correction conjugation M: بتطلبي (btiTlubi) = you (f.) order,,,,,
1-2,2,Y,819,زُوجَة,zooje,wife,noun,2,romanization M; vocalised M,,,,,
1-2,2,Y,848,رَاس,raas,head,noun,2,correction conjugation M: رُوس (ruus),,,,,
1-2,2,Y,851,عَيْن,3een,eye,noun,2,correction conjugation M: عْيُون (3yuun),,,,,
1-2,2,Y,852,إِذِن,idin,ear,noun,1,romanization L; vocalised L; native_check,,,,,
1-2,2,Y,853,مَنْخَار,mankhaar,nose,noun,2,romanization M; vocalised M,,,,,
1-2,2,Y,860,إِيد,iid,hand / arm,noun,2,romanization M,,,,,
1-2,2,Y,861,صْبَاع,Sbaa3,finger,noun,2,native_check,,,,,
1-2,2,Y,864,بَطِن,baTin,stomach / belly,noun,2,romanization M; vocalised M,,,,,
1-2,2,Y,869,قَلِب,'alib,heart,noun,2,romanization M; vocalised M,,,,,
1-2,2,Y,885,دُكْتُور,duktoor,doctor,noun,2,romanization M,,,,,
1-2,2,Y,927,مَلْيَان,malyaan,fed up / full (m.),adjective,2,native_check; correction meaning M: full / filled (m.); also plump (of a person),,,,,
1-2,2,Y,935,جَوْعَان,joo3aan,hungry (m.),adjective,2,romanization M; vocalised M,,,,,
1-2,2,Y,970,ثْقِيل,t'iil,heavy / annoying (person),adjective,2,romanization M; vocalised M; native_check,,,,,
1-2,2,Y,997,لَحْمَة,la7ma,meat,noun,2,romanization M,,,,,
1-2,2,Y,1018,شُورْبَة,shoorba,soup,noun,2,vocalised M; correction root M:,,,,,
1-2,2,Y,1027,بَنَدُورَة,banadoora,tomato,noun,2,romanization M; vocalised M; native_check,,,,,
1-2,2,Y,1030,تُوم,tuum,garlic,noun,2,romanization M,,,,,
1-2,2,Y,1038,مُوز,mooz,banana,noun,2,vocalised M,,,,,
1-2,2,Y,1040,لَيْمُون,leemuun,lemon,noun,2,romanization M; vocalised M,,,,,
1-2,2,Y,1055,مِلِح,mili7,salt,noun,2,romanization M; vocalised M,,,,,
1-2,2,Y,1070,شُوكَة,shooke,fork,noun,2,vocalised M,,,,,
1-2,2,Y,1071,سِكِّينِة,sikkiine,knife,noun,2,vocalised M,,,,,
1-2,2,Y,1102,شُبَّاك,shubbaak,window,noun,2,correction conjugation M: شَبَابِيك (shabaabiik),,,,,
1-2,2,Y,1126,تِلِفِزْيُون,tilifizyoon,television,noun,2,romanization M; vocalised M; correction harakaat M: تِلِفِزْيُون,,,,,
1-2,2,Y,1132,زِبَالَة,zibaale,trash / garbage,noun,2,romanization M; vocalised M,,,,,
1-2,2,Y,1135,مَنْشَفِة,manshafe,towel,noun,2,romanization M; vocalised M,,,,,
1-2,2,Y,1139,جَكֵيت,jakeet,jacket,noun,1,romanization M; vocalised L,,,,,
1-2,2,Y,1166,بُنِّي,bunni,brown,adjective,2,romanization M; vocalised M,,,,,
1-2,2,Y,1167,بُرْتُقَالِي,burtu'aali,orange (color),adjective,2,romanization M; correction variant M: Urban ق→ء. Colloquial variant بُرْتُقَانِي (burtu'aani) also common,,,,,
1-2,2,Y,1213,أَرْض,arD,floor / ground,noun,2,correction meaning M: floor / ground / land,,,,,
1-2,2,Y,1229,وَسِخ,wasikh,dirty,adjective,2,romanization M; vocalised M; native_check,,,,,
1-2,2,Y,1251,دُكَّانِة,dukkaane,shop / small store,noun,2,romanization M; vocalised M,,,,,
1-2,2,Y,1261,مَكْتَبِة,maktabe,bookstore / library,noun,2,vocalised M,,,,,
1-2,2,Y,1284,مَوْقِف,maw'if,parking lot / bus stop,noun,1,romanization L; vocalised L; native_check,,,,,
1-2,2,Y,1288,تَاكْسِي,taaksi,taxi,noun,2,romanization M,,,,,
1-2,2,Y,1295,تَذْكَرَة,tazkara,ticket,noun,2,romanization M; vocalised M; native_check; correction conjugation M: تَذَاكِر (tazaakir),,,,,
1-2,2,Y,1313,بَعِيد,ba3iid,far,adjective,2,romanization M; vocalised M; correction conjugation M: بَعِيدَة (ba3iide) f.,,,,,
1-2,2,Y,1321,عَ الزَّاوْيِة,3az-zaawye,on the corner,adverb,2,romanization M; vocalised M,,,,,
1-2,2,Y,1337,شَمِس,shamis,sun,noun,2,romanization M; vocalised M,,,,,
1-2,2,Y,1344,شِتَا,shita,rain / winter rain,noun,2,correction meaning M: rain / winter,,,,,
1-2,2,Y,1353,كِيف الجَوّ؟,keef il-jaww,How's the weather?,formula,2,romanization M; vocalised M,,,,,
1-2,2,Y,1378,كَلِب,kalib,dog,noun,2,romanization M; vocalised M,,,,,
1-2,2,Y,1379,بِسِّة,bisse,cat,noun,2,vocalised M,,,,,
1-2,2,Y,1479,ضَعِيف,Da3iif,weak,adjective,2,correction conjugation M: ضَعِيفَة (Da3iife) f.,,,,,
1-2,2,Y,1528,رْخِيص,rkhiiS,cheap / inexpensive,adjective,2,correction conjugation M: رْخِيصَة (rkhiiSa) f.,,,,,
1-2,2,Y,1671,هَوِيِّة,hawiyye,identity / ID card,noun,2,romanization M; vocalised M; native_check; correction harakaat M: هَوِيِّة,,,,,
1-2,2,Y,1701,كِيلُو,kiilo,kilogram,noun,2,romanization M,,,,,
1-2,2,Y,1705,عِلْبِة,3ilbe,box / can / package,noun,2,vocalised M,,,,,
1-2,2,Y,1719,كَمْبْيُوتَر,kambyuutar,computer,noun,2,romanization M; vocalised M,,,,,
1-2,2,Y,1723,إِنْتَرْنِت,internet,internet,noun,1,romanization M; vocalised L,,,,,
1-2,2,Y,1809,شُو بْتِشْتَغِل؟,shu btishtaghil,What do you do for work? (to m.),formula,2,romanization M; vocalised M,,,,,
1-2,2,Y,1846,بِالتَّوْفِيق,bit-tawfii',good luck,formula,2,romanization M,,,,,
1-2,2,Y,1867,مِنْيُو,minyu,menu,noun,2,romanization M; vocalised M,,,,,
1-2,2,Y,2132,بَطَّل,baTTal,stopped / quit / it's no longer,verb,2,correction conjugation M: بَبَطِّل (babaTTil) = I stop,,,,,
1-2,2,Y,2390,دُشّ,dushsh,shower,noun,2,romanization M,,,,,
1-2,2,Y,2580,وَرْجَى,warja,showed,verb,2,native_check; correction conjugation M: بِيوَرْجِي (biwarji) = he shows,,,,,
1-2,2,,96,ثْلَثْطَعْش,tlatTa3sh,thirteen (13),noun,1,romanization M; vocalised L; native_check,,,,,
1-2,2,,102,تِسَعْطَعْش,tisa3Ta3sh,nineteen (19),noun,2,romanization M,,,,,
1-2,2,,112,مِيتَيْن,miteen,two hundred (200),noun,2,vocalised M,,,,,
1-2,2,,116,رُبْع,rub3,quarter,noun,2,romanization M; vocalised M; correction harakaat M: رُبْع,,,,,
1-2,2,,117,تُلْت,tult,third (fraction),noun,2,romanization M; vocalised M; native_check,,,,,
1-2,2,,120,تَالِت,taalit,third,adjective,2,romanization M; vocalised M; native_check; correction conjugation M: تَالْتِة (taalte) f.,,,,,
1-2,2,,125,ثَامِن,thaamin,eighth,adjective,2,romanization M; native_check; correction romanization L: taamin,,,,,
1-2,2,,150,كَم يُوم,kam yoom,a few days,adverb,2,vocalised M; correction meaning M: a few days / how many days?,,,,,
1-2,2,,151,هَالأُسْبُوع,hal-'usbuu3,this week,adverb,2,romanization M,,,,,
1-2,2,,155,السَّنِة الجَايِة,is-sane ij-jaaye,next year,adverb,2,vocalised M,,,,,
1-2,2,,156,السَّنِة اللِّي فَاتَت,is-sane illi faatat,last year,adverb,2,romanization M; vocalised M,,,,,
1-2,2,,164,كَانُون ثَانِي,kaanuun thaani,January,noun,2,romanization M; vocalised M; native_check; correction variant L: Levantine calendar. Urban speech often kaanuun it-taani (ث→t). Western: يَنَايِر,,,,,
1-2,2,,166,آذَار,aazaar,March,noun,2,romanization M; correction romanization M: aazaar,,,,,
1-2,2,,172,أَيْلُول,eeluul,September,noun,2,romanization M; native_check,,,,,
1-2,2,,177,شִתַא,shita,winter,noun,2,vocalised M; correction meaning M: winter; also rain (dialect),,,,,
1-2,2,,182,السَّاعَة ثِنْتِين,is-saa3a tinteen,It's two o'clock,frame,2,romanization M; vocalised M,,,,,
1-2,2,,183,السَّاعَة ثْلَاثِة,is-saa3a tlaate,It's three o'clock,frame,2,romanization M; vocalised M; native_check; correction romanization M: is-saa3a tlaate,,,,,
1-2,2,,185,السَّاعَة وْرُبُع,is-saa3a w rubu3,quarter past,frame,2,romanization M,,,,,
1-2,2,,187,السَّاعَة وْعَشَرَة,is-saa3a w 3ashara,ten past,frame,2,romanization M,,,,,
1-2,2,,198,مَرَّتِين,marrateen,twice,adverb,2,romanization M; vocalised M,,,,,
1-2,2,,206,مِن زَمَان,min zamaan,a long time ago,adverb,2,correction meaning M: a long time ago / for a long time; long time no see,,,,,
1-2,2,,213,وَقْت الفْطُور,wa't il-fuTuur,breakfast time,noun,2,vocalised M,,,,,
1-2,2,,218,عِنْدِي مَوْعِد,3indi maw3id,I have an appointment,frame,2,romanization M; vocalised M,,,,,
1-2,2,,219,شُو الوَقْت؟,shu il-wa't,What time is it? (casual),formula,2,native_check,,,,,
1-2,2,,259,رُوح بِالسَّلَامِة,ruu7 bis-salaame,go safely (to m.),formula,2,vocalised M,,,,,
1-2,2,,273,تِكْرَمِي عَيْنِك,tikrami 3eenik,of course / gladly (to f.),formula,2,romanization M; vocalised M,,,,,
1-2,2,,292,البَقَاء لِلَّه,il-ba'a lillaah,condolences (lit: permanence is God's),formula,2,romanization M; native_check,,,,,
1-2,2,,295,يِخْرِب بِيتَك,yikhrib beetak,expression of exasperation (to m.),formula,2,romanization M; vocalised M; correction harakaat M: يِخْرِب,,,,,
1-2,2,,304,اللَّه يُسْتُر,allaah yustur,God protect us,formula,2,romanization M; vocalised M,,,,,
1-2,2,,305,يَا رَيْت,ya reet,I wish / if only,formula,2,vocalised M,,,,,
1-2,2,,306,الحَمْدُ لِلَّه عَ السَّلَامِة,il-7amdu lillaah 3as-salaame,thank God for your safe arrival,formula,2,romanization M; vocalised M,,,,,
1-2,2,,307,اللّه يِحْفَظَك,allaah yi7faTHak,God protect you (to m.),formula,2,romanization M; vocalised M,,,,,
1-2,2,,311,يَعْطِيك أَلْف عَافْيِة,ya3Tiik alf 3aafye,God give you a thousand strengths,formula,2,vocalised M,,,,,
1-2,2,,312,نِمْرَة,nimra,number,noun,2,"correction meaning M: number (phone, plate, size, ticket)",,,,,
1-2,2,,324,هَيّ,hayy,here it is (f.) / this is,particle,2,romanization M; vocalised M; native_check; correction gender L:,,,,,
1-2,2,,325,هَيُّو,hayyu,here it is (m.) / here he is,particle,2,romanization M; vocalised M,,,,,
1-2,2,,335,عَشَان هَيْك,3ashaan heek,that's why / therefore,conjunction,2,vocalised M,,,,,
1-2,2,,336,لَهَيْك,laheek,that's why,conjunction,2,vocalised M,,,,,
1-2,2,,369,بِالزَّبْط,biz-zabT,exactly,adverb,2,romanization M,,,,,
1-2,2,,373,بْتִעْרַף شُو,bti3raf shu,you know what (to m.),formula,1,romanization M; vocalised L; native_check; correction harakaat M: بْتِعْرَف,,,,,
1-2,2,,387,أُوف,oof,ugh / sigh,interjection,2,romanization M; vocalised M,,,,,
1-2,2,,395,زْهِقِت,zhi't,I'm so bored / fed up,verb,2,romanization M; vocalised M; native_check; correction harakaat M: زْهِقْت,,,,,
1-2,2,,414,اللَّه أَعْلَم,allaah a3lam,God knows / who knows,formula,2,romanization M,,,,,
1-2,2,,418,بِدِّي أَحْكِيلَك إِشِي,biddi a7kiilak ishi,I want to tell you something (to m.),formula,2,romanization M,,,,,
1-2,2,,437,اِلْبِيت بِيتِك,il-beet beetik,make yourself at home (to f.),formula,2,vocalised M,,,,,
1-2,2,,438,لَا تִתْعַب حَالַك,la tit3ab 7aalak,don't trouble yourself (to m.),formula,1,vocalised L,,,,,
1-2,2,,439,لَا تِتْعَبِي حَالِك,la tit3abi 7aalik,don't trouble yourself (to f.),formula,2,native_check,,,,,
1-2,2,,443,عَلَى رَاسِي وْعِينِي,3ala raasi w 3eeni,with all my heart / absolutely,formula,2,vocalised M,,,,,
1-2,2,,451,هَاد مِن ذَوْقَك,haad min zoo'ak,that's kind of you (to m.),formula,2,romanization M; vocalised M,,,,,
1-2,2,,462,عَ الأَقَلّ,3al-'a'all,at least,adverb,2,romanization M,,,,,
1-2,2,,466,مَثَلًا,masalan,for example,adverb,2,romanization M; native_check,,,,,
1-2,2,,471,بِإِذْن اللَّه,bi'idhn illaah,God willing (formal),formula,2,romanization M,,,,,
1-2,2,,479,وَاحَد وْعِشْرִين,waa7ad w 3ishriin,twenty-one (21),noun,2,romanization M; vocalised M,,,,,
1-2,2,,482,ثْلَاثْمِيِّة,tlaatmiyye,three hundred (300),noun,1,romanization L; vocalised M; native_check; correction romanization M: tlaatmiyye,,,,,
1-2,2,,483,خَمْسِمِيَّة,khamsimiyye,five hundred (500),noun,2,romanization M; vocalised M,,,,,
1-2,2,,485,عَشَر تْلَاف,3ashar talaaf,"ten thousand (10,000)",noun,2,romanization M; vocalised M,,,,,
1-2,2,,515,ضَلّ,Dall,stayed / remained / kept,verb,2,correction root M: ظ-ل-ل,,,,,
1-2,2,,519,بَعَت,ba3at,sent,verb,2,correction conjugation M: ببعتلك (bab3atlak) = I send you (m.),,,,,
1-2,2,,547,لِحِق,li7i',caught up / followed,verb,2,romanization M; vocalised M; native_check; correction harakaat M: لِحِق,,,,,
1-2,2,,587,فِرِح,firi7,was happy / rejoiced,verb,2,vocalised M,,,,,
1-2,2,,589,قِلِق,'ili',worried,verb,2,vocalised M; correction harakaat M: قِلِق; correction conjugation M: بتقلقي (bti'la'i); correction meaning M: got worried / worried,,,,,
1-2,2,,616,قَلَع,'ala3,took off (clothes/shoes),verb,2,correction conjugation M: اِقْلَعُوا (i'la3u),,,,,
1-2,2,,621,فَرַّش,farrash,brushed (teeth),verb,2,romanization M; vocalised M; native_check; correction harakaat M: فَرَّش,,,,,
1-2,2,,626,فِطِر,fiTir,had breakfast,verb,2,romanization M; vocalised M; native_check; correction harakaat M: فِطِر; correction conjugation M: بفطر (bafTur) = I have breakfast,,,,,
1-2,2,,645,غَسَّل,ghassal,did laundry,verb,2,"correction meaning M: washed (clothes, dishes); did laundry",,,,,
1-2,2,,670,مِرِض,miriD,got sick,verb,2,correction conjugation M: بتمرض (btimraD) = she gets sick,,,,,
1-2,2,,690,ضَرَب,Darab,hit / beat,verb,2,correction conjugation M: بيضرب (biDrub) = he hits,,,,,
1-2,2,,693,ضַاע,Daa3,got lost,verb,2,correction conjugation M: بيضيع (biDii3) = he gets lost,,,,,
1-2,2,,703,لَحَّق,la77a',made it in time / caught up,verb,2,correction conjugation M: منلحّق (minla77i') = we make it in time,,,,,
1-2,2,,719,اسْتَرَاح,istaraa7,rested,verb,2,correction conjugation M: بتستريحي (btistarii7i) = you (f.) rest,,,,,
1-2,2,,731,تْلَاقَى,tlaa'a,met (each other),verb,2,romanization M,,,,,
1-2,2,,735,سِكِت,sikit,was quiet / shut up,verb,2,romanization M; vocalised M; native_check; correction harakaat M: سِكِت,,,,,
1-2,2,,753,لَا... وَلَا,la wala,neither... nor,conjunction,2,romanization M,,,,,
1-2,2,,761,مِيتَيْن وْخَمْسِين,miteen w khamsiin,two hundred and fifty (250),noun,2,romanization M,,,,,
1-2,2,,762,تْلَاتَة وْنُصّ,tlaate w nuSS,three and a half,noun,2,vocalised M,,,,,
1-2,2,,773,عِيد المِيلَاد,3iid il-miilaad,Christmas / birthday,noun,2,romanization M,,,,,
1-2,2,,780,وَحَشْتِنِي,wa7ashtini,I missed you (to f.),formula,2,romanization M; vocalised M; native_check; correction gender M: m,,,,,
1-2,2,,783,خَلِّيك بْخَيْر,khalliik bkheer,"stay well (farewell, to m.)",formula,2,romanization M; vocalised M,,,,,
1-2,2,,786,يَلَّا أَنَا رَايْحَة,yalla ana raay7a,alright I'm heading out (f.),formula,2,romanization M,,,,,
1-2,2,,787,بَعْتِذِر,ba3tizir,I apologize,formula,2,romanization M; vocalised M; native_check,,,,,
1-2,2,,788,سَامِحْنِي,saami7ni,forgive me (to m.),formula,2,romanization M,,,,,
1-2,2,,789,سَامْحِينِي,saam7iini,forgive me (to f.),formula,2,romanization M; vocalised M,,,,,
1-2,2,,791,اللَّه لَا يْهِينَك,allah la yhiinak,"God not disgrace you (polite request, to m.)",formula,2,native_check,,,,,
1-2,2,,805,سِيدِي,siidi,my grandfather,noun,2,romanization M,,,,,
1-2,2,,817,زُوج,zooj,husband,noun,2,romanization M; vocalised M,,,,,
1-2,2,,821,خَطِيب,khaTiib,fiancé,noun,2,correction meaning M: fiancé; preacher (mosque),,,,,
1-2,2,,826,حَمَاة,7amaa,mother-in-law,noun,2,romanization M; vocalised M,,,,,
1-2,2,,837,خِتْيَار,khityaar,old man,noun,2,romanization M; vocalised M,,,,,
1-2,2,,854,خَشِم,khashim,nose (colloquial),noun,2,romanization M; vocalised M; native_check,,,,,
1-2,2,,886,دُكْتُورَة,duktoora,doctor (f.),noun,2,romanization M; vocalised M,,,,,
1-2,2,,893,رَشْح,rash7,cold (illness),noun,1,romanization L; vocalised L; native_check; correction harakaat L: رَشْح,,,,,
1-2,2,,909,رَاسِي بْوَجِّعْنِي,raasi bwajji3ni,my head hurts,frame,2,romanization M; vocalised M; correction harakaat M: بْوَجِّعْنِي,,,,,
1-2,2,,910,بَطْنِي بْتُوجَعْنِي,baTni btooja3ni,my stomach hurts,formula,2,romanization M; vocalised M,,,,,
1-2,2,,913,وِين أَقْرَب صَيْدَلِيِّة؟,ween a'rab Saydaliyye,where's the nearest pharmacy?,frame,2,vocalised M,,,,,
1-2,2,,937,طَيِّب,Tayyib,kind / good-hearted,adjective,2,correction meaning M: kind / good-hearted; tasty (of food),,,,,
1-2,2,,940,ذَكِي,zaki,smart / intelligent,adjective,2,romanization M,,,,,
1-2,2,,969,ظَرِيف,THariif,funny / witty / charming,adjective,2,romanization M; native_check,,,,,
1-2,2,,977,مِش طَبِيعِي,mish Tabii3i,not normal / weird,adjective,2,"correction meaning M: not normal / weird; also unbelievable, amazing (emphatic)",,,,,
1-2,2,,981,عُمْرِي ... سَنِة,3umri sane,I'm ... years old,frame,2,romanization M; vocalised M; native_check,,,,,
1-2,2,,992,عِرِس,3iris,wedding,noun,2,romanization M; vocalised M,,,,,
1-2,2,,998,دْجَاج,djaaj,chicken,noun,2,romanization M,,,,,
1-2,2,,1012,شَاوَرْمَا,shaawarma,shawarma,noun,2,romanization M,,,,,
1-2,2,,1023,كْنَافِة,knaafe,knafeh (cheese pastry dessert),noun,2,vocalised M,,,,,
1-2,2,,1026,فَوَاكِه,fawaakih,fruits,noun,2,romanization M,,,,,
1-2,2,,1032,كُوسَا,kuusa,zucchini,noun,2,romanization M; vocalised M,,,,,
1-2,2,,1033,بَاذِنْجَان,baadinjaan,eggplant,noun,1,romanization L; vocalised M; native_check; correction variant M: Everyday urban form: بيتنجان (beetinjaan),,,,,
1-2,2,,1039,بُرْتُقَال,burtu'aal,orange (fruit),noun,2,romanization M,,,,,
1-2,2,,1050,قَهْوِة عَرَبِيِّة,'ahwe 3arabiyye,Arabic coffee,noun,2,vocalised M,,,,,
1-2,2,,1051,نِسْكَافِيه,niskafee,instant coffee / Nescafé,noun,2,romanization M; vocalised M,,,,,
1-2,2,,1069,مَلْعَقَة,mal3a'a,spoon,noun,2,romanization M; vocalised M; native_check; correction variant M: مَعْلَقَة (ma3la'a) as main or variant form,,,,,
1-2,2,,1077,ثَلَّاجِة,tallaaje,refrigerator,noun,2,romanization M; vocalised M,,,,,
1-2,2,,1088,طَازَة,Taaza,fresh,adjective,2,romanization M,,,,,
1-2,2,,1093,أُوضِة النُّوم,ooDit in-noom,bedroom,noun,2,vocalised M,,,,,
1-2,2,,1095,صَالُون,Saaloon,living room / salon,noun,2,romanization M,,,,,
1-2,2,,1110,طَاوْلِة,Taawle,table,noun,2,vocalised M,,,,,
1-2,2,,1112,كَنَبَايِة,kanabaaye,couch / sofa,noun,2,romanization M; vocalised M,,,,,
1-2,2,,1147,كَنْدَرَة,kandara,shoe,noun,2,romanization M; vocalised M,,,,,
1-2,2,,1175,لُون,loon,color,noun,2,vocalised M,,,,,
1-2,2,,1191,تْوَالِيت,twaaleet,toilet,noun,2,romanization M; vocalised M,,,,,
1-2,2,,1200,سُخُن,sukhun,hot (food/drink),adjective,2,romanization M; vocalised M,,,,,
1-2,2,,1201,لَذِيذ,laziiz,delicious,adjective,2,romanization M; native_check; correction romanization M: laziiz,,,,,
1-2,2,,1212,حَيْط,7eeT,wall (interior),noun,2,correction meaning M: wall,,,,,
1-2,2,,1221,كَرَاج,karaaj,garage,noun,2,native_check; correction meaning M: garage; bus / service-taxi station,,,,,
1-2,2,,1228,نَضِيف,naDiif,clean,adjective,2,romanization M; vocalised M,,,,,
1-2,2,,1254,سُوبَرْمَارْكِت,suubarmaarkit,supermarket,noun,2,romanization M; vocalised M,,,,,
1-2,2,,1287,سَرْفِيس,sarfiis,shared taxi / minibus,noun,1,romanization L; vocalised M; native_check,,,,,
1-2,2,,1307,مَشْوَار,mashwaar,trip / errand / outing,noun,2,romanization M; vocalised M,,,,,
1-2,2,,1316,كِيف بَرُوح عَ...؟,keef baruu7 3a,How do I get to...?,frame,2,romanization M; vocalised M,,,,,
1-2,2,,1323,عَ إِيد الشّْمَال,3a iid ish-shmaal,on the left side,frame,2,romanization M,,,,,
1-2,2,,1328,تَانِي شَارِع عَ الشْمَال,taani shaari3 3ash-shmaal,second street on the left,frame,2,romanization M; vocalised M; native_check,,,,,
1-2,2,,1330,بْتِعْرَف وֵين ال...؟,bti3raf ween il-,Do you know where the...? (to m.),frame,1,romanization M; vocalised L,,,,,
1-2,2,,1333,عَالبَلَد لَوْ سَمَحْت,3al-balad law sama7t,To downtown please (to taxi driver),frame,2,romanization M,,,,,
1-2,2,,1335,قَدِّيش بْتَاخُد؟,'addeesh btaakhud,"How much do you charge? (to taxi driver, m.)",formula,2,romanization M; vocalised M,,,,,
1-2,2,,1336,اِلْجَوّ,il-jaww,the weather,noun,2,romanization M; vocalised M,,,,,
1-2,2,,1351,بَرْد,bard,cold / cold weather,noun,2,romanization M; vocalised M; correction harakaat M: بَرْد,,,,,
1-2,2,,1354,اليُوم حَرّ,il-yoom 7arr,It's hot today,formula,2,vocalised M,,,,,
1-2,2,,1355,اليَوْم بَرْد,il-yoom bard,It's cold today,formula,2,romanization M; vocalised M; correction harakaat M: بَرْد,,,,,
1-2,2,,1356,عَم بْتِشْتِي,3am btishti,It's raining,formula,2,romanization M; vocalised M; native_check; correction harakaat M: بْتِشْتِي,,,,,
1-2,2,,1358,الجَوّ حِلُو,il-jaww 7ilu,The weather is nice,formula,2,vocalised M,,,,,
1-2,2,,1375,أَرِض,ariD,land / earth,noun,2,romanization M; vocalised M,,,,,
1-2,2,,1376,زَيْتُونَة,zeetuune,olive tree,noun,2,romanization M; correction meaning M: olive tree / a single olive,,,,,
1-2,2,,1385,دْجَاجِة,djaaje,chicken (one),noun,2,romanization M; vocalised M,,,,,
1-2,2,,1413,هَاد اليُوم حِلُو,haad il-yoom 7ilu,It's a nice day today,formula,2,vocalised M,,,,,
1-2,2,,1414,الدِّنْيَا بَرْد,id-dinya bard,It's cold out,frame,2,romanization M; vocalised M; native_check; correction harakaat M: بَرْد,,,,,
1-2,2,,1418,بِدُّو يِمْطُر,biddu yimTur,It's going to rain,frame,2,romanization M; vocalised M; native_check,,,,,
1-2,2,,1435,رَام اللَّه,raam allah,Ramallah,noun,2,romanization M,,,,,
1-2,2,,1436,القُدِس,il-'udis,Jerusalem,noun,2,romanization M; vocalised M; native_check,,,,,
1-2,2,,1451,الضِّفِّة الغَرْبِيِّة,iD-Diffe il-gharbiyye,the West Bank,noun,2,vocalised M,,,,,
1-2,2,,1452,قِطَاع غَزِّة,qiTaa3 ghazze,the Gaza Strip,noun,2,romanization M; vocalised M; native_check,,,,,
1-2,2,,1467,ثْقِيل,t'iil,heavy,adjective,2,romanization M; vocalised M; native_check,,,,,
1-2,2,,1506,سَهِل,sahil,easy,adjective,2,romanization M; vocalised M,,,,,
1-2,2,,1513,مَشْغُول,mashghuul,busy,adjective,2,correction conjugation M: مَشْغُولِة (mashghuule) f.,,,,,
1-2,2,,1547,لَحَالُو,la7aalu,by himself / alone,adverb,2,correction harakaat M: لَحَالُو,,,,,
1-2,2,,1548,مَعْ بَعِض,ma3 ba3d,together,adverb,2,vocalised M,,,,,
1-2,2,,1551,بْكِفَايِة,bkifaaye,enough,adverb,1,romanization L; vocalised L; native_check,,,,,
1-2,2,,1563,أُسْتَاذ,ustaaz,teacher / professor / Mr.,noun,2,romanization M,,,,,
1-2,2,,1565,مْعَلّْمِة,m3allme,teacher (f.),noun,2,romanization M; vocalised M,,,,,
1-2,2,,1572,مْوَظَّف,mwaTHTHaf,employee / civil servant,noun,2,romanization M; vocalised M; native_check,,,,,
1-2,2,,1573,مْوَظَّفِة,mwaTHTHafe,employee (f.),noun,2,romanization M; vocalised M; native_check,,,,,
1-2,2,,1616,صَلَاة,Salaa,prayer,noun,2,romanization M,,,,,
1-2,2,,1639,ضِيف,Deef,guest,noun,2,vocalised M; correction conjugation M: ضْيُوف (Dyuuf),,,,,
1-2,2,,1656,وَظِيفَة,waTHiife,job / position,noun,2,romanization M,,,,,
1-2,2,,1688,دُولَار,doolaar,dollar,noun,1,romanization L; vocalised M; native_check,,,,,
1-2,2,,1692,فَاتُورَة,faatuura,receipt / bill / invoice,noun,2,romanization M,,,,,
1-2,2,,1696,بِطَاأَة,biTaa'a,card (credit/debit/ID),noun,2,vocalised M,,,,,
1-2,2,,1702,نُصّ كִيلُو,nuSS kiilo,half a kilo,noun,2,vocalised M,,,,,
1-2,2,,1703,رُبُع كِيلُو,rubu3 kiilo,quarter kilo,noun,2,romanization M,,,,,
1-2,2,,1712,بَاخُدُه,baakhdu,I'll take it,formula,2,vocalised M,,,,,
1-2,2,,1713,بْتِقْبَلُو كَاش بَسّ؟,bti'balu kaash bass,Do you accept cash only? (to pl.),frame,2,romanization M; vocalised M,,,,,
1-2,2,,1718,مُوبَايْل,mobaayl,mobile phone,noun,2,vocalised M,,,,,
1-2,2,,1720,لَابْتُوب,laabtoob,laptop,noun,2,romanization M,,,,,
1-2,2,,1724,وَاي فَاي,waay faay,WiFi,noun,2,romanization M,,,,,
1-2,2,,1743,بَبْعَتِلَّك مِسِج,bab3atillak misij,I'll send you a message (to m.),formula,2,romanization M; vocalised M,,,,,
1-2,2,,1744,رَنِّيلِي لَمَّا تُوصَل,ranniili lamma tooSal,Call me when you arrive (to m.),formula,2,romanization M; vocalised M,,,,,
1-2,2,,1748,عَطِينِي رَأْمَك,3aTiini ra'mak,Give me your number (to m.),formula,2,vocalised M,,,,,
1-2,2,,1750,شُو البَاسْوُورْد؟,shu il-baaswurd,What's the password?,formula,2,romanization M; vocalised M,,,,,
1-2,2,,1752,الإِنْتِرْنِت مِش مَاشِي,il-'internet mish maashi,The internet isn't working,frame,2,romanization M,,,,,
1-2,2,,1753,مِسِج,misij,text message,noun,2,romanization M; vocalised M,,,,,
1-2,2,,1758,شَرِيحَة,sharii7a,SIM card,noun,2,romanization M,,,,,
1-2,2,,1761,اِبْعَتْلِي فُويْس,ib3atli foys,Send me a voice note (to m.),frame,2,romanization M; vocalised M,,,,,
1-2,2,,1762,حَكِيتْلُو عَ التِّلِفُون,7akeetlu 3at-tilifoon,I talked to him on the phone,frame,2,romanization M; vocalised M; native_check,,,,,
1-2,2,,1765,شُو بْتِنْصَحْنِي فِيه؟,shu btinSa7ni fii,What do you recommend? (to m.),formula,2,romanization M,,,,,
1-2,2,,1768,مَعْلِيش مَا فِي...,ma3leesh ma fii,"Sorry, we don't have...",frame,2,romanization M; vocalised M,,,,,
1-2,2,,1772,صَحْتَيْن وْعَافْيِة,Sa7teen w 3aafye,Bon appétit (extended form),formula,2,vocalised M,,,,,
1-2,2,,1778,بِدِّي طاوْلِة لَتْنِين,biddi Taawle la-tneen,I want a table for two,frame,2,romanization M; vocalised M,,,,,
1-2,2,,1782,قَدֵّيش بْتَاخُد عَ...؟,'addeesh btaakhud 3a,"How much to go to...? (taxi, to m.)",frame,1,vocalised L,,,,,
1-2,2,,1785,مِن هُون لَ... بِقَدِّيش؟,min hoon la bi'addeesh,"From here to..., how much?",frame,2,romanization M,,,,,
1-2,2,,1793,مَا بَقְدَر أَنָام,ma ba'dar anaam,I can't sleep,formula,2,vocalised M,,,,,
1-2,2,,1803,خَلِّينِي أَسَاعْدِك,khalliini asaa3dik,Let me help you (to f.),formula,2,romanization M,,,,,
1-2,2,,1807,اِلْبֵيت كْتِير حِلُو,il-beet ktiir 7ilu,The house is very nice,frame,2,vocalised M,,,,,
1-2,2,,1811,وَيْن بْتِشْتِغِل,ween btishtighil,Where do you work? (to m.),formula,2,romanization M; vocalised M,,,,,
1-2,2,,1812,شُو بْتِدْرُس؟,shu btidrus,What do you study? (to m.),formula,2,romanization M; vocalised M,,,,,
1-2,2,,1813,شُو بْتِدْرُسِي؟,shu btidrusi,What do you study? (to f.),formula,1,romanization L; vocalised M; native_check; correction romanization L: shu btidrusi,,,,,
1-2,2,,1814,بْأَيّ جَامْعَة؟,b'ayy jaam3a,At which university?,formula,2,romanization M,,,,,
1-2,2,,1817,فَاضِي يَوْم الجُمْعَة؟,faaDi yoom il-jum3a,Are you free on Friday? (to m.),frame,2,romanization M; vocalised M,,,,,
1-2,2,,1821,مَاشِي مُتَّفِقِين,maashi muttafi'iin,"OK, we're agreed",formula,2,romanization M; vocalised M,,,,,
1-2,2,,1825,بَعْتِلَّك لُوكَيشِن,ba3tillak lokeeshin,I'll send you the location (to m.),formula,1,romanization M; vocalised L; native_check; correction harakaat L: Verb form unclear: 'I'll send you' is normally ببعتلّك; بعتلّك may read as past,,,,,
1-2,2,,1826,مِن قَدَّيْش سَاكِن هُون؟,min 'addeesh saakin hoon,How long have you lived here? (to m.),formula,2,vocalised M,,,,,
1-2,2,,1833,شُو بْيِشْتِغِل أَبُوك؟,shu byishtighil abuuk,What does your father do? (to m.),frame,2,romanization M; vocalised M,,,,,
1-2,2,,1841,ضَاع تَلَفُونִي,Daa3 talafooni,My phone got lost,formula,2,romanization M; vocalised M,,,,,
1-2,2,,1843,بِحَاجِة لَدُكْتُور,bi7aaje laduktoor,I need a doctor,frame,2,romanization M; vocalised M,,,,,
1-2,2,,1847,اللّه يْوَفّْقَك,allaah ywaffi'ak,May God grant you success (to m.),formula,2,romanization M; vocalised M,,,,,
1-2,2,,1850,مِشْتَاقِينَك,mishtaa'iinak,We miss you (to m.),formula,2,romanization M,,,,,
1-2,2,,1851,تِعَالُو عِنَّا,ti3aalu 3inna,Come to our place (to pl.),formula,2,romanization M; vocalised M,,,,,
1-2,2,,1855,كَيْف الأَوْلَاد,keef il-'awlaad,How are the kids?,formula,2,vocalised M,,,,,
1-2,2,,1856,كِيف الأَهِل؟,keef il-'ahil,How's the family?,formula,2,vocalised M,,,,,
1-2,2,,1861,عَلَى حِسَابِي,3ala 7isaabi,my treat / on me,formula,2,romanization M,,,,,
1-2,2,,1866,لَا حَوْلَ وَلَا قُوَّةَ إِلَّا بِاللَّه,la 7awla wala quwwata illa billaah,There is no power except God's,formula,2,romanization M; vocalised M; native_check,,,,,
1-2,2,,1872,بِدِّي أَصْرِف دُولَارَات,biddi aSrif doolaaraat,I want to exchange dollars,frame,2,romanization M; vocalised M,,,,,
1-2,2,,1878,بِدِّي إِيَّاه,biddi iyyaa,I want it,frame,2,romanization M,,,,,
1-2,2,,1893,بَأْدَر أَسَاعْدَك,ba'dar asaa3dak,I can help you (to m.),formula,2,vocalised M,,,,,
1-2,2,,1896,مُمْكِن أَقْعُد هُون؟,mumkin a'3ud hoon,Can I sit here?,frame,2,vocalised M,,,,,
1-2,2,,1899,بْتِقْدَر تِيجِي بُكْرا؟,bti'dar tiiji bukra,Can you come tomorrow? (to m.),frame,2,romanization M; vocalised M; correction harakaat M: بْتِقْدَر,,,,,
1-2,2,,1910,إِزَا بْتِحْتَاج إِشِي رَنِّيلِي,iza bti7taaj ishi ranniili,"If you need something, call me (to m.)",formula,1,romanization L; vocalised L; native_check; correction gender L: Verify رنّيلي is m. imperative; m. may be رِنّلي,,,,,
1-2,2,,1913,مَا رُحْت لَإِنُّو كُنْت تَعْبَان,ma ru7t la'innu kunt ta3baan,I didn't go because I was tired,frame,2,vocalised M,,,,,
1-2,2,,1914,عَشَان نِلْحَق,3ashaan nil7a',so that we make it on time,frame,2,romanization M; vocalised M,,,,,
1-2,2,,1916,مِش عَشَان هِيك,mish 3ashaan heek,not because of that,formula,2,vocalised M,,,,,
1-2,2,,1923,أَكْتَر إِشِي,aktar ishi,the most / the most important,frame,2,correction meaning M: most of all / the thing (one) most ...,,,,,
1-2,2,,1925,نَفْس الإِشِي,nafs il-'ishi,the same thing,noun,2,romanization M,,,,,
1-2,2,,1929,لَمَّا وْصِلْت,lamma wiSilt,when I arrived,frame,2,vocalised M,,,,,
1-2,2,,1931,قَبْل مَا تْرُوح,'abl ma truu7,before you go (to m.),frame,2,romanization M,,,,,
1-2,2,,1938,חַكַתְלִي إִנُّو,7akatli innu,She told me that,frame,2,vocalised M,,,,,
1-2,2,,1961,مَا فِي حَدَا,ma fii 7ada,There's nobody,formula,2,romanization M,,,,,
1-2,2,,1962,فِي إِشِي غَلَط,fii ishi ghalaT,Something is wrong,formula,2,romanization M,,,,,
1-2,2,,1965,رَح يِكُون فِي حَفْلِة,ra7 yikuun fii 7afle,There will be a party,frame,2,romanization M; vocalised M,,,,,
1-2,2,,1967,عَمْ بِتْشَتِّي,3am bitshatti,It's raining (right now),frame,2,romanization M; vocalised M,,,,,
1-2,2,,1971,عَم بِنِسْتَنَّاك,3am binistannaak,We're waiting for you (to m.),formula,2,romanization M; vocalised M,,,,,
1-2,2,,1978,كُنْت بَرُوح كُلّ يُوم,kunt baruu7 kull yoom,I used to go every day,frame,2,romanization M; vocalised M,,,,,
1-2,2,,1979,كَانُو بِيِلْعَبُو بَرَّا,kaanu byil3abu barra,They used to play outside,frame,2,vocalised M,,,,,
1-2,2,,1984,بْتִعْرَف لֵيش؟,bti3raf leesh,Do you know why? (to m.),formula,2,vocalised M,,,,,
1-2,2,,1987,مَا بَعْرِف إِذَا بِيِجِي,ma ba3rif iza biiji,I don't know if he's coming,frame,2,romanization M; vocalised M,,,,,
1-2,2,,1992,يَا سَلَام شُو حِلُو,ya salaam shu 7ilu,"Wow, how beautiful",frame,2,vocalised M,,,,,
1-2,2,,1993,شُو هَالْأَكِل الطَّيِّب,shu hal-'akil iT-Tayyib,What delicious food this is,formula,2,romanization M,,,,,
1-2,2,,1996,مَا شُفْتُوش,ma shuftoosh,I didn't see him (emphatic),frame,2,native_check; correction meaning M: I didn't see him,,,,,
1-2,2,,2001,مَا حَدَا بْيِعْرِف,ma 7ada byi3rif,Nobody knows,formula,2,romanization M; vocalised M,,,,,
1-2,2,,2007,اِللِّي حَكِيتُو صَحّ,illi 7akeetu Sa77,What you said is correct,formula,2,vocalised M,,,,,
1-2,2,,2011,بَفْتِكِر إِنُّو...,baftikir innu,I think that...,frame,2,romanization M; vocalised M; native_check; correction harakaat M: بَفْتِكِر,,,,,
1-2,2,,2018,بْتِعْرَف شُو اللِّي صَار,bti3raf shu illi Saar,You know what happened (to m.),formula,2,romanization M; vocalised M; native_check; correction harakaat M: بْتِعْرَف,,,,,
1-2,2,,2026,بِالأَوَّل... بَعْدِين...,bil-'awwal ba3deen,First... then...,frame,2,romanization M,,,,,
1-2,2,,2030,يَا رِيت بَقْدَر,ya reet ba'dar,I wish I could,formula,2,vocalised M,,,,,
1-2,2,,2036,بْتِتْذَكَّر لَمَّا...؟,btitdhakkar lamma,Do you remember when...? (to m.),frame,1,romanization L; vocalised L; native_check; correction meaning M: بتتذكّر / btitdhakkar,,,,,
1-2,2,,2083,عَلَى رَاسِي مِن فَوْق,3ala raasi min foo',Absolutely / with the highest honor,formula,2,vocalised M,,,,,
1-2,2,,2086,بِالْعَرَبِي,bil-3arabi,to put it plainly (lit: in Arabic),adverb,2,correction meaning M: in Arabic; (idiom) to put it plainly,,,,,
1-2,2,,2095,مَا بِيصِير إِلَّا الخَيْر,ma biSiir illa il-kheer,Only good things will happen (= don't worry),formula,2,romanization M,,,,,
1-2,2,,2096,اللَّه كَرِيم,allaah kariim,God is generous (= it'll work out),formula,2,romanization M,,,,,
1-2,2,,2157,أُرِيد,uriid,I want (MSA/formal),verb,2,native_check,,,,,
1-2,2,,2221,حَيَاة,7ayaa,life,noun,2,romanization M,,,,,
1-2,2,,2261,بِالتَّوْفِيق بِالاِمْتِحَان,bit-tawfii' bil-imti7aan,Good luck on the exam,formula,2,romanization M,,,,,
1-2,2,,2262,مَبْرُوك البِيت الجْدِيد,mabruuk il-beet il-jdiid,Congratulations on the new house,formula,2,romanization M; vocalised M,,,,,
1-2,2,,2271,بِتْقْدَر تِحْكِي هَلَّأ؟,bit'dar ti7ki halla',Can you talk now? (to m.),formula,2,vocalised M,,,,,
1-2,2,,2274,مَا بَسْمَعَك مْنِيح,ma basma3ak mnii7,I can't hear you well (to m.),formula,2,romanization M; vocalised M; correction harakaat M: بَسْمَعَك,,,,,
1-2,2,,2292,نْجَحْت بِالاِمْتِحَان,nja7t bil-imti7aan,I passed the exam,formula,2,romanization M; vocalised M; correction harakaat M: نْجَحْت,,,,,
1-2,2,,2310,فَات,faat,entered,verb,2,correction meaning M: entered / went in; also passed (time),,,,,
1-2,2,,2313,دَوَّر,dawwar,searched / looked for,verb,2,correction meaning M: searched / looked for (دوّر على),,,,,
1-2,2,,2317,بַدַّل,baddal,changed / switched / exchanged,verb,2,correction conjugation M: ببدّل (babaddil) = I change,,,,,
1-2,2,,2350,سْنَانِي بْتُوجَعْنِي,snaani btuuja3ni,My teeth hurt,frame,2,romanization M; vocalised M,,,,,
1-2,2,,2351,ضَهْرِي بْيُوجَعْنِي,Dahri byuuja3ni,My back hurts,frame,2,romanization M; vocalised M,,,,,
1-2,2,,2353,عِنْدِي سُخُونِيَّة,3indi sukhuuniyye,I have a fever,frame,2,romanization M; vocalised M; native_check,,,,,
1-2,2,,2373,هَاد القَمِيص بِيجِي عَلَيّ؟,haad il-'amiiS biiji 3alayy,Does this shirt fit me?,formula,2,romanization M,,,,,
1-2,2,,2375,صْغِير عَلَيّ,Sghiir 3alayy,Too small for me,frame,2,romanization M; vocalised M,,,,,
1-2,2,,2377,عِنْدَك لُون تَانِي؟,3indak loon taani,Do you have another color? (to m.),formula,2,vocalised M,,,,,
1-2,2,,2383,اِنْقَطْعَت الكَهْرَبا,in'aT3at il-kahraba,The electricity went out,formula,2,romanization M; vocalised M; native_check,,,,,
1-2,2,,2405,بِدِّي أَعَبِّي بَنْزِين,biddi a3abbi banziin,I need to fill up gas,formula,2,romanization M; vocalised M,,,,,
1-2,2,,2424,مِتْأَكِّد؟,mit'akkid,Are you sure? (to m.),formula,2,romanization M; vocalised M,,,,,
1-2,2,,2425,مِش مِتْأَكِّد,mish mit'akkid,I'm not sure (m.),formula,2,romanization M; vocalised M; correction harakaat M: مِتْأَكِّد,,,,,
1-2,2,,2426,بْظُنّ آه,bTHunn aah,I think so,formula,1,romanization L; vocalised M; native_check,,,,,
1-2,2,,2427,بَظُنّ لَأ,baTHunn la',I don't think so,formula,2,romanization M; vocalised M; native_check; correction harakaat M: بَظُنّ,,,,,
1-2,2,,2429,إِنْ شَاءَ اللَّه خَيْر,inshaallah kheer,hopefully it's good (worried response),formula,2,romanization M,,,,,
1-2,2,,2430,اللَّه يْسَهِّل,allaah ysahhil,God make it easy,formula,2,romanization M,,,,,
1-2,2,,2441,إِمِّي,immi,my mom (term of endearment),noun,2,romanization M; vocalised M; correction harakaat M: إِمِّي,,,,,
1-2,2,,2519,اللَّه يْقَوِّيك,allah y'awwiik,God strengthen you (to m.),formula,2,native_check,,,,,
1-2,2,,2521,عَلَى خِير,3ala kheer,all is well / good,formula,2,"vocalised M; correction meaning M: (hopefully) all will be well; well, fine",,,,,
1-2,2,,2551,شُو أَخْبَار الأَوْلَاد بِالمَدْرَسَة,shu akhbaar il-'awlaad bil-madrase,How are the kids doing at school?,frame,2,romanization M,,,,,
1-2,2,,2561,כִيف השֻّغֻל מַעַك؟,keef ish-shughul ma3ak,How's work going for you? (to m.),formula,2,vocalised M,,,,,
1-2,2,,2574,بِدُّو يِبْلُش,biddu yiblush,It's about to start,formula,2,romanization M; vocalised M; native_check,,,,,
1-2,2,,2577,بْتِعْرَف تْسُوق؟,bti3raf tsuu',Do you know how to drive? (to m.),frame,2,romanization M; vocalised M,,,,,
1-2,2,,2578,بْتِقْدَر تْعَلِّمْنِي؟,bti'dar t3allimni,Can you teach me? (to m.),formula,2,romanization M; vocalised M,,,,,
1-2,2,,2597,شَكْلُو رَحْ يِمْطُر,shaklu ra7 yimTur,Looks like it's going to rain,frame,2,vocalised M; native_check,,,,,
1-2,2,,2609,يَعْنִي بְתִقْصִد,ya3ni bti'Sid,You mean... (to m.),frame,2,romanization M; vocalised M; native_check; correction harakaat M: يَعْنِي بْتِقْصِد...,,,,,
1-2,2,,2611,مُمْكِن تِشْرَحْلِي؟,mumkin tishra7li,Can you explain to me? (to m.),formula,2,romanization M,,,,,
1-2,2,,2613,مَرَّة تَانْيِة,marra taanye,one more time,adverb,2,romanization M; vocalised M; native_check; correction romanization M: marra taanye,,,,,
1-2,2,,2614,مِن الأَوَّل,min il-'awwal,from the beginning,adverb,2,romanization M,,,,,
1-2,2,,2616,خَلِّينِي أَتَأَكَّد,khalliini ata'akkad,Let me make sure,frame,2,romanization M; vocalised M,,,,,
1-2,2,,2617,مِتْأَكّْدِة؟,mit'akkde,Are you sure? (to f.),formula,2,romanization M; vocalised M,,,,,
1-2,2,,2671,يِعْطِيك العَافْيِة يَا مْعَلِّم,yi3Tiik il-3aafye ya m3allim,"God bless you, boss",formula,2,"vocalised M; correction meaning M: God give you strength, boss",,,,,
1-2,2,,2689,خُد وَأْتَك,khud wa'tak,Take your time (to m.),formula,2,vocalised M,,,,,
1-2,2,,2716,يَلَّا خَلِّينَا نْبَلِّش,yalla khalliina nballish,Alright let's get started,formula,2,romanization M,,,,,
3,3,Y,214,آخِر الأُسْبُوع,aakhir il-'usbuu3,weekend,noun,2,correction meaning M: end of the week / weekend,,,,,
3,3,Y,559,اِعْتَذَر,i3tadhar,apologized,verb,2,romanization M; vocalised M,,,,,
3,3,Y,627,صَلَّى,Salla,prayed,verb,2,correction conjugation M: بيصلّوا (biSallu) = they pray,,,,,
3,3,Y,650,صَلَّح,Salla7,fixed / repaired,verb,2,correction conjugation M: بيصلّح (biSalli7) = he fixes,,,,,
3,3,Y,671,تْحَسَّن,t7assan,improved / got better,verb,2,romanization M; vocalised M,,,,,
3,3,Y,681,سَحَب,sa7ab,pulled,verb,2,correction conjugation M: بسحب (bas7ab) = I pull,,,,,
3,3,Y,685,رَبَط,rabaT,tied,verb,2,correction conjugation M: بتربط (bitirbuT) = she ties,,,,,
3,3,Y,700,خِسِر,khisir,lost (game/money),verb,2,correction conjugation M: بَخْسَر (bakhsar) = I lose,,,,,
3,3,Y,715,بَكَى,baka,cried,verb,2,romanization M; vocalised M; native_check,,,,,
3,3,Y,733,ذَاق,daa',tasted,verb,2,vocalised M,,,,,
3,3,Y,770,نُصّ اللِّيل,nuSS il-leel,midnight,noun,2,vocalised M,,,,,
3,3,Y,859,كَتِف,katif,shoulder,noun,2,romanization M; vocalised M; native_check,,,,,
3,3,Y,867,رُكْبِة,rukbe,knee,noun,2,romanization M; vocalised M,,,,,
3,3,Y,875,مَعِدِة,ma3ide,stomach (organ),noun,2,romanization M; vocalised M,,,,,
3,3,Y,882,ذْرَاع,draa3,arm,noun,1,romanization L; vocalised M; native_check,,,,,
3,3,Y,926,مِتْفَاجِئ,mitfaaji',surprised (m.),adjective,2,romanization M; vocalised M,,,,,
3,3,Y,945,هَادِي,haadi,calm / quiet,adjective,2,correction root M: ه-د-أ,,,,,
3,3,Y,947,كَرِيم,kariim,generous,adjective,2,correction conjugation M: كَرِيمَة (kariime) f.,,,,,
3,3,Y,958,كَذَّاب,kazzaab,liar,adjective,2,romanization M; native_check,,,,,
3,3,Y,1020,مْتَبَّل,mtabbal,mutabbal (eggplant dip),noun,2,romanization M; vocalised M,,,,,
3,3,Y,1021,تَبُّولِة,tabbuule,tabbouleh,noun,2,romanization M; vocalised M,,,,,
3,3,Y,1065,وَجْبِة,wajbe,meal,noun,2,vocalised M,,,,,
3,3,Y,1075,فُرِن,furin,oven,noun,2,romanization M; vocalised M; native_check,,,,,
3,3,Y,1104,قُفِل,'ufil,lock,noun,2,romanization M; vocalised M; native_check,,,,,
3,3,Y,1128,مُكَيِّف,mukayyif,air conditioner,noun,2,romanization M; vocalised M,,,,,
3,3,Y,1171,دَهَبِي,dahabi,gold / golden,adjective,1,romanization M; vocalised L; native_check; correction conjugation M: ذَهَبِيَّة (dahabiyye) f.,,,,,
3,3,Y,1188,كِبْرِيت,kibriit,matches,noun,2,romanization M; vocalised M; native_check,,,,,
3,3,Y,1219,أَسَانْسِير,asaanseer,elevator,noun,2,romanization M; vocalised M,,,,,
3,3,Y,1281,مَحْكَمِة,ma7kame,court (legal),noun,2,vocalised M,,,,,
3,3,Y,1290,بَسْكَلِيت,baskaleet,bicycle,noun,2,romanization M; vocalised M; native_check; correction conjugation M: بَسْكَلِيتَات (baskaleetaat),,,,,
3,3,Y,1291,مُوتُور,mootoor,motorcycle / motor,noun,2,romanization M; vocalised M; native_check,,,,,
3,3,Y,1297,بَنْزِين,banziin,gasoline / petrol,noun,2,romanization M; vocalised M; native_check,,,,,
3,3,Y,1298,عَجَل,3ajal,wheel / tire,noun,2,romanization M; vocalised M; native_check,,,,,
3,3,Y,1303,حَادِث,7aadith,accident,noun,1,romanization L; vocalised M; native_check,,,,,
3,3,Y,1345,ثَلْج,talj,snow,noun,2,vocalised M,,,,,
3,3,Y,1396,قِرِد,'irid,monkey,noun,2,correction conjugation M: قْرُود ('ruud),,,,,
3,3,Y,1411,دَرَجِة,daraje,degree (temperature),noun,2,vocalised M,,,,,
3,3,Y,1448,البَحِر المَيِّت,il-ba7ir il-mayyit,the Dead Sea,noun,2,romanization M; vocalised M,,,,,
3,3,Y,1530,بَطِيء,baTii',slow,adjective,2,romanization M; vocalised M,,,,,
3,3,Y,1693,خَصِم,khaSim,discount,noun,2,romanization M; vocalised M,,,,,
3,3,Y,1695,مَحْفَظَة,ma7faTHa,wallet,noun,2,romanization M; native_check,,,,,
3,3,Y,1728,إِيمِيل,iimeel,email,noun,2,romanization M; vocalised M,,,,,
3,3,Y,1871,سِعْر الصَّرْف,si3r iS-Sarf,exchange rate,noun,2,romanization M; vocalised M,,,,,
3,3,Y,2209,خُوف,khoof,fear,noun,2,vocalised M,,,,,
3,3,Y,2334,رَكَّز,rakkaz,focused / concentrated,verb,2,correction conjugation M: بَرَكِّز (barakkiz) = I focus,,,,,
3,3,Y,2342,ظَهَر,THahar,appeared / showed up,verb,2,romanization M; vocalised M; native_check; correction conjugation M: بيظهر (byiTHhar) = he appears,,,,,
3,3,Y,2362,مْكَسَّرَات,mkassaraat,nuts,noun,2,romanization M; vocalised M,,,,,
3,3,Y,2370,لَوْز,looz,almonds,noun,2,vocalised M,,,,,
3,3,Y,2418,دَيْن,deen,debt,noun,2,vocalised M,,,,,
3,3,Y,2524,إِيش,eesh,what (variant),pronoun,2,romanization M; vocalised M,,,,,
3,3,Y,2661,نَظَّارَات,naTHTHaaraat,glasses / eyeglasses,noun,1,romanization L; native_check,,,,,
3,3,,42,حَوَالَيْن,7awaleen,around,preposition,2,romanization M; vocalised M,,,,,
3,3,,43,بَدَال,badaal,instead of,preposition,2,romanization M; vocalised M,,,,,
3,3,,54,مَع إِنُّه,ma3 innu,even though / although,conjunction,2,vocalised M,,,,,
3,3,,55,يَا... يَا,ya ya,either... or,conjunction,2,romanization M,,,,,
3,3,,173,تِشْرِين أَوَّل,tishriin awwal,October,noun,2,romanization M,,,,,
3,3,,174,تِشْرِين تَانِي,tishriin taani,November,noun,2,romanization M; vocalised M; native_check,,,,,
3,3,,175,كَانُون أَوَّل,kaanuun awwal,December,noun,2,romanization M; vocalised M,,,,,
3,3,,201,أَغْلַب الوַقْت,aghlab il-wa't,most of the time,adverb,1,vocalised L,,,,,
3,3,,202,مِن وَقْت لَوَقْت,min wa't la-wa't,from time to time,adverb,2,romanization M,,,,,
3,3,,293,اللَّه يْصَبِّرْكُم,allaah ySabbirkum,may God give you patience,formula,2,romanization M,,,,,
3,3,,333,ثَانِي إِشِي,taani ishi,second of all / secondly,adverb,2,romanization M; vocalised M; native_check,,,,,
3,3,,341,بِالنِّسْبِة لَ,bin-nisbe la,regarding / as for,preposition,2,romanization M; vocalised M,,,,,
3,3,,344,غִير הִيك,gheer heek,besides that / other than that,adverb,2,vocalised M,,,,,
3,3,,348,مِن نَاحْيِة,min naa7ye,on one hand,adverb,2,vocalised M,,,,,
3,3,,349,مِن نَاحْيِة تَانْيِة,min naa7ye taanye,on the other hand,adverb,2,romanization M; vocalised M,,,,,
3,3,,351,يَعْنِي بِمَعْنَى ثَانِي,ya3ni bima3na thaani,in other words,adverb,2,romanization M,,,,,
3,3,,354,طَالَمَا,Taalama,as long as,conjunction,2,romanization M,,,,,
3,3,,357,إِلَّا إِزَا,illa iza,unless,conjunction,2,vocalised M,,,,,
3,3,,374,مَا هُوِّ,ma huwwe,the thing is / well,particle,2,vocalised M,,,,,
3,3,,376,يَا سِيدِي,ya siidi,well / look / OK fine,interjection,2,romanization M,,,,,
3,3,,378,شُو بِدِّي أَقُولَّك,shu biddi a'ullak,what can I say (to m.),formula,2,romanization M; vocalised M,,,,,
3,3,,390,مَا إِلُه دَاعِي,ma ilu daa3i,unnecessary / pointless,formula,2,vocalised M,,,,,
3,3,,391,تَقِيل دَم,ta'iil dam,annoying person (lit: heavy blood),adjective,2,"romanization M; vocalised M; correction meaning M: unpleasant, annoying (of a person) (lit: heavy-blooded)",,,,,
3,3,,444,تِعِيشِي وْتَاكْلِي غَيْرُو,ti3iishi w taakli gheeru,may you live and eat more (to f. host),formula,2,romanization M; vocalised M,,,,,
3,3,,445,اللَّه يْخَلِّيلَك إِيَّاهُم,allah ykhalliilak iyyaahum,"God keep them for you (about children, to m.)",formula,2,romanization M,,,,,
3,3,,460,عَ الفَاضِي,3al-faaDi,for nothing / pointlessly,adverb,2,romanization M,,,,,
3,3,,463,عَالأَكْتَر,3al-aktar,at most,adverb,1,romanization M; vocalised L; native_check,,,,,
3,3,,472,عَ الأَغْلَب,3al-'aghlab,most likely / probably,adverb,2,romanization M,,,,,
3,3,,475,بِالزُّور,biz-zoor,barely / with difficulty,adverb,2,romanization M; vocalised M; correction meaning M: by force / reluctantly / barely,,,,,
3,3,,477,زَوْج,zooj,pair / couple,noun,2,vocalised M,,,,,
3,3,,493,مِين مَا كَان,miin ma kaan,whoever,pronoun,2,romanization M; vocalised M; native_check,,,,,
3,3,,494,وَيْن مَا كَان,ween ma kaan,wherever,adverb,2,correction meaning M: anywhere / wherever (it may be),,,,,
3,3,,552,فَسَّر,fassar,explained,verb,2,correction meaning M: explained / interpreted,,,,,
3,3,,561,نَصَح,naSa7,advised,verb,2,correction conjugation M: بنصحك (banSa7ak) = I advise you (m.),,,,,
3,3,,567,ظَنّ,THann,assumed / thought,verb,2,native_check; correction conjugation L: بظُنّ (bTHunn) = I think,,,,,
3,3,,568,تْوَقَّع,twa''a3,expected,verb,2,romanization M,,,,,
3,3,,590,نِدِم,nidim,regretted,verb,2,romanization M; vocalised M; correction harakaat M: نِدِم,,,,,
3,3,,591,تْأَثَّر,t'assar,was affected / moved,verb,2,romanization M; vocalised M; native_check; correction conjugation M: بتأثّر (bat'assar) = I'm affected,,,,,
3,3,,604,فَشَل,fashal,failed,verb,1,romanization L; vocalised L; native_check,,,,,
3,3,,607,أِبِل,'ibil,accepted,verb,2,vocalised M,,,,,
3,3,,610,اِعْتَرَض,i3taraD,objected,verb,2,correction conjugation M: بعترض (ba3tiriD) = I object,,,,,
3,3,,639,تَبَّل,tabbal,seasoned / spiced,verb,2,correction conjugation M: بتبّل (batabbil) = I season,,,,,
3,3,,642,كَنَّس,kannas,swept,verb,2,correction conjugation M: بتكنّس (bitkannis) = she sweeps,,,,,
3,3,,654,حَمَّل,7ammal,downloaded,verb,2,correction conjugation M: بحمّل (ba7ammil) = I download,,,,,
3,3,,660,ضَاف,Daaf,added (friend/contact),verb,2,correction meaning M: added (general; also added a friend/contact online); correction conjugation M: ضيفني (Diifni) = add me (imperative),,,,,
3,3,,662,سَيَّف,sayyaf,saved (file),verb,2,romanization M,,,,,
3,3,,678,حَمَل,7amal,carried / picked up,verb,2,correction conjugation M: بيحمل (byi7mil) = he carries,,,,,
3,3,,686,قَصّ,'aSS,cut (with scissors),verb,2,correction conjugation M: بقصّ (ba'uSS) = I cut,,,,,
3,3,,697,تْمَدَّد,tmaddad,stretched out / lay down,verb,2,romanization M; vocalised M,,,,,
3,3,,721,عِطِش,3iTish,got thirsty,verb,2,romanization M; vocalised M; native_check,,,,,
3,3,,724,تْسَلَّى,tsalla,had fun / was entertained,verb,2,correction conjugation M: بنتسلّى (bnitsalla) = we have fun,,,,,
3,3,,729,حَضَر,7aDar,attended / was present,verb,2,"correction conjugation M: بنحضر (bni7Dar) = we attend; correction meaning M: attended / was present; watched (TV, film)",,,,,
3,3,,742,تَاه,taah,got lost,verb,2,correction conjugation M: بتوه (batuuh) = I get lost,,,,,
3,3,,750,بَيْنَاتْهُم,beenaathum,between them / among themselves,preposition,2,romanization M,,,,,
3,3,,754,مَعْ إِنُّو... بَسّ,ma3 innu bass,even though... but,frame,2,romanization M,,,,,
3,3,,767,عَتْمِة,3atme,darkness / late night,noun,2,vocalised M,,,,,
3,3,,792,حَيَّاك اللَّه,7ayyaak allaah,God greet you / welcome (to m.),formula,2,romanization M,,,,,
3,3,,793,مَا تْوَاخِذْنِي,ma twaakhizni,don't hold it against me (to m.),formula,2,romanization M,,,,,
3,3,,795,اللَّه يِحْفَظْهُم,allaah yi7faTHhum,God protect them,formula,1,romanization L; vocalised M; native_check; correction harakaat M: اللَّه يِحْفَظْهُم,,,,,
3,3,,822,خَطِيبِة,khaTiibe,fiancée,noun,2,vocalised M,,,,,
3,3,,827,نَسِيب,nasiib,in-law (relative by marriage),noun,2,romanization M,,,,,
3,3,,829,كِنَّة,kinne,daughter-in-law,noun,2,romanization M; vocalised M,,,,,
3,3,,831,تَوْأَم,taw'am,twin,noun,2,romanization M,,,,,
3,3,,844,رَفِيق,rafii',companion / close friend (m.),noun,2,romanization M,,,,,
3,3,,862,ضُفُر,Dufur,fingernail,noun,2,romanization M,,,,,
3,3,,874,كَبِد,kabid,liver,noun,2,romanization M,,,,,
3,3,,878,شَفِّة,shaffe,lip,noun,1,romanization L; vocalised L; native_check; correction variant L: Also heard as shiffe; confirm the urban vowel,,,,,
3,3,,894,كَحَّة,ka77a,cough,noun,2,romanization M,,,,,
3,3,,899,عَمَلِيِّة,3amaliyye,surgery / operation,noun,2,vocalised M,,,,,
3,3,,900,إِبْرَة,ibre,needle / injection,noun,2,romanization M,,,,,
3,3,,903,دُوخَة,dookha,dizziness,noun,2,romanization M; vocalised M,,,,,
3,3,,928,مِتْنَرْفِز,mitnarfiz,nervous / irritated (m.),adjective,2,romanization M; vocalised M; correction romanization M: mitnarfiz; correction conjugation M: مِتْنَرْفْزِة (mitnarfze) f.,,,,,
3,3,,930,مِحْرَج,mi7raj,embarrassed (m.),adjective,2,romanization M; vocalised M,,,,,
3,3,,954,وَقِح,wa'i7,rude / shameless,adjective,2,romanization M,,,,,
3,3,,972,مِعَقَّد,mi3a''ad,uptight / complicated (person),adjective,2,romanization M; vocalised M,,,,,
3,3,,986,مْطَلَّق,mTalla',divorced (m.),adjective,2,romanization M; vocalised M,,,,,
3,3,,989,هُمِّ تَوَائِم,humme tawaa'im,they're twins,formula,2,romanization M; vocalised M; native_check; correction variant L: verify spoken plural; possibly تْوَام,,,,,
3,3,,1022,فَتُّوش,fattuush,fattoush (bread salad),noun,2,romanization M,,,,,
3,3,,1024,بَقْلَاوِة,ba'laawe,baklava,noun,2,romanization M; vocalised M,,,,,
3,3,,1045,فَرَاوْلِة,faraawle,strawberry,noun,2,romanization M; vocalised M,,,,,
3,3,,1058,قِرْفِة,'irfe,cinnamon,noun,2,vocalised M,,,,,
3,3,,1072,صِينِيِّة,Siiniyye,tray / baking pan,noun,2,romanization M; vocalised M,,,,,
3,3,,1074,طَاوَة,Taawa,frying pan,noun,2,romanization M,,,,,
3,3,,1089,مِسْتْوِي,mistwi,cooked / done / ripe,adjective,2,vocalised M,,,,,
3,3,,1090,نَيّ,nayy,raw / uncooked,adjective,2,romanization M; vocalised M; native_check; correction harakaat M: نَيّ; correction conjugation M: نَيّة (nayye) f.,,,,,
3,3,,1094,أُوضِة الأَكِل,ooDit il-'akil,dining room,noun,2,vocalised M,,,,,
3,3,,1113,خِزَانِة,khizaane,closet / wardrobe,noun,2,vocalised M,,,,,
3,3,,1115,مִرָايִة,miraaye,mirror,noun,2,vocalised M,,,,,
3,3,,1116,سِجَّادِة,sijjaade,rug / carpet,noun,2,vocalised M,,,,,
3,3,,1118,لَمْبَة,lambe,light bulb / lamp,noun,2,romanization M,,,,,
3,3,,1122,نَشَّافِة,nashshaafe,dryer,noun,2,vocalised M,,,,,
3,3,,1123,مَكْنَسِة,maknase,broom,noun,1,romanization L; vocalised L; native_check; correction variant L: Urban vowelling may be mikinse or mukunse; confirm,,,,,
3,3,,1124,مَمْسَحَة,mamsa7a,mop,noun,2,romanization M,,,,,
3,3,,1127,رِيمُوت,riimoot,remote control,noun,2,romanization M,,,,,
3,3,,1130,صُوبِة,Soobe,heater (kerosene/portable),noun,2,romanization M,,,,,
3,3,,1138,بْلُوزِة,blooze,blouse / top,noun,2,romanization M; vocalised M,,,,,
3,3,,1140,كَنْزِة,kanze,sweater,noun,2,vocalised M,,,,,
3,3,,1144,شُورْت,shoort,shorts,noun,2,romanization M,,,,,
3,3,,1145,تِي شِيرْت,tii shirt,t-shirt,noun,2,romanization M; vocalised M,,,,,
3,3,,1146,بِجَامِة,bijaame,pajamas,noun,2,romanization M; vocalised M,,,,,
3,3,,1149,شُرَّاب,shurraab,socks,noun,2,romanization M; vocalised M; native_check,,,,,
3,3,,1150,طَاقِيِّة,Taa'iyye,hat / cap,noun,2,vocalised M,,,,,
3,3,,1154,كُفِّيِّة,kuffiyye,keffiyeh (Palestinian scarf),noun,2,romanization M; vocalised M,,,,,
3,3,,1155,ثُوب,thoob,traditional Palestinian dress,noun,2,romanization M; vocalised M,,,,,
3,3,,1159,جֵيبِة,jeebe,pocket,noun,2,vocalised M,,,,,
3,3,,1176,مْلَوَّن,mlawwan,colorful,adjective,2,romanization M; vocalised M; correction harakaat M: مْلَوَّن,,,,,
3,3,,1181,كَبَّايِة,kabbaaye,glass / drinking cup,noun,2,vocalised M,,,,,
3,3,,1183,رَكْوِة,rakwe,small coffee pot (Arabic),noun,2,vocalised M,,,,,
3,3,,1185,مَيْكْرُوِيف,maykroweef,microwave,noun,1,romanization L; vocalised L; native_check,,,,,
3,3,,1187,أَدَّاحَة,'addaa7a,lighter,noun,2,romanization M; vocalised M,,,,,
3,3,,1190,بَانْيُو,baanyu,bathtub,noun,2,romanization M; vocalised M,,,,,
3,3,,1194,سِلْك,silk,wire / cable,noun,2,romanization M; vocalised M; native_check; correction harakaat M: سِلْك,,,,,
3,3,,1206,مْحَمَّص,m7ammaS,toasted / roasted,adjective,2,romanization M; vocalised M,,,,,
3,3,,1207,عَفِن,3afin,rotten / spoiled,adjective,2,romanization M,,,,,
3,3,,1211,سُور,soor,fence / wall (exterior),noun,2,romanization M,,,,,
3,3,,1234,مْشَغَّل,mshaghghal,turned on,adjective,2,correction conjugation M: مْشَغَّلَة (mshaghghale) f.,,,,,
3,3,,1239,جَارُور,jaaruur,drawer (variant),noun,2,native_check,,,,,
3,3,,1242,فُوطَة,fuuTa,towel (small) / napkin,noun,2,romanization M,,,,,
3,3,,1249,سَاحَة,saa7a,square / plaza,noun,2,romanization M,,,,,
3,3,,1267,مَقْبَرَة,ma'bara,cemetery,noun,2,romanization M,,,,,
3,3,,1268,حَدِيقَة عَامِّة,7adii'a 3aamme,public park,noun,2,vocalised M,,,,,
3,3,,1271,البَلْدَة القَدِيمَة,il-balde il-'adiime,the Old City,noun,2,romanization M,,,,,
3,3,,1279,بَلَدِيِّة,baladiyye,municipality / city hall,noun,2,vocalised M,,,,,
3,3,,1289,شاحْنِة,shaa7ne,truck,noun,2,romanization M; vocalised M,,,,,
3,3,,1292,أَمْبُولَانْس,ambuulans,ambulance,noun,2,romanization M; vocalised M,,,,,
3,3,,1314,مُقَابِل,mu'aabil,across from / opposite,preposition,2,romanization M,,,,,
3,3,,1339,نَجْمِة,najme,star,noun,2,vocalised M,,,,,
3,3,,1341,غِيم,gheem,clouds,noun,2,vocalised M,,,,,
3,3,,1357,عَم بْتِثْلِج,3am btitlij,It's snowing,formula,2,romanization M; vocalised M; native_check,,,,,
3,3,,1366,رَمِل,ramil,sand,noun,2,romanization M; vocalised M,,,,,
3,3,,1368,نَهِر,nahir,river,noun,2,romanization M; vocalised M,,,,,
3,3,,1377,تِينِة,tiine,fig tree,noun,2,vocalised M; correction meaning M: a fig; fig tree,,,,,
3,3,,1381,حْصَان,7Saan,horse,noun,2,correction conjugation M: أَحْصِنَة (a7Sine); خيل = horses (collective),,,,,
3,3,,1383,غَنَمِة,ghaname,sheep,noun,2,romanization M; vocalised M,,,,,
3,3,,1384,عَنْزِة,3anze,goat,noun,2,vocalised M,,,,,
3,3,,1388,حَمَامِة,7amaame,pigeon / dove,noun,2,vocalised M,,,,,
3,3,,1390,ذْبَابَة,dbaabe,fly (insect),noun,2,romanization M; vocalised M; native_check; correction variant M: MSA: ذُبَابَة. Common urban variant: دبّانة (dibbaane),,,,,
3,3,,1391,نָامُوسِة,naamuuse,mosquito,noun,2,vocalised M,,,,,
3,3,,1408,عَاصْفِة,3aaSfe,storm,noun,2,vocalised M,,,,,
3,3,,1412,الجَوّ شُوب,il-jaww shoob,It's muggy / humid,formula,2,romanization M,,,,,
3,3,,1417,الشَّمِس قَوِيِّة,ish-shamis 'awiyye,The sun is strong,frame,2,vocalised M,,,,,
3,3,,1434,اِلْمَدִينِة اِلْقَدִيمِة,il-madiine il-'adiime,the Old City (general),noun,2,vocalised M,,,,,
3,3,,1443,حَيْفَا,7eefa,Haifa,noun,2,romanization M; vocalised M,,,,,
3,3,,1445,جِنِين,jiniin,Jenin,noun,2,romanization M,,,,,
3,3,,1446,طُولْكَرِم,Tuulkarem,Tulkarem,noun,1,romanization L; vocalised L; native_check,,,,,
3,3,,1456,حַقّ العَوְדֶה,7aqq il-3awde,the right of return,noun,2,romanization M; vocalised M; native_check; correction romanization L: 7aqq il-3awde,,,,,
3,3,,1457,نَكْبَة,nakbe,catastrophe / Nakba,noun,2,romanization M,,,,,
3,3,,1476,مْلِيح,mlii7,handsome / good-looking,adjective,2,native_check; correction meaning L: good / nice; handsome,,,,,
3,3,,1485,يَابِس,yaabis,dry,adjective,2,correction conjugation M: يَابْسِة (yaabse) f.,,,,,
3,3,,1494,مُرَبَّع,murabba3,square (shape),adjective,2,romanization M; vocalised M,,,,,
3,3,,1550,بِالعَافْيِة,bil-3aafye,with difficulty / barely,adverb,2,vocalised M,,,,,
3,3,,1582,مِيكَانِيكِي,meekaaniiki,mechanic,noun,2,romanization M; vocalised M,,,,,
3,3,,1595,لَوْح,loo7,board / whiteboard,noun,2,romanization M,,,,,
3,3,,1596,شَهَادِة,shahaade,degree / certificate / diploma,noun,2,vocalised M,,,,,
3,3,,1622,أَذَان,adhaan,call to prayer,noun,2,romanization M; native_check,,,,,
3,3,,1624,شَيْخ,sheekh,sheikh / religious elder,noun,2,vocalised M,,,,,
3,3,,1627,دُعَاء,du3aa',supplication / prayer,noun,2,romanization M,,,,,
3,3,,1630,عَزَا,3aza,condolences / funeral gathering,noun,2,romanization M; vocalised M,,,,,
3,3,,1632,دَبْكِة,dabke,dabke (traditional dance),noun,2,vocalised M,,,,,
3,3,,1635,مُنَاسَبِة,munaasabe,occasion / event,noun,2,vocalised M,,,,,
3,3,,1636,عَادِة,3aade,custom / habit,noun,2,vocalised M,,,,,
3,3,,1637,تَقْلِيد,ta'liid,tradition,noun,2,romanization M; correction meaning M: imitation; tradition (mostly pl. تقاليد),,,,,
3,3,,1638,ضِيَافِة,Diyaafe,hospitality,noun,2,vocalised M,,,,,
3,3,,1643,سَهْرَة,sahra,evening gathering / party,noun,2,romanization M,,,,,
3,3,,1649,مَثَل,masal,proverb / saying,noun,2,romanization M,,,,,
3,3,,1660,مُقَابَلِة,mu'aabale,interview,noun,2,romanization M; vocalised M,,,,,
3,3,,1661,خِبْرَة,khibra,experience,noun,2,romanization M,,,,,
3,3,,1663,تَقَاعُد,ta'aa3ud,retirement,noun,2,romanization M; vocalised M,,,,,
3,3,,1669,ثَقَافَة,thaqaafe,culture,noun,2,romanization M; native_check,,,,,
3,3,,1678,قِبْلِة,'ible,direction of prayer (Mecca),noun,1,romanization L; vocalised L; native_check; correction romanization M: 'ible,,,,,
3,3,,1683,صَدَقَة,Sada'a,charity,noun,2,romanization M; vocalised M; native_check,,,,,
3,3,,1687,دِينَار,diinaar,dinar (currency),noun,2,romanization M,,,,,
3,3,,1694,عَرِض,3ariD,offer / sale,noun,2,romanization M; vocalised M,,,,,
3,3,,1698,فِيزَا,fiiza,Visa (credit card),noun,2,romanization M; vocalised M; correction meaning M: visa (travel document) / Visa credit card,,,,,
3,3,,1715,مُمْكِن تِلِفِّي هَدِيَّة,mumkin tiliffi hadiyye,Can you gift wrap it? (to f.),frame,2,romanization M; vocalised M,,,,,
3,3,,1721,תַאבְלִת,taablit,tablet,noun,2,romanization M; vocalised M,,,,,
3,3,,1725,مَوْقِع,maw'i3,website,noun,2,romanization M; vocalised M,,,,,
3,3,,1726,تَطْبِيق,taTbii',app / application,noun,2,romanization M,,,,,
3,3,,1729,بَاسْوُورْد,baaswoord,password,noun,2,romanization M; vocalised M,,,,,
3,3,,1731,بُوسْت,boost,post (social media),noun,2,romanization M; vocalised M,,,,,
3,3,,1735,نُوتِفِكِيشِن,nootifikeeshin,notification,noun,2,romanization M; vocalised M,,,,,
3,3,,1745,شِيكِي الوَاتْسَاب,sheeki il-waatsaab,Check your WhatsApp (to f.),formula,2,romanization M; vocalised M,,,,,
3,3,,1759,غْرُوب,gruup,group chat,noun,1,romanization L; vocalised M; native_check,,,,,
3,3,,1760,فُويْس نُوت,fooys noot,voice note,noun,1,romanization L; vocalised M; native_check,,,,,
3,3,,1770,عَلَى بَعْض وَلَّا كُلّ وَاحَد لَحَالُو؟,3ala ba3D walla kull waa7ad la7aalu,Together or separate? (bill),formula,2,romanization M,,,,,
3,3,,1780,بِدִّي أَحْجِز طَاوְلِة,biddi a7jiz Taawle,I'd like to reserve a table,formula,2,vocalised M,,,,,
3,3,,1784,فِي عَدَّاد؟,fii 3addaad,Is there a meter?,formula,2,romanization M,,,,,
3,3,,1789,مِن إِيمْتَى عِنْدَك هَالْوَجَع؟,min eemta 3indak hal-waja3,Since when have you had this pain? (to m.),frame,2,romanization M; vocalised M,,,,,
3,3,,1792,بَحِسّ بْغَثَيَان,ba7iss bghasayaan,I feel nauseous,formula,1,romanization L; vocalised M; native_check,,,,,
3,3,,1797,قَبْل الأَكِل وَلَّا بَعْدُو؟,'abl il-'akil walla ba3du,Before or after eating?,formula,2,romanization M; vocalised M,,,,,
3,3,,1804,الأَكِل رِيحْتُو زَاكْيِة,il-'akil rii7tu zaakye,The food smells wonderful,formula,2,romanization M; vocalised M,,,,,
3,3,,1823,مُمْكِن نِأَجِّل؟,mumkin ni'ajjil,Can we postpone?,formula,2,romanization M; vocalised M,,,,,
3,3,,1828,كِيف تْعَرَّفْتُوا عَلَى بَعِض؟,keef t3arraftu 3ala ba3D,How did you meet each other?,formula,2,vocalised M,,,,,
3,3,,1836,اِتَّصْلُو عَ الإِسْعَاف,ittaSlu 3al-'is3aaf,Call the ambulance (to pl.),formula,2,romanization M; vocalised M,,,,,
3,3,,1837,اِتַّصְلُو عَ الشُّرְطַה,ittaSlu 3ash-shurTa,Call the police (to pl.),frame,1,romanization M; vocalised L,,,,,
3,3,,1838,فِي حَرِيقَة,fii 7arii'a,There's a fire,frame,2,romanization M,,,,,
3,3,,1839,فِي حَادِث,fii 7aadis,There's been an accident,formula,2,romanization M; vocalised M,,,,,
3,3,,1840,اِنْسַרַقִت,insara't,I got robbed,verb,2,vocalised M,,,,,
3,3,,1875,مُسْتَعْمَل,musta3mal,used / secondhand,adjective,2,romanization M; vocalised M,,,,,
3,3,,1889,كَان لَازِم أَخَبّْرَك,kaan laazim akhabbrak,I should have told you (to m.),frame,2,romanization M; vocalised M,,,,,
3,3,,1890,مَا كَان المَفْرُوض تِحْكِي,ma kaan il-mafruuD ti7ki,You weren't supposed to say that (to m.),frame,2,correction gender M:; correction meaning M: You weren't supposed to say (that) (to m./f.),,,,,
3,3,,1892,المَفْرُوض كَان يْخَلِّص,il-mafruuD kaan ykhalliS,He was supposed to finish,frame,2,romanization M,,,,,
3,3,,1908,إِزَا فِي وَقْت بَمُرّ عَلِيك,iza fi wa't bamurr 3aleek,If there's time I'll pass by (to m.),frame,2,romanization M; vocalised M,,,,,
3,3,,1912,إِذَا مَا إِجِيت بَلّْشُو بْدُونِي,iza ma ijiit ballshu bduuni,"If I don't come, start without me",formula,2,romanization M; vocalised M,,,,,
3,3,,1918,حَتَّى نْخَلِّص بَكِّير,7atta nkhalliS bakkiir,so we finish early,frame,2,vocalised M,,,,,
3,3,,1927,كُلّ مَا كْبِرْت,kull ma kbirt,the more I grew up,frame,2,correction meaning M: the older I got / whenever I grew,,,,,
3,3,,1928,مَا فِي أَحْسَن مِن هَيْك,ma fii a7san min heek,there's nothing better than this,formula,2,romanization M; vocalised M,,,,,
3,3,,1941,ظَنَّيْت إِنُّو,THanneet innu,I thought that,frame,2,romanization M; vocalised M; native_check,,,,,
3,3,,1942,وَعَدْنِي إِنُّه,wa3adni innu,He promised me that,frame,2,vocalised M,,,,,
3,3,,1981,לַמַّא כֻנְת צְغִير,lamma kunt Sghiir,When I was young,frame,2,romanization M; vocalised M,,,,,
3,3,,1988,سَأَلْنِي إِذَا بِدِّي,sa'alni iza biddi,He asked me if I want to,frame,2,vocalised M,,,,,
3,3,,1990,مَا أَحْلَاه,ma a7laa,How beautiful he/it is,formula,2,romanization M,,,,,
3,3,,1991,شُو هَالحَلَاوَة,shu hal-7alaawe,How sweet/beautiful this is,frame,2,romanization M,,,,,
3,3,,2004,بِالمَرَّة مَا بْيِعْرِف,bil-marra ma byi3rif,He doesn't know at all,frame,2,romanization M; vocalised M,,,,,
3,3,,2006,اِللִّي صَار إِنּو,illi Saar innu,What happened was that,frame,2,vocalised M,,,,,
3,3,,2021,تْخَيَّل إِنُّو,tkhayyal innu,Imagine that... (to m.),frame,2,romanization M; vocalised M,,,,,
3,3,,2022,اللِّي فْهِمْتُو إِنُّو...,illi fhimtu innu,What I understood is that...,frame,2,romanization M; vocalised M,,,,,
3,3,,2027,اللِّي صَار بِالآخِر,illi Saar bil-'aakhir,What happened in the end,frame,2,romanization M,,,,,
3,3,,2028,طِلْعِت القِصَّة إِنُّو,Til3it il-'iSSa innu,The story turned out to be that,frame,2,romanization M; vocalised M,,,,,
3,3,,2037,هَاد بِذَكِّرْنِي بِـ,haad bidakkirni bi,This reminds me of...,frame,2,romanization M; vocalised M; native_check,,,,,
3,3,,2038,عَلَى مَا أَظُنّ,3ala ma aTHunn,as far as I think / I believe,adverb,2,romanization M,,,,,
3,3,,2048,عَلَى حَسَب الوَضِع,3ala 7asab il-waDi3,depending on the situation,formula,2,romanization M; vocalised M,,,,,
3,3,,2053,خَلِّينِي أَفَكِّر وْبَرْجَعْلَك,khalliini afakkir w barja3lak,Let me think and I'll get back to you (to m.),formula,2,romanization M; vocalised M,,,,,
3,3,,2059,قَبْل مَا أَنْسَى,'abl ma ansa,before I forget,formula,2,romanization M,,,,,
3,3,,2091,اللَّه يُسْتُر مِن الجَاي,allaah yustur min ij-jaay,God protect us from what's coming,formula,2,romanization M; vocalised M,,,,,
3,3,,2097,تْوَكَّل عَلَى اللَّه,twakkal 3ala allaah,Trust in God / just go for it,formula,2,romanization M,,,,,
3,3,,2107,خَلِّيهَا عَلَى الله,khalliiha 3ala allaah,Leave it to God,formula,2,romanization M,,,,,
3,3,,2109,هَيْك الدِّنْيَا,heek id-dinya,That's life / that's how it is,formula,2,vocalised M,,,,,
3,3,,2115,شُو هَالْحَكِي,shu hal-7aki,what kind of talk is this / nonsense,formula,2,romanization M,,,,,
3,3,,2119,اللَّه يִلْعَن أَبُو,allaah yil3an abu,damn the father of... (= damn...),frame,2,romanization M,,,,,
3,3,,2126,عَ الآخِر,3al-aakhir,to the max / extremely,adverb,2,romanization M,,,,,
3,3,,2127,مَرَّة,marra,very / really (intensifier),adverb,2,native_check,,,,,
3,3,,2133,طَنَّش,Tannash,ignored,verb,2,correction conjugation M: بيطنّش (biTannish) = he ignores,,,,,
3,3,,2140,قَرَّف,'arraf,disgusted,verb,2,correction meaning M: disgusted (someone) / grossed out,,,,,
3,3,,2145,رَاحِت عَلَيّ,raa7it 3alayy,I missed my chance / it's over for me,formula,2,romanization M; vocalised M,,,,,
3,3,,2187,نَتِيجِة,natiije,result / consequence,noun,2,vocalised M,,,,,
3,3,,2188,تَأْثِير,ta'siir,effect / influence,noun,2,romanization M,,,,,
3,3,,2194,مَوْقِف,maw'if,stance / position / situation,noun,2,romanization M; vocalised M; native_check,,,,,
3,3,,2198,تَجْرُبِة,tajrube,experience,noun,2,vocalised M,,,,,
3,3,,2199,ذِكْرَى,zikra,memory,noun,2,romanization M; native_check,,,,,
3,3,,2203,خِيَار,khiyaar,choice / option,noun,2,romanization M; vocalised M,,,,,
3,3,,2207,ثِقَة,thi'a,trust / confidence,noun,2,romanization M,,,,,
3,3,,2210,فَرَح,fara7,joy / happiness,noun,2,correction meaning M: joy / happiness; wedding (celebration),,,,,
3,3,,2211,حُزِن,7uzin,sadness,noun,2,romanization M; vocalised M,,,,,
3,3,,2218,حَظّ,7aTHTH,luck,noun,2,romanization M,,,,,
3,3,,2219,قِسْمِة,'isme,fate / destiny,noun,2,vocalised M,,,,,
3,3,,2222,مَوْت,moot,death,noun,2,vocalised M,,,,,
3,3,,2226,كَرَامِة,karaame,dignity,noun,2,vocalised M,,,,,
3,3,,2229,كِذْبِة,kidhbe,lie,noun,2,romanization M; vocalised M; native_check,,,,,
3,3,,2232,عُذُر,3uzur,excuse,noun,1,romanization L; vocalised L; native_check,,,,,
3,3,,2237,رَاحَة,raa7a,comfort / rest,noun,2,romanization M,,,,,
3,3,,2239,مُسْتَأْبَل,musta'bal,future,noun,2,romanization M; vocalised M,,,,,
3,3,,2246,ظَرْف,THarf,circumstance / situation,noun,2,romanization M; correction meaning M: circumstance / situation; envelope,,,,,
3,3,,2247,قِيمِة,'iime,value / worth,noun,2,romanization M; vocalised M,,,,,
3,3,,2250,اللَّه يْتَمِّمْلَك عَلَى خَيْر,allah yitammimlak 3ala kheer,May God complete it well for you (to m.),formula,2,romanization M; vocalised M,,,,,
3,3,,2253,اللَّه يْخَلِّيلَك إِيَّاه,allaah ykhalliilak iyyaa,"God keep him for you (about baby, to m.)",formula,2,"romanization M; vocalised M; correction meaning M: God keep him for you (of one's child or loved one, to m.)",,,,,
3,3,,2255,اللَّه يِرْحَمُو وْيِغْفِرْلُو,allaah yir7amu w yighfirlu,God have mercy and forgive him,formula,2,romanization M,,,,,
3,3,,2257,اللَّه يْصَبّْرَك وْيِقَوِّيك,allaah ySabbrak w yi'awwiik,God give you patience and strength (to m.),formula,2,romanization M; vocalised M,,,,,
3,3,,2258,الْفَاتْحَة,il-faat7a,"the opening (Quran chapter, recited for deceased)",noun,2,romanization M,,,,,
3,3,,2264,الله يْوَفّْقَك بِالشُّغُل,allah ywaffi'ak bish-shughul,God grant you success at work (to m.),formula,2,vocalised M,,,,,
3,3,,2273,الخَطّ بِيقْطַع,il-khaTT bi'Ta3,The line keeps cutting out,formula,2,romanization M; vocalised M,,,,,
3,3,,2278,الطَّيَّارَة مِتْأَخِّرَة,iT-Tayyaara mit'akhkhra,The plane is delayed,frame,2,vocalised M,,,,,
3,3,,2281,حَقِيبِة,7a'iibe,suitcase / bag,noun,1,romanization L; vocalised M; native_check,,,,,
3,3,,2282,شَنْطِةْ سَفَر,shanTit safar,travel bag,noun,2,vocalised M,,,,,
3,3,,2283,حَجِز,7ajiz,reservation / booking,noun,2,romanization M; vocalised M,,,,,
3,3,,2293,رַسַבְת בִالاِمְתִחַאן,rasabt bil-imti7aan,I failed the exam,formula,2,vocalised M,,,,,
3,3,,2296,مْعَدَّل,m3addal,GPA / average,noun,2,romanization M; vocalised M,,,,,
3,3,,2298,ثَانَوِيِّة,thaanawiyye,high school,noun,2,romanization M; vocalised M,,,,,
3,3,,2300,حِصِّةِ رِيَاضَة,7iSSit riyaaDa,gym class / PE,noun,2,vocalised M,,,,,
3,3,,2301,بَاص المَدْرَسِة,baaS il-madrase,school bus,noun,2,vocalised M,,,,,
3,3,,2304,بِدِّي أَسْتَقِيل,biddi asta'iil,I want to resign,frame,2,romanization M; vocalised M,,,,,
3,3,,2324,اِتْخَرَّب,itkharrab,got ruined / broke down,verb,2,correction conjugation M: بتخرّب (bitkharrab) = it breaks down,,,,,
3,3,,2326,اِتْلَغَى,itlagha,got canceled,verb,2,correction root M: ل-غ-و,,,,,
3,3,,2329,عِلِق,3ili',got stuck,verb,2,correction conjugation M: بيعلق (bi3la') = it gets stuck,,,,,
3,3,,2336,وَفَّق,waffa',succeeded / reconciled,verb,2,romanization M; correction meaning M: granted success (esp. God) / reconciled; correction conjugation M: بيوفّق (biwaffi') = he grants success,,,,,
3,3,,2341,اِسْتَخْبَى,istakhba,hid (oneself),verb,2,romanization M; vocalised M,,,,,
3,3,,2349,عَيْنِي حَمْرَا,3eeni 7amra,My eye is red,frame,2,vocalised M,,,,,
3,3,,2352,مَا بַقְדַר أַתְנַפַّס,ma ba'dar atnaffas,I can't breathe,frame,1,vocalised L,,,,,
3,3,,2356,مِحْتَاج عَمَلِيِّة,mi7taaj 3amaliyye,He needs surgery,frame,2,vocalised M,,,,,
3,3,,2359,بِكْفِينِي,bikfiini,That's enough for me,formula,1,romanization L; vocalised L; native_check; correction harakaat L: بِكْفِينِي,,,,,
3,3,,2364,مُعَجَّنَات,mu3ajjanaat,pastries / baked goods,noun,2,romanization M,,,,,
3,3,,2365,مْخَلَّل,mkhallal,pickles,noun,2,romanization M; vocalised M,,,,,
3,3,,2372,جُوز,jooz,walnuts,noun,2,vocalised M,,,,,
3,3,,2376,هَاد اللَّوْن مِش مَاشِي,haad il-loon mish maashi,This color doesn't work,formula,2,vocalised M,,,,,
3,3,,2378,بِتِلْبْسِي حِجَاب؟,bitilbsi 7ijaab,Do you wear hijab? (to f.),formula,2,romanization M; vocalised M,,,,,
3,3,,2380,الجَوّ بِيصَحِّي,il-jaww byiSa77i,The weather is clearing up,formula,2,romanization M; vocalised M,,,,,
3,3,,2381,الدِّنْيَا مْتَلّْجَة,id-dinya mtallje,It's snowing / icy,frame,2,romanization M; vocalised M,,,,,
3,3,,2384,اِنْقَطَعِت المَيّ,in'aTa3it il-mayy,The water got cut off,formula,2,romanization M; vocalised M,,,,,
3,3,,2386,بِقَدِّيش الإِيجَار بِالشَّهْر؟,bi'addeesh il-'iijaar bish-shahr,How much is the rent per month?,frame,2,romanization M; vocalised M,,,,,
3,3,,2389,مَغْسَلَة,maghsale,sink (kitchen/bathroom),noun,2,romanization M,,,,,
3,3,,2391,مِكْنَسِة كَهْرَبَا,miknase kahraba,vacuum cleaner,noun,2,romanization M; vocalised M,,,,,
3,3,,2403,عِمِلِت حَادِث,3imilit 7aadith,I had an accident,formula,2,romanization M; vocalised M,,,,,
3,3,,2404,السَّيَّارَة خَرْبَانِة,is-sayyaara kharbaane,The car is broken down,formula,2,vocalised M,,,,,
3,3,,2406,وَيْن أَقْرَب كَرَاج؟,ween a'rab karaaj,Where's the nearest garage/mechanic?,frame,2,vocalised M,,,,,
3,3,,2409,أَجَّر,ajjar,rented out / leased,verb,2,correction conjugation M: بِأَجِّر (bi'ajjir) = he rents out,,,,,
3,3,,2412,عِمِل سْكْرِين شُوت,3imil skriin shoot,took a screenshot,verb,2,romanization M; vocalised M,,,,,
3,3,,2419,قَرْض,'arD,loan,noun,2,romanization M; vocalised M; native_check; correction harakaat M: قَرْض,,,,,
3,3,,2421,فَاتُورَةِ الكَهْرَبَا,faatuurat il-kahraba,electricity bill,noun,2,romanization M; vocalised M,,,,,
3,3,,2422,فَاتُورِة المَيّ,faatuurit il-mayy,water bill,noun,2,romanization M; vocalised M,,,,,
3,3,,2423,فَاتُورَةِ التِّلِفُون,faatuurat it-tilifoon,phone bill,noun,2,romanization M; vocalised M; native_check,,,,,
3,3,,2431,اللّه يْفَرّْجْهَا,allaah yfarrijha,God relieve it (the hardship),formula,2,romanization M; vocalised M,,,,,
3,3,,2432,اللَّه يْكَرّْمَك,allah ykarrmak,God honor you (to m.),formula,2,romanization M; vocalised M,,,,,
3,3,,2435,مَا تِقْطَع عَنَّا,ma ti'Ta3 3anna,Don't be a stranger (to m.),formula,2,romanization M; vocalised M,,,,,
3,3,,2445,نَفْسִيָּة,nafsiyye,mood / psychology / mental state,noun,2,vocalised M,,,,,
3,3,,2451,ذَاكِرَة,dhaakira,memory (faculty),noun,2,romanization M,,,,,
3,3,,2471,مִن هַלַّأ לַقُدַّام,min halla' la'uddaam,from now on,adverb,2,vocalised M,,,,,
3,3,,2510,مَا بْيִسְوַى,ma byiswa,it's worthless / not worth it,formula,1,romanization M; vocalised L,,,,,
3,3,,2511,بْيِسْوَى,byiswa,it's worth it,verb,2,vocalised M,,,,,
3,3,,2513,مִش قִصִּتִي,mish 'iSSiti,not my problem / not my business,formula,2,vocalised M,,,,,
3,3,,2514,اللَّه يْعَوّْضَك,allaah y3awwDak,God compensate you (to m.),formula,2,romanization M; vocalised M,,,,,
3,3,,2515,اللّٰه يْرُدُّو بِالسَّلَامِة,allah yruddo bis-salaame,God return him safely,formula,2,romanization M; vocalised M; native_check; correction harakaat M: يْرُدُّو,,,,,
3,3,,2516,اللَّه يْنَوِّر دَرْبَك,allaah ynawwir darbak,God light your path (to m.),formula,2,romanization M,,,,,
3,3,,2517,تْقَبَّل اللَّه,t'abbal allaah,May God accept (prayers/fasting),formula,1,romanization L; vocalised M; native_check,,,,,
3,3,,2518,اللّه يِفْتَحْها بْوِجْهَك,allah yifta7ha bwijhak,God open doors for you (to m.),formula,2,romanization M; vocalised M; correction harakaat M: يِفْتَحْهَا,,,,,
3,3,,2520,اللَّه يْحَقِّقْلَك أَمَانِيك,allah y7a''i'lak amaaniik,God fulfill your wishes (to m.),formula,2,romanization M; vocalised M,,,,,
3,3,,2530,وَلَا,wala,or (Galilean variant),conjunction,2,romanization M; vocalised M; native_check,,,,,
3,3,,2534,بِدِّي أَصْبَغ شَعْرِي,biddi aSbagh sha3ri,I want to dye my hair,frame,2,romanization M; vocalised M,,,,,
3,3,,2539,مُمْكִن أَسْتַعִير مִنַّك...؟,mumkin asta3iir minnak,Can I borrow... from you? (to m.),frame,2,romanization M; vocalised M,,,,,
3,3,,2543,الحَنَفِيِّة عِنَّا بْتِنْقُط,il-7anafiyye 3inna btin'uT,Our faucet is dripping,formula,2,romanization M; vocalised M,,,,,
3,3,,2544,التَّدْفِئِة مِش شَغّالِة,it-tadfi'e mish shaghghaale,The heating isn't working,frame,2,romanization M; vocalised M,,,,,
3,3,,2545,بِدِّي أَجَدِّد العَقِد,biddi ajaddid il-3a'id,I want to renew the lease,frame,2,romanization M; vocalised M,,,,,
3,3,,2547,تَدْفِئِة,tadfi'e,heating,noun,2,romanization M; vocalised M; native_check,,,,,
3,3,,2558,مْعَلّْمِةِ الصَّفّ,m3allmit iS-Saff,the class teacher (f.),noun,2,romanization M; vocalised M,,,,,
3,3,,2559,مُدِير المَدْرَسِة,mudiir il-madrase,the school principal,noun,2,vocalised M,,,,,
3,3,,2563,بִدִّי إِجَازِة,biddi ijaaze,I need a vacation,frame,1,vocalised L,,,,,
3,3,,2564,المُدِير بِيِضْغَط عَلَيْنَا,il-mudiir biDghaT 3aleena,The boss is pressuring us,frame,1,romanization M; vocalised L; native_check; correction harakaat M: بِيِضْغَط,,,,,
3,3,,2565,ضَغَط,DaghaT,pressured,verb,2,correction conjugation M: بِضْغَط (biDghaT) = he presses; correction meaning M: pressed (e.g. a button) / pressured,,,,,
3,3,,2572,مَا بِتْلَاقِي شُغُل,ma bitlaa'i shughul,You can't find work (to f.),frame,2,correction meaning M: You (m./f.) can't find work; also: she can't find work,,,,,
3,3,,2575,كَانِّي مَا حْكِيت,kaanni ma 7akeet,As if I didn't say anything,formula,2,romanization M; vocalised M; native_check,,,,,
3,3,,2576,مَهْمَا عْمِلְت,mahma 3milt,No matter what you do (to m.),frame,2,vocalised M,,,,,
3,3,,2582,وَزَّع,wazza3,distributed,verb,2,correction conjugation M: بيوزّع (biwazzi3) = he distributes,,,,,
3,3,,2585,قَارَن,'aaran,compared,verb,1,romanization L; native_check; correction romanization M: 'aaran,,,,,
3,3,,2589,رَتَّب مَوْعِد,rattab maw3id,arranged an appointment,verb,2,romanization M; vocalised M,,,,,
3,3,,2590,لَغَى المَوْعِد,lagha il-maw3id,canceled the appointment,verb,2,romanization M,,,,,
3,3,,2591,غَيَّر المَوْعِد,ghayyar il-maw3id,changed the appointment,frame,2,romanization M,,,,,
3,3,,2592,أَجَّل المَوْعِد,ajjal il-maw3id,postponed the appointment,frame,2,romanization M; vocalised M,,,,,
3,3,,2595,كُنْت بْمَكَانَك,kunt bmakaanak,If I were you (to m.),frame,2,vocalised M,,,,,
3,3,,2599,بِيبَيِّن إِنُّو,byibayyin innu,It seems that / it's apparent that,frame,2,romanization M; vocalised M,,,,,
3,3,,2600,مَا بِيبَيِّن عَلَيْك,ma byibayyin 3aleek,It doesn't show on you (to m.),formula,2,romanization M; vocalised M,,,,,
3,3,,2601,طִלְעִת أַحְסַן מִמַّא תְוַقַّעְת,Til3it a7san mimma twa''a3t,It turned out better than I expected,frame,2,romanization M; vocalised M,,,,,
3,3,,2602,مَا تْوَقَّعْت إِنُّو هَيْك,ma twa''a3t innu heek,I didn't expect it to be like this,frame,2,romanization M; vocalised M,,,,,
3,3,,2606,مִش بَسّ هֵيك كَمَان,mish bass heek kamaan,"Not only that, also...",frame,2,vocalised M,,,,,
3,3,,2620,سْبِيكَر,sbiikar,speaker,noun,2,romanization M; vocalised M,,,,,
3,3,,2627,أَثَّر,aththar,influenced / affected,verb,2,romanization M; native_check,,,,,
3,3,,2632,مُوجِة حَرّ,moojit 7arr,heat wave,noun,2,vocalised M,,,,,
3,3,,2636,قُوس قُزَح,'oos 'uza7,rainbow,noun,2,romanization M; vocalised M,,,,,
3,3,,2640,زَرَع,zara3,planted / farmed,verb,2,correction conjugation M: بزرع (bizra3) = he plants,,,,,
3,3,,2643,مُوسِم,moosim,season (harvest/agricultural),noun,2,romanization M; vocalised M,,,,,
3,3,,2644,مَوْسِم الزَّيْتُون,moosim iz-zeetuun,olive season,noun,2,romanization M; vocalised M,,,,,
3,3,,2646,عَصِر الزِّيتُون,3aSir iz-zeetuun,olive pressing,noun,2,romanization M; vocalised M,,,,,
3,3,,2656,مَوْعِد عِنْد الدُّكْتُور,maw3id 3ind id-duktoor,doctor's appointment,noun,2,romanization M,,,,,
3,3,,2665,لَا حَوْل اللَّه,la 7awl allah,Oh my God (distress),formula,2,romanization M; vocalised M,,,,,
3,3,,2675,مِتْلِي مِتْلَك,mitli mitlak,"same as me, same as you (= we're equal)",formula,2,correction meaning M: I'm just like you / same boat as you,,,,,
3,3,,2678,بْتِعْمِلْهَا وِلَّا لَأ؟,bti3milha willa la',Are you going to do it or not? (to m.),formula,2,vocalised M,,,,,
3,3,,2683,اللَّه كْبِير,allaah kbiir,God is great (= it'll work out),formula,2,romanization M,,,,,
3,3,,2690,بَلَّش يِحْكِي وْمَا وَقَف,ballash yi7ki w ma wa'af,He started talking and didn't stop,frame,2,romanization M; vocalised M,,,,,
3,3,,2692,أَاطَعْنِي,'aaTa3ni,He interrupted me,verb,2,vocalised M,,,,,
3,3,,2693,قَاطَع,'aaTa3,interrupted,verb,2,correction meaning M: interrupted; boycotted,,,,,
3,3,,2694,عَلَّق,3alla',commented,verb,2,correction conjugation M: بيعلّق (bi3alli') = he comments,,,,,
3,3,,2697,شَجَّع,shajja3,encouraged,verb,2,correction conjugation M: بيشجّع (bishajji3) = he encourages,,,,,
3,3,,2698,ثَبَّت,thabbat,confirmed / fixed in place,verb,2,romanization M,,,,,
3,3,,2706,عَقَّد,3a''ad,complicated,verb,2,correction meaning M: complicated (made something complicated),,,,,
3,3,,2717,وَقَّفْنَا عِنْد...,wa''afna 3ind,We stopped at... (in a story),frame,2,romanization M,,,,,
3,3,,2719,ذَكِّرْنِي,dakkirni,"Remind me (imperative, to m.)",verb,2,romanization M; native_check,,,,,
3,3,,2720,بَلَّغ,ballagh,reported / notified,verb,2,correction conjugation M: بيبلّغ (biballigh) = he reports,,,,,
3,3,,2727,اللَّه يِحْفَظ فِلَسْطِين,allah yi7faTH filasTiin,God protect Palestine,formula,2,romanization M; vocalised M,,,,,
4-5,4,Y,203,نَادِرًا,naadiran,rarely,adverb,2,native_check,,,,,
4-5,4,Y,736,هَمَس,hamas,whispered,verb,2,correction conjugation M: بيهمس (bihmis) = he whispers,,,,,
4-5,4,Y,1301,أُوتُوسْتْرَاد,ootoostraad,highway,noun,1,romanization L; vocalised L; native_check,,,,,
4-5,4,Y,1371,سَهِل,sahil,plain / flat land,noun,2,romanization M; vocalised M; correction conjugation M: سُهُول (suhuul),,,,,
4-5,4,Y,2723,تَحَقَّق,ta7a''a',verified / confirmed,verb,1,romanization L; vocalised M; native_check; correction romanization L: ta7a''a' or ta7aqqaq,,,,,
4-5,4,,209,بَيْنَمَا,baynama,while,conjunction,2,romanization M,,,,,
4-5,4,,294,تَقْبُرْنِي,ta'burni,you're so dear to me,formula,1,romanization L; vocalised L; native_check,,,,,
4-5,4,,345,بِالإِضَافِة,bil-'iDaafe,in addition,adverb,2,romanization M; vocalised M,,,,,
4-5,4,,393,قَصْف جَبْهِة,'aSf jabhe,sick burn / comeback (lit: forehead bombing),noun,2,romanization M; vocalised M,,,,,
4-5,4,,394,مَخِّي وِقِف,makhkhi wi'if,I'm overwhelmed (lit: my brain stopped),formula,2,correction meaning M: My mind went blank / I can't think (lit: my brain stopped),,,,,
4-5,4,,398,فَلَّت,fallat,escaped / got away,verb,2,romanization M; vocalised M; native_check; correction conjugation M: بِفَلِّت (bifallit); correction meaning L: let go / released; got loose,,,,,
4-5,4,,399,طَقّ,Ta'',went / hit (slang),verb,2,native_check; correction conjugation L: بيطقّ (biTu'') = he goes/hits,,,,,
4-5,4,,413,إِنْتَ وْإِيَّاه,inte w iyyaa,that's between you and him,formula,2,romanization M; vocalised M,,,,,
4-5,4,,478,دَرْزِن,darzin,dozen,noun,1,romanization L; vocalised M; native_check,,,,,
4-5,4,,558,حَذَّر,7adhdhar,warned,verb,2,romanization M,,,,,
4-5,4,,637,عَجَن,3ajan,kneaded,verb,2,correction conjugation M: بتعجن (btu3jun) = she kneads,,,,,
4-5,4,,659,بْلَك,blak,blocked (someone online),verb,2,romanization M; vocalised M,,,,,
4-5,4,,696,اِسْتَلْقَى,istal'a,lay down,verb,1,romanization L; vocalised M; native_check; correction romanization M: istal'a,,,,,
4-5,4,,716,تْنَهَّد,tnahhad,sighed,verb,2,vocalised M; correction conjugation M: بَتْنَهَّد (batnahhad) = I sigh,,,,,
4-5,4,,717,غِضِب,ghiDib,got angry,verb,2,romanization M; vocalised M; correction conjugation M: بيغضب (byighDab),,,,,
4-5,4,,741,فَلَّت,fallat,escaped / slipped away,verb,2,romanization M; vocalised M; native_check; correction meaning L: let go / released (transitive); فَلَت = escaped,,,,,
4-5,4,,880,رִمִش,rimish,eyelash,noun,2,romanization M; vocalised M,,,,,
4-5,4,,902,ضَمَّاد,Dammaad,bandage,noun,1,romanization M; vocalised L; native_check; correction variant L: ضْمَادِة (Dmaade),,,,,
4-5,4,,904,غَثَيَان,ghathayaan,nausea,noun,2,romanization M,,,,,
4-5,4,,956,جَرِيء,jarii',bold / brave,adjective,2,romanization M,,,,,
4-5,4,,1053,غَازِي,ghaazi,soda / carbonated drink,noun,2,romanization M; vocalised M; native_check,,,,,
4-5,4,,1129,مِدْفَأَة,midfa'a,heater,noun,2,romanization M,,,,,
4-5,4,,1178,مْأَلَّم,mu'allam,striped,adjective,2,romanization M; vocalised M,,,,,
4-5,4,,1179,مْنَقَّط,mna''aT,polka-dotted / spotted,adjective,2,romanization M; vocalised M,,,,,
4-5,4,,1192,مُفْتَاح النُّور,muftaa7 in-nuur,light switch,noun,2,romanization M; vocalised M; correction harakaat M: مُفْتَاح,,,,,
4-5,4,,1197,خَلَّاص,khallaaS,done / finished (emphatic),adjective,1,romanization L; vocalised L; native_check; correction harakaat L: verify; likely خَلَاص (khalaaS) 'done / enough',,,,,
4-5,4,,1202,مْقَرْمِش,m'armish,crispy / crunchy,adjective,1,romanization L; vocalised L; native_check; correction harakaat L: مْقَرْمِش,,,,,
4-5,4,,1224,مُسْتَأْجِر,musta'jir,tenant,noun,2,romanization M; vocalised M,,,,,
4-5,4,,1237,مْنَظِّف,mnaDDif,cleaning product / detergent,noun,2,romanization M; vocalised M; native_check; correction romanization L: mnaDDif,,,,,
4-5,4,,1238,مَسْحُوق,mas7uu',powder / detergent powder,noun,2,romanization M; vocalised M,,,,,
4-5,4,,1304,رُكُوب,rukuub,riding / getting on,noun,2,romanization M,,,,,
4-5,4,,1360,الدِّنْيَا عَمْ بْتِبْرَق وْبْتِرْعَد,id-dinya 3am btibra' w btir3ad,It's lightning and thundering,formula,2,romanization M; vocalised M,,,,,
4-5,4,,1363,عُشِب,3ushib,grass,noun,1,romanization L; vocalised L; native_check,,,,,
4-5,4,,1403,مَحْمِيِّة,ma7miyye,nature reserve,noun,2,vocalised M,,,,,
4-5,4,,1404,بِيئَة,bii'a,environment,noun,2,romanization M,,,,,
4-5,4,,1406,زَلْزَلِة,zalzale,earthquake,noun,2,vocalised M,,,,,
4-5,4,,1420,بَيْطَرِي,beeTari,veterinarian,noun,2,romanization M; vocalised M; correction meaning M: veterinary; vet (short for دكتور بيطري),,,,,
4-5,4,,1424,قَطِيع,'aTii3,flock / herd,noun,2,romanization M,,,,,
4-5,4,,1430,سُور القُدِس,suur il-'udis,the walls of Jerusalem,noun,2,romanization M,,,,,
4-5,4,,1432,كْنِيسِةِ القِيَامِة,kniisit il-'iyaame,Church of the Holy Sepulchre,noun,2,romanization M; vocalised M; native_check,,,,,
4-5,4,,1449,نَهِر الأُرْدُن,nahir il-'urdun,the Jordan River,noun,2,romanization M; vocalised M,,,,,
4-5,4,,1484,رَطِب,raTib,moist / damp,adjective,2,romanization M; vocalised M,,,,,
4-5,4,,1496,مُثَلَّث,muthallath,triangular,noun,2,romanization M; correction meaning M: triangle / triangular,,,,,
4-5,4,,1502,أَمْلَس,amlas,smooth / slippery,adjective,2,correction meaning M: smooth,,,,,
4-5,4,,1605,أַלִף בַא,alif baa,alphabet / ABCs,noun,2,romanization M; vocalised M,,,,,
4-5,4,,1615,إِنْجِيل,injiil,Bible / Gospel,noun,2,correction meaning M: Gospel / New Testament,,,,,
4-5,4,,1625,قِسِّيس,'issiis,priest,noun,2,romanization M; vocalised M; native_check,,,,,
4-5,4,,1626,زَكَاة,zakaa,alms / zakat,noun,2,romanization M; correction root M: ز-ك-و,,,,,
4-5,4,,1634,ثُوب مُطَرَّز,toob muTarraz,embroidered dress,noun,2,romanization M; vocalised M,,,,,
4-5,4,,1642,حِشْمِة,7ashme,modesty / decency,noun,1,vocalised L,,,,,
4-5,4,,1645,مُنَاسَبِة دِينِيِّة,munaasabe diiniyye,religious occasion,noun,2,romanization M; vocalised M,,,,,
4-5,4,,1646,صُلْحَة,Sul7a,reconciliation / tribal peace,noun,2,romanization M,,,,,
4-5,4,,1647,دِيوَان,diiwaan,guest reception room,noun,2,romanization M,,,,,
4-5,4,,1648,حَكَوَاتِي,7akawaati,storyteller,noun,2,romanization M; vocalised M; native_check; correction harakaat M: حَكَوَاتِي,,,,,
4-5,4,,1651,خَمْسَة وْخْمَيْسَة,khamse w khmeese,hand of Fatima (evil eye protection),noun,2,romanization M,,,,,
4-5,4,,1662,سִيرَة ذَاتִيָّة,siira dhaatiyye,CV / resume,noun,2,romanization M; vocalised M,,,,,
4-5,4,,1667,صَنَايْعِي,Sanaay3i,craftsman / tradesman,noun,2,romanization M,,,,,
4-5,4,,1670,تُرَاث,turaath,heritage,noun,2,romanization M,,,,,
4-5,4,,1674,طُهُور,Tuhuur,circumcision celebration,noun,1,romanization L; vocalised L; native_check; correction harakaat L: طُهُور,,,,,
4-5,4,,1675,سَبُوع,sabuu3,week-old baby celebration,noun,1,romanization L; vocalised L; native_check,,,,,
4-5,4,,1676,نَذِر,nadhir,vow / religious pledge,noun,1,romanization L; vocalised L; native_check,,,,,
4-5,4,,1679,وُضُوء,wuDuu',ablution (before prayer),noun,2,romanization M,,,,,
4-5,4,,1680,تِلَاوِة,tilaawe,Quran recitation,noun,2,romanization M; vocalised M,,,,,
4-5,4,,1730,يُوزَر,yuuzar,username,noun,2,romanization M; vocalised M,,,,,
4-5,4,,1733,فُولُو,foolo,follow (social media),noun,2,romanization M; vocalised M,,,,,
4-5,4,,1738,مَايְك,maayk,microphone,noun,1,romanization M; vocalised L,,,,,
4-5,4,,1739,بْرِינْتَر,brintar,printer,noun,2,romanization M; vocalised M,,,,,
4-5,4,,1869,حِسَاب مُشْتَرَك,7isaab mushtarak,shared bill / split bill,noun,2,correction meaning M: joint account / shared account,,,,,
4-5,4,,2005,اللِّي بْيِعْرِف بْيِعْرِف,illi byi3rif byi3rif,"Those who know, know",formula,2,romanization M; vocalised M,,,,,
4-5,4,,2032,كَانَّك مَا حَكَيْت,kaannak ma 7akeet,You should have kept quiet (to m.),formula,1,romanization L; vocalised L; native_check; correction meaning L: as if you never said it / consider it unsaid (to m.),,,,,
4-5,4,,2049,بِغَضِّ النَّظَر عَن,bighaDD in-naTHar 3an,regardless of,preposition,2,romanization M,,,,,
4-5,4,,2051,بِالمُقَابِل,bil-muqaabil,on the other hand / in return,adverb,2,romanization M; native_check,,,,,
4-5,4,,2065,اللِّي عَلَى رَاسُو بَطْحَة بِحَسِّس عَلَيْهَا,illi 3ala raasu baT7a bi7assis 3aleeha,The guilty one feels it (lit: who has a bump feels it),formula,2,romanization M; vocalised M; native_check; correction harakaat M: بِحَسِّس,,,,,
4-5,4,,2066,اللِّي بِيِطْلَع مِن الدَّار بِيْقِلّ مِقْدَارُو,illi biTla3 min id-daar bi'ill mi'daaru,The one who leaves home loses his worth,formula,2,romanization M; vocalised M,,,,,
4-5,4,,2067,عَلَى قَدّ لِحَافَك مِدّ إِجْرَيْك,3ala 'add li7aafak midd ijreek,Stretch your legs according to your blanket,formula,2,romanization M,,,,,
4-5,4,,2068,اللِّي بِيِزْرَع بِيِحْصُد,illi byizra3 byi7Sud,You reap what you sow,formula,2,romanization M; vocalised M,,,,,
4-5,4,,2069,يَا غَايِب عَن العَيْن يَا غَايِب عَن القَلِب,ya ghaayib 3an il-3een ya ghaayib 3an il-'alib,"Out of sight, out of mind",formula,2,romanization M; vocalised M; native_check; correction variant L: Urban ق→ء. Common form: البعيد عن العين بعيد عن القلب,,,,,
4-5,4,,2071,اِللِّي مَا بِيعْرِف الصَّقِر بِيشْوِيه,illi ma byi3rif iS-Sa'ir byishwii,He who doesn't know the falcon grills it,formula,2,romanization M; vocalised M,,,,,
4-5,4,,2073,أَكْبَر مِنَّك بْيُوم أَعْرَف مِنَّك بِسَنِة,akbar minnak byoom a3raf minnak bisane,"Older by a day, wiser by a year",formula,2,romanization M; vocalised M; correction harakaat M: أَكْبَر,,,,,
4-5,4,,2075,عَيْنُو وَاسْعَة,3eenu waas3a,He's greedy (lit: his eye is wide),formula,2,romanization M,,,,,
4-5,4,,2076,عَيْنُو ضَيّْقَة,3eenu Dayy'a,He's stingy (lit: his eye is narrow),formula,2,vocalised M; native_check; correction meaning L: He's envious / begrudging (lit: his eye is narrow),,,,,
4-5,4,,2081,دَمُّه بَارِد,dammu baarid,He's calm/patient (lit: his blood is cold),formula,2,"vocalised M; correction meaning M: He's unflappable / unbothered, often indifferent (lit: his blood is cold)",,,,,
4-5,4,,2082,وِجْهُو قَلِيل,wijhu 'aliil,He's shameless (lit: his face is little),formula,2,romanization M; vocalised M; native_check,,,,,
4-5,4,,2092,كُلّ شِي بِوَقْتُو حِلُو,kull shi biwa'tu 7ilu,Everything is good in its time,formula,2,vocalised M,,,,,
4-5,4,,2094,بُكْرَا بِيطْلَع الصُّبُح,bukra biTla3 iS-Subu7,Tomorrow the morning will come (= things will work out),formula,2,romanization M; vocalised M,,,,,
4-5,4,,2099,الطُّيُور عَلَى أَشْكَالْهَا تَقَع,iT-Tuyuur 3ala ashkaalha ta'a3,Birds of a feather flock together,formula,2,romanization M; vocalised M; native_check,,,,,
4-5,4,,2101,عَصْفُور بِالإِيد وَلَا عَشْرَة عَ الشَّجَرَة,3aSfuur bil-'iid wala 3ashra 3ash-shajara,A bird in hand is better than ten on the tree,formula,2,romanization M; vocalised M; native_check,,,,,
4-5,4,,2102,اللِّي بْيِحْفُر حُفْرَة لَأَخُوه بْيِقَع فِيهَا,illi byi7fur 7ufra la'akhuu byi'a3 fiiha,He who digs a pit for his brother falls in it,formula,2,romanization M; vocalised M,,,,,
4-5,4,,2103,خُبِز وْمِلِح,khubiz w mili7,bread and salt (= shared bond/loyalty),noun,2,romanization M; vocalised M,,,,,
4-5,4,,2111,اللَّه يִرْحَم أَيָّامُو,allaah yir7am ayyaamu,God bless those days (nostalgia),formula,2,romanization M; vocalised M; correction harakaat M: اللَّه يِرْحَم أَيَّامُو,,,,,
4-5,4,,2121,مْخَرِّف,mkharrif,talking nonsense / senile,adjective,2,correction harakaat M: مْخَرِّف,,,,,
4-5,4,,2124,أُسْطُورِي,usTuuri,legendary,adjective,2,romanization M; native_check,,,,,
4-5,4,,2125,فَشِخ,fashikh,extremely / insanely (intensifier),adverb,2,romanization M; vocalised M; native_check,,,,,
4-5,4,,2128,جَامِد,jaamid,cool / awesome (lit: solid),adjective,2,native_check,,,,,
4-5,4,,2135,تْنَيَّك,tnayyak,messed around / joked around,verb,2,native_check,,,,,
4-5,4,,2137,تْقَمَّص,t'ammaS,got annoyed / got irritated,verb,2,native_check; correction meaning M: got offended / sulked,,,,,
4-5,4,,2142,طَلَّعْلِي بَلَا,Talla3li bala,caused me problems (lit: brought out trouble for me),formula,2,romanization M; vocalised M; native_check,,,,,
4-5,4,,2143,نِزِل عَ أَعْصَابِي,nizil 3a a3Saabi,got on my nerves (lit: went down on my nerves),frame,2,romanization M; vocalised M; native_check,,,,,
4-5,4,,2146,خَلَص عَلَيّ,khalaS 3alayy,I'm done for / it's over,formula,2,romanization M; vocalised M; native_check,,,,,
4-5,4,,2148,مِش فَايְתִתْلِي,mish faaytitli,I can't handle it / it doesn't fit in my head,formula,1,romanization M; vocalised L; native_check,,,,,
4-5,4,,2149,عَالفاضِي وِالمَلْيان,3al-faaDi wil-malyaan,for no good reason / over nothing,formula,2,romanization M; vocalised M; correction meaning M: over every little thing / at every opportunity,,,,,
4-5,4,,2150,מִن תַحְת לַתַحְת,min ta7t lata7t,sneakily / under the table,adverb,2,vocalised M,,,,,
4-5,4,,2151,وَجّ,wajj,face (slang),noun,1,romanization L; vocalised L; native_check,,,,,
4-5,4,,2152,زَنْخ,zankh,lame / boring / cringe,adjective,2,romanization M; vocalised M; native_check,,,,,
4-5,4,,2161,الْآن,il-'aan,now (MSA/formal),adverb,1,romanization L; vocalised M; native_check,,,,,
4-5,4,,2205,عَدَالِة,3adaale,justice,noun,2,vocalised M,,,,,
4-5,4,,2256,عَظَّم اللّه أَجْرَكُم,3aTHTHam allaah ajrakum,"May God increase your reward (condolence, to pl.)",formula,2,romanization M; vocalised M,,,,,
4-5,4,,2277,وَيْن بَوَّابِة رَقِم ...؟,ween bawwaabit ra'im,Where is gate number...?,frame,2,romanization M; vocalised M,,,,,
4-5,4,,2288,إِلْغَاء,ilghaa',cancellation,noun,2,correction root M: ل-غ-و,,,,,
4-5,4,,2306,تَرْقِيَة,tar'iye,promotion,noun,2,romanization M; native_check,,,,,
4-5,4,,2335,نَسَّق,nassa',coordinated / organized,verb,2,romanization M; vocalised M; native_check; correction conjugation M: بِنَسِّق (binassi') = he coordinates,,,,,
4-5,4,,2346,كَفّ,kaff,slapped,verb,2,vocalised M; native_check; correction meaning L:,,,,,
4-5,4,,2382,شَمِس وْمَطَر,shamis w maTar,Sun and rain (at the same time),noun,2,native_check,,,,,
4-5,4,,2393,قُفِّة,'uffe,basket / crate,noun,2,vocalised M,,,,,
4-5,4,,2394,طَنْجَرِةْ ضَغِط,Tanjarit DaghiT,pressure cooker,noun,2,romanization M; vocalised M; correction harakaat M: طَنْجَرَة,,,,,
4-5,4,,2397,بْرَاغِي,braaghi,screw,noun,2,correction meaning M: screws (pl.); sg. برغي burghi,,,,,
4-5,4,,2398,شَاكُوش,shaakuush,hammer,noun,2,romanization M,,,,,
4-5,4,,2400,زَرْدِيَّة,zardiyye,pliers,noun,2,romanization M; vocalised M,,,,,
4-5,4,,2407,الْعَجَل فَقَع,il-3ajal fa'a3,The tire is flat,formula,2,romanization M; vocalised M,,,,,
4-5,4,,2420,مِيزَانِيِّة,miizaaniyye,budget,noun,2,vocalised M,,,,,
4-5,4,,2448,تَقْدِير,ta'diir,appreciation / estimation,noun,2,romanization M,,,,,
4-5,4,,2450,اِنْتِمَاء,intimaa',belonging / identity,noun,2,romanization M,,,,,
4-5,4,,2455,قَنَاعَة,'anaa3a,contentment / conviction,noun,2,romanization M; native_check,,,,,
4-5,4,,2458,تَجْرُبِة حَيَاتِيِّة,tajrube 7ayaatiyye,life experience,noun,2,romanization M; vocalised M,,,,,
4-5,4,,2459,نُقْطِة ضَعِف,nu'Tit Da3if,weak point / weakness,noun,2,romanization M; vocalised M; correction romanization M: nu'Tit Da3if,,,,,
4-5,4,,2460,نُقْطَة قُوَّة,nu'Tat 'uwwe,strong point / strength,noun,1,romanization L; vocalised M; native_check,,,,,
4-5,4,,2462,مَسْأَلِة وَقْت,mas'alit wa't,a matter of time,formula,2,vocalised M,,,,,
4-5,4,,2466,وْمِن جِهَة تَانْيِة,w min jihe taanye,and from another perspective,adverb,2,romanization M; vocalised M,,,,,
4-5,4,,2472,بَيْن قَوْسَيْن,been 'ooseen,in parentheses / so to speak,adverb,2,romanization M; vocalised M,,,,,
4-5,4,,2474,عَلَى سَبِيل المِثَال,3ala sabiil il-mithaal,for example (formal),adverb,2,romanization M,,,,,
4-5,4,,2476,نَتِيجِة لِـ,natiije li,as a result of,preposition,2,romanization M; vocalised M,,,,,
4-5,4,,2485,العَيْن بَصِيرَة وِالإِيد قَصِيرَة,il-3een baSiira wil-'iid 'aSiira,The eye sees but the hand can't reach,formula,2,romanization M; vocalised M,,,,,
4-5,4,,2486,اللِّي بِيحِبَّك بِيحِبّ كَلْبَك,illi bi7ibbak bi7ibb kalbak,Who loves you loves your dog,formula,2,romanization M; vocalised M,,,,,
4-5,4,,2487,كِلْمِة حَقّ,kilmit 7a'',a word of truth,noun,2,romanization M; vocalised M,,,,,
4-5,4,,2488,ضَرَب عَصْفُورَيْن بِحَجَر,Darab 3aSfuureen bi7ajar,killed two birds with one stone,verb,2,romanization M; vocalised M,,,,,
4-5,4,,2489,حَطّ رَاسُو بْرَاسُو,7aTT raasu braasu,confronted him head-on,formula,2,vocalised M; native_check; correction meaning L: put himself on a par with him / took him on,,,,,
4-5,4,,2490,فَتَح عَيْنُو,fata7 3eenu,became aware / wised up,frame,2,vocalised M; native_check,,,,,
4-5,4,,2491,كَبَّر مُخُّو,kabbar mukhkhu,he matured / grew wiser,frame,2,native_check; correction meaning L: he let it go / rose above it,,,,,
4-5,4,,2492,طَقَّت مَعُو,Ta''at ma3u,it clicked with him / he understood,formula,2,native_check; correction meaning L: verify: may mean 'he snapped / lost patience',,,,,
4-5,4,,2494,حَرَق الأَخْضَر وِاليَابِس,7ara' il-'akhDar wil-yaabis,destroyed everything (lit: burned green and dry),formula,2,romanization M; vocalised M,,,,,
4-5,4,,2496,دَخَل بِالعَمِيق,dakhal bil-3amii',got into deep detail,formula,2,romanization M; vocalised M; native_check,,,,,
4-5,4,,2497,خَلَّى الأُمُور تִمْشִي,khalla il-'umuur timshi,let things take their course,formula,2,romanization M; vocalised M; native_check; correction harakaat L: خَلِّي,,,,,
4-5,4,,2500,اِنْقَلَب وִجְהוּ,in'alab wijhu,his expression changed (shock/anger),formula,1,vocalised L,,,,,
4-5,4,,2501,حَطّ إِيدُو بِالنَّار,7aTT iidu bin-naar,got himself into trouble,formula,2,native_check; correction meaning L: vouched absolutely for something (lit: put his hand in fire),,,,,
4-5,4,,2503,قَلْبُو عَلَى لْسانُو,'albu 3ala lsaanu,he speaks his mind (lit: heart on tongue),formula,2,"romanization M; vocalised M; correction meaning M: he's frank, says what he feels (lit: his heart is on his tongue)",,,,,
4-5,4,,2504,دَقّ الْمَيّ مَيّ,da'' il-mayy mayy,beat around the bush (lit: pound water into water),formula,2,"romanization M; vocalised M; native_check; correction meaning M: futile effort, getting nowhere (lit: pounding water, it stays water)",,,,,
4-5,4,,2505,فَضَّى المَوْضُوع,faDDa il-mawDuu3,dropped the subject / moved on,verb,1,romanization M; vocalised L; native_check; correction meaning L:,,,,,
4-5,4,,2506,رِكِب رَاسُه,rikib raasu,he was stubborn / insisted,formula,2,vocalised M,,,,,
4-5,4,,2507,كِبِر رَاسُه,kibir raasu,he became arrogant,formula,2,vocalised M,,,,,
4-5,4,,2509,عَلَى رَاسُو بَطْحَة,3ala raasu baT7a,he's guilty (lit: he has a bump on his head),formula,2,romanization M,,,,,
4-5,4,,2522,بِالرِّفَاه وَالْبَنِين,bir-rifaah wil-baniin,with prosperity and sons (wedding blessing),formula,2,romanization M; vocalised M; native_check,,,,,
4-5,4,,2526,قَال بِالقَاف,qaal bil-qaaf,said (with full qaf — Hebron),verb,1,"romanization L; vocalised M; native_check; correction romanization M: qaal; correction variant M: قال (Hebron realisation), metalinguistic بالقاف moved to notes",,,,,
4-5,4,,2527,كِيفَك يَا قَلْبِي,keefak ya qalbi,how are you my heart (Hebron style),formula,1,romanization L; vocalised M; native_check; correction romanization L: keefak ya qalbi,,,,,
4-5,4,,2528,مُو,muu,not (northern variant),particle,2,romanization M; native_check; correction variant L:,,,,,
4-5,4,,2529,شُو هَاظ,shu haaTH,what is this (variant with ظ),formula,2,romanization M,,,,,
4-5,4,,2532,قُصِّلِّي شْوَيّ مِن الجَوانِب,'uSSli shwayy min il-jawaanib,Trim the sides a bit (to m.),formula,2,romanization M; vocalised M; native_check; correction harakaat M: قُصِّلِّي,,,,,
4-5,4,,2542,رَجَّعْتِيلِّي الطَّنْجَرَة,rajja3tilli iT-Tanjara,Did you return my pot? (to f.),formula,2,romanization M; vocalised M,,,,,
4-5,4,,2568,اِسْتَقَال,ista'aal,resigned,verb,2,romanization M; vocalised M,,,,,
4-5,4,,2593,بَكَّر المَوْعِد,bakkar il-maw3id,moved the appointment earlier,verb,2,romanization M; vocalised M; native_check,,,,,
4-5,4,,2604,بِغَضّ النَّظَر عَن هَاد,bighaDD in-naTHar 3an haad,Regardless of this,frame,2,romanization M,,,,,
4-5,4,,2621,بْلُوتُوث,bluutuuth,Bluetooth,noun,2,romanization M; vocalised M,,,,,
4-5,4,,2623,كَابِل,kaabil,cable,noun,2,romanization M; vocalised M,,,,,
4-5,4,,2625,تْعَجَّب,t3ajjab,was amazed / wondered,verb,2,romanization M; vocalised M,,,,,
4-5,4,,2626,اِسْتَغَلّ,istaghall,took advantage of / exploited,verb,2,correction conjugation M: بيستغلّ (bistaghill) = he exploits,,,,,
4-5,4,,2631,طَقْس,Taqs,weather (formal),noun,2,romanization M,,,,,
4-5,4,,2633,مُوجِة بَرِد,moojit barid,cold wave,noun,2,romanization M; vocalised M,,,,,
4-5,4,,2638,شُرُوق,shuruu',sunrise,noun,2,romanization M,,,,,
4-5,4,,2651,عَرْبُون,3arbuun,deposit / down payment,noun,2,romanization M; vocalised M,,,,,
4-5,4,,2658,جِبِس,jibis,cast / plaster,noun,2,romanization M; vocalised M,,,,,
4-5,4,,2668,يَا عَيْب الشُّوم,ya 3eeb ish-shuum,How shameful,formula,2,romanization M; vocalised M,,,,,
4-5,4,,2686,فَضْفَض,faDfaD,vented / let it out,verb,2,correction conjugation M: بيفضفض (bifaDfiD) = he vents,,,,,
4-5,4,,2695,اِنْتَقَد,inta'ad,criticized,verb,2,romanization M; native_check,,,,,
4-5,4,,2696,مَدَح,mada7,praised / complimented,verb,2,correction conjugation M: بيمدح (byimda7) = he praises,,,,,
4-5,4,,2713,أَهَان,ahaan,insulted / disrespected,verb,2,correction conjugation M: بِهِين (bihiin) = he insults,,,,,
4-5,4,,2714,تَمَنْيَك,tamanyak,joking / kidding around,noun,1,romanization L; vocalised L; native_check,,,,,
4-5,4,,2728,عَاشِت فِلَسْطِين,3aashit filasTiin,Long live Palestine,formula,2,romanization M; vocalised M; native_check,,,,,
4-5,5,,2100,يَا بَخْت مِن بَكَى وْضِحِك,ya bakht min baka w Di7ik,Lucky is he who cried then laughed,formula,2,romanization M; vocalised M; native_check,,,,,
4-5,5,,2484,اللِّي بْيِجْرِي وَرَا الدِّنْيَا مَا بْيِلْحَقْهَا,illi byijri wara id-dinya ma byil7a'ha,He who chases the world never catches it,formula,2,romanization M; vocalised M,,,,,
4-5,5,,2715,فَشَخَة,fashakha,extremely (slang noun form),noun,1,romanization L; vocalised L; native_check; correction meaning L: verify; Palestinian فَشْخَة usually means a stride/big step,,,,,
