id,arabic,pos,romanization,vowelled_arabic,pronunciation_confidence,english,english_changed,dialect,palestinian_alternative,status,romanization_votes,needs_human,why
135,سنة,noun,sane,سَنِة,high,year,,palestinian,,unanimous,6/6,no,
2219,قسمة,noun,'isme,قِسْمِة,medium,fate / destiny,,palestinian,,consensus,6/6,no,
470,الحمد لله,formula,,,,thankfully / praise God,,palestinian,,contested,3/6,yes,no two-thirds romanization
1353,كيف الجو؟,formula,keef il-jaww,كِيف الجَوّ؟,high,How's the weather?,,palestinian,,consensus,4/6,no,
588,تفاجأ,verb,,,,was surprised,,palestinian,,contested,3/6,yes,no two-thirds romanization
1133,كيس,noun,kiis,كِيس,high,bag / plastic bag,,palestinian,,unanimous,6/6,no,
2334,ركز,verb,rakkaz,رَكَّز,high,focused / concentrated,,palestinian,,unanimous,6/6,no,
230,السلام عليكم,formula,,,,peace be upon you (hello),,palestinian,,contested,3/6,yes,no two-thirds romanization
2796,حضارة,noun,7aDaara,حَضَارَة,high,civilization,,palestinian,,unanimous,6/6,no,
844,رفيق,noun,rafii',رَفِيق,medium,companion / close friend (m.),,palestinian,,consensus,4/6,no,
2021,تخيل إنو...,frame,,,,Imagine that... (to m.),,palestinian,,contested,tie/6,yes,no two-thirds romanization
1412,الجو شوب,formula,il-jaww shoob,الجَوّ شُوب,medium,It's muggy / humid,,palestinian,,contested,4/6,yes,5/6 doubt the meaning
2030,يا ريت بقدر,formula,ya reet ba'dar,يَا رِيت بَقْدَر,high,I wish I could,,palestinian,,consensus,4/6,no,
2690,بلش يحكي وما وقف,frame,,,,He started talking and didn't stop,,palestinian,,contested,tie/6,yes,no two-thirds romanization
995,خبز,noun,,,,bread,,palestinian,,contested,3/6,yes,no two-thirds romanization
2022,اللي فهمتو إنو...,frame,,,,What I understood is that...,,palestinian,,contested,tie/6,yes,no two-thirds romanization
218,عندي موعد,frame,3indi maw3id,عِنْدِي مَوْعِد,high,I have an appointment,,palestinian,,consensus,4/6,no,
2382,شمس ومطر,noun,,,,Sun and rain (at the same time),,palestinian,,contested,3/6,yes,no two-thirds romanization
3014,إندونيسيا,noun,,,,indonesia,,palestinian,,contested,tie/6,yes,no two-thirds romanization
2909,فوضوي,adjective,fawDawi,فَوْضَوِي,medium,chaotic,,palestinian,,consensus,6/6,no,
213,وقت الفطور,noun,,,,breakfast time,,palestinian,,contested,3/6,yes,no two-thirds romanization
1892,المفروض كان يخلص,frame,il-mafruuD kaan yikhlaS,المَفْرُوض كَان يِخْلَص,medium,He was supposed to finish,,palestinian,,consensus,4/6,no,
1077,ثلاجة,noun,tallaaje,تَلَّاجِة,high,refrigerator,,palestinian,,consensus,5/6,no,
2188,تأثير,noun,ta'thiir,تَأْثِير,medium,effect / influence,,palestinian,,consensus,6/6,no,
1368,نهر,noun,nahr,نَهْر,high,river,,palestinian,,consensus,4/6,no,
1916,مش عشان هيك,formula,mish 3ashaan heek,مِشْ عَشَان هِيك,high,not because of that,,palestinian,,unanimous,6/6,no,
2874,مفطر,adjective,,,,has eaten breakfast,,palestinian,,contested,tie/6,yes,no two-thirds romanization; 1/6 doubt the meaning
958,كذاب,adjective,,,,liar,,palestinian,,contested,tie/6,yes,no two-thirds romanization
648,شغل,verb,shaghghal,شَغَّل,high,turned on (device/machine),,palestinian,,consensus,5/6,no,
1931,قبل ما تروح,frame,,,,before you go (to m.),,palestinian,,contested,3/6,yes,no two-thirds romanization
669,وجع,verb,waja3,وَجَع,high,hurt / ached,,palestinian,,consensus,4/6,no,
2734,فواكي,noun,fawaaki,فَوَاكِي,high,fruit,,palestinian,,consensus,5/6,no,
2462,مسألة وقت,formula,mas'alit wa't,مَسْأَلِة وَقْت,high,a matter of time,,palestinian,,consensus,5/6,no,
150,كم يوم,adverb,kam yoom,كَمْ يُوم,high,a few days,,palestinian,,unanimous,6/6,no,
3024,الكيان الصهيوني,noun,,,,the Zionist entity,,palestinian,,contested,tie/6,yes,no two-thirds romanization
258,يلا باي,formula,yalla baay,يَلَّا بَاي,high,OK bye! (casual),,palestinian,,unanimous,6/6,no,
698,لعب,verb,li3ib,لِعِب,high,played,,palestinian,,consensus,5/6,no,
2957,ملابس داخلية,noun,,,,underwear,,palestinian,,contested,tie/6,yes,no two-thirds romanization
1645,مناسبة دينية,noun,munaasabe diiniyye,مُنَاسَبِة دِينِيِّة,medium,religious occasion,,palestinian,,consensus,5/6,no,
2380,الجو بيصحي,formula,,,,The weather is clearing up,,palestinian,,contested,tie/6,yes,no two-thirds romanization; 1/6 doubt the meaning; someone in the bloc rates confidence low
817,زوج,noun,zooj,زُوج,high,husband,,,,contested,5/6,yes,"dialect has no two-thirds, or needs a Palestinian alternative"
2769,شمام,noun,shammaam,شَمَّام,high,melon,,palestinian,,unanimous,6/6,no,
758,لوين,adverb,laween,لَوِين,high,where to,,palestinian,,unanimous,6/6,no,
625,تعشى,verb,,,,had dinner,,palestinian,,contested,3/6,yes,no two-thirds romanization
3080,خبيث,adjective,khabiith,خَبِيث,medium,malicious,,palestinian,,consensus,4/6,no,
2593,بكر الموعد,verb,bakkar il-maw3id,بَكَّر المَوْعِد,high,moved the appointment earlier,,palestinian,,consensus,4/6,no,
788,سامحني,formula,saami7ni,سَامِحْنِي,high,forgive me (to m.),,palestinian,,consensus,4/6,no,
2901,قلعة,noun,'al3a,قَلْعَة,medium,citadel,,palestinian,,consensus,5/6,no,
1289,شاحنة,noun,shaa7ne,شَاحْنِة,medium,truck,,palestinian,,consensus,5/6,no,
2397,براغي,noun,baraaghi,بَرَاغِي,high,screw,,palestinian,,contested,6/6,yes,6/6 doubt the meaning
478,درزن,noun,darzan,دَرْزَن,medium,dozen,,palestinian,,consensus,6/6,no,
3227,فقرة,noun,fa'ra,فَقْرَة,high,paragraph,,palestinian,,consensus,4/6,no,
1388,حمامة,noun,7amaame,حَمَامِة,high,pigeon / dove,,palestinian,,unanimous,6/6,no,
2656,موعد عند الدكتور,noun,,,,doctor's appointment,,palestinian,,contested,3/6,yes,no two-thirds romanization
390,ما إلو داعي,formula,,,,unnecessary / pointless,,palestinian,,contested,tie/6,yes,no two-thirds romanization
2342,ظهر,verb,THahar,ظَهَر,high,appeared / showed up,,palestinian,,consensus,4/6,no,
3223,طائفة,noun,,,,rel. branch,,palestinian,,contested,3/6,yes,no two-thirds romanization; 3/6 doubt the meaning
125,ثامن,adjective,taamin,تَامِن,high,eighth,,palestinian,,consensus,5/6,no,
1207,عفن,adjective,3afin,عَفِن,medium,rotten / spoiled,,palestinian,,consensus,5/6,no,
2716,يلا خلينا نبلش,formula,yalla khalliina nballish,يَلَّا خَلِّينَا نْبَلِّش,high,Alright let's get started,,palestinian,,consensus,5/6,no,
3009,الأرجنتينا,noun,,,,argentina,,palestinian,,contested,2/6,yes,no two-thirds romanization
162,يوم الجمعة,noun,yoom il-jum3a,يُوم الجُمْعَة,high,Friday,,palestinian,,consensus,4/6,no,
3017,موريتانيا,noun,,,,mauritania,,palestinian,,contested,tie/6,yes,no two-thirds romanization
3005,إيطاليا,noun,iiTaalya,إِيطَالْيَا,high,italy,,palestinian,,consensus,5/6,no,
1550,بالعافية,adverb,bil-3aafye,بِالعَافْيِة,high,with difficulty / barely,,palestinian,,contested,6/6,yes,3/6 doubt the meaning
1213,أرض,noun,arD,أَرْض,high,floor / ground,,palestinian,,unanimous,6/6,no,
935,جوعان,adjective,joo3aan,جُوعَان,high,hungry (m.),,palestinian,,consensus,4/6,no,
3151,منطق,noun,manTi',مَنْطِق,medium,logic,,palestinian,,consensus,4/6,no,
1652,شغل,noun,shughl,شُغْل,high,work / job,,palestinian,,consensus,4/6,no,
977,مش طبيعي,adjective,mish Tabii3i,مِشْ طَبِيعِي,high,not normal / weird,,palestinian,,unanimous,6/6,no,
1406,زلزلة,noun,zalzale,زَلْزَلِة,high,earthquake,,palestinian,,consensus,5/6,no,
1762,حكيتلو ع التلفون,frame,,,,I talked to him on the phone,,palestinian,,contested,tie/6,yes,no two-thirds romanization
3120,كرة سلة,noun,,,,basketball,,palestinian,,contested,3/6,yes,no two-thirds romanization
2787,سياسة,noun,siyaase,سِيَاسِة,high,politics,,palestinian,,unanimous,6/6,no,
1219,أسانسير,noun,asanseer,أَسَانْسِير,medium,elevator,,palestinian,,consensus,4/6,no,
874,كبد,noun,,,,liver,,palestinian,,contested,3/6,yes,no two-thirds romanization
2301,باص المدرسة,noun,baaS il-madrase,بَاص المَدْرَسِة,high,school bus,,palestinian,,consensus,5/6,no,
633,سخن,verb,sakhkhan,سَخَّن,high,heated up / warmed,,palestinian,,unanimous,6/6,no,
2817,ديمقراطية,noun,,,,democracy,,palestinian,,contested,3/6,yes,no two-thirds romanization
639,تبل,verb,tabbal,تَبَّل,high,seasoned / spiced,,palestinian,,unanimous,6/6,no,
1896,ممكن أقعد هون؟,frame,mumkin a'3ud hoon,مُمْكِن أَقْعُد هُون؟,high,Can I sit here?,,palestinian,,consensus,4/6,no,
2685,بدي أفضفضلك,frame,biddi afaDfiDlak,بِدِّي أَفَضْفِضْلَك,medium,I want to vent to you (to m.),,palestinian,,consensus,4/6,no,
1643,سهرة,noun,sahra,سَهْرَة,high,evening gathering / party,,palestinian,,consensus,5/6,no,
997,لحمة,noun,la7me,لَحْمِة,high,meat,,palestinian,,unanimous,6/6,no,
662,سيف,verb,sayyaf,سَيَّف,low,saved (file),,palestinian,,contested,4/6,yes,someone in the bloc rates confidence low
861,صباع,noun,Sbaa3,صْبَاع,medium,finger,,palestinian,,consensus,5/6,no,
283,الله يعافيك,formula,,,,"God bless you (reply, to m.)",,palestinian,,contested,2/6,yes,no two-thirds romanization; 2/6 doubt the meaning
2781,قانون,noun,,,,law,,palestinian,,contested,tie/6,yes,no two-thirds romanization
1530,بطيء,adjective,baTii',بَطِيء,medium,slow,,palestinian,,consensus,6/6,no,
585,زعل,verb,zi3il,زِعِل,high,got upset / angry,,palestinian,,consensus,5/6,no,
2049,بغض النظر عن,preposition,bighaDD in-naTHar 3an,بِغَضّ النَّظَر عَن,medium,regardless of,,palestinian,,consensus,4/6,no,
1040,ليمون,noun,,,,lemon,,palestinian,,contested,3/6,yes,no two-thirds romanization
1337,شمس,noun,shams,شَمْس,high,sun,,palestinian,,unanimous,6/6,no,
1449,نهر الأردن,noun,,,,the Jordan River,,palestinian,,contested,3/6,yes,no two-thirds romanization
2907,عظيم,adjective,3aTHiim,عَظِيم,high,great,,palestinian,,consensus,5/6,no,
2967,فرندة,noun,,,,veranda,,palestinian,,contested,3/6,yes,no two-thirds romanization; someone in the bloc rates confidence low
166,آذار,noun,aadaar,آذَار,medium,March,,palestinian,,consensus,4/6,no,
156,السنة اللي فاتت,adverb,is-sane illi faatat,السَّنِة اللِّي فَاتَت,high,last year,,palestinian,,consensus,4/6,no,
472,ع الأغلب,adverb,,,,most likely / probably,,palestinian,,contested,2/6,yes,no two-thirds romanization
2507,كبر راسو,formula,,,,he became arrogant,,palestinian,,contested,2/6,yes,no two-thirds romanization
2137,تقمص,verb,,,,got annoyed / got irritated,,palestinian,,contested,3/6,yes,no two-thirds romanization; 2/6 doubt the meaning
2526,قال بالقاف,verb,qaal bil-qaaf,قَال بِالقَاف,low,said (with full qaf — Hebron),,,,contested,4/6,yes,"1/6 doubt the meaning; dialect has no two-thirds, or needs a Palestinian alternative; someone in the bloc rates confidence low"
1126,تلفزيون,noun,,,,television,,palestinian,,contested,2/6,yes,no two-thirds romanization
3122,يوغا,noun,,,,yoga,,palestinian,,contested,tie/6,yes,no two-thirds romanization
80,فوق,adverb,foo',فُوق,high,up / upstairs,,palestinian,,unanimous,6/6,no,
1242,فوطة,noun,fooTa,فُوطَة,high,towel (small) / napkin,,palestinian,,unanimous,6/6,no,
700,خسر,verb,khisir,خِسِر,high,lost (game/money),,palestinian,,unanimous,6/6,no,
2406,وين أقرب كراج؟,frame,ween a'rab karaaj,وِين أَقْرَب كَرَاج؟,medium,Where's the nearest garage/mechanic?,,palestinian,,contested,6/6,yes,2/6 doubt the meaning
1357,عم بتثلج,formula,,,,It's snowing,,palestinian,,contested,3/6,yes,no two-thirds romanization
2274,ما بسمعك منيح,formula,,,,I can't hear you well (to m.),,palestinian,,contested,3/6,yes,no two-thirds romanization
2831,إعتقال إداري,noun,i3ti'aal idaari,,medium,administrative detention,,palestinian,,contested,4/6,yes,vowelled Arabic letters split inside the romanization bloc
1647,ديوان,noun,diiwaan,دِيوَان,high,guest reception room,,palestinian,,consensus,5/6,no,
2545,بدي أجدد العقد,frame,biddi ajaddid il-3a'd,بِدِّي أَجَدِّد العَقْد,high,I want to renew the lease,,palestinian,,contested,5/6,yes,1/6 doubt the meaning
3207,أمر,noun,amr,أَمْر,medium,issue,,palestinian,,contested,5/6,yes,2/6 doubt the meaning
547,لحق,verb,li7i',لِحِق,high,caught up / followed,,palestinian,,unanimous,6/6,no,
190,ع الوقت,adverb,3al-wa't,,high,on time,,palestinian,,contested,4/6,yes,vowelled Arabic letters split inside the romanization bloc
1451,الضفة الغربية,noun,,,,the West Bank,,palestinian,,contested,3/6,yes,no two-thirds romanization
2597,شكلو رح يمطر,frame,,,,Looks like it's going to rain,,palestinian,,contested,tie/6,yes,no two-thirds romanization
2761,طعمى,verb,Ta3ma,طَعْمَى,low,fed,,palestinian,,contested,4/6,yes,someone in the bloc rates confidence low
369,بالزبط,adverb,biz-zabT,بِالزَّبْط,high,exactly,,palestinian,,consensus,5/6,no,
215,عطلة,noun,3uTle,عُطْلِة,high,holiday / vacation / day off,,palestinian,,unanimous,6/6,no,
11,هدول,pronoun,hadool,هَدُول,high,these,,palestinian,,consensus,5/6,no,
3058,على اليمين,adverb,,,,on the right,,palestinian,,contested,3/6,yes,no two-thirds romanization
947,كريم,adjective,kariim,كَرِيم,high,generous,,palestinian,,unanimous,6/6,no,
2425,مش متأكد,formula,mish mit'akkid,مِش مِتْأَكِّد,high,I'm not sure (m.),,palestinian,,consensus,4/6,no,
2720,بلغ,verb,ballagh,بَلَّغ,high,reported / notified,,palestinian,,unanimous,6/6,no,
245,صباح الخير,formula,Sabaa7 il-kheer,صَبَاح الخِير,high,good morning,,palestinian,,unanimous,6/6,no,
2400,زردية,noun,zardiyye,زَرْدِيَّة,low,pliers,,palestinian,,contested,4/6,yes,someone in the bloc rates confidence low
3186,محاولة,noun,mu7aawale,مُحَاوَلِة,high,attempt,,palestinian,,consensus,5/6,no,
622,أكل,verb,akal,أَكَل,high,ate,,palestinian,,unanimous,6/6,no,
141,اليوم,adverb,il-yoom,اليُوم,high,today,,palestinian,,unanimous,6/6,no,
1778,بدي طاولة لاثنين,frame,biddi Taawle la-tneen,بِدِّي طَاوْلِة لَاتْنِين,high,I want a table for two,,palestinian,,consensus,4/6,no,
1291,موتور,noun,mootoor,مُوتُور,high,motorcycle / motor,,palestinian,,consensus,4/6,no,
1838,في حريقة,frame,fii 7arii'a,فِي حَرِيقَة,high,There's a fire,,palestinian,,consensus,4/6,no,
2924,محلل,noun,,,,analyst,,palestinian,,contested,tie/6,yes,no two-thirds romanization
88,خمسة,noun,khamse,خَمْسِة,high,five (5),,palestinian,,unanimous,6/6,no,
2930,دعم,verb,da3am,دَعَم,high,supported / invested in,,palestinian,,contested,6/6,yes,3/6 doubt the meaning
120,ثالث,adjective,taalit,تَالِت,high,third,,palestinian,,consensus,5/6,no,
2423,فاتورة التلفون,noun,,,,phone bill,,palestinian,,contested,tie/6,yes,no two-thirds romanization
1995,ما رحتش,frame,,,,I didn't go (emphatic),,palestinian,,contested,3/6,yes,no two-thirds romanization
2565,ضغط,verb,DaghaT,ضَغَط,high,pressured,,palestinian,,contested,5/6,yes,1/6 doubt the meaning
645,غسل,verb,ghasal,غَسَل,high,did laundry,,palestinian,,contested,5/6,yes,4/6 doubt the meaning
2036,بتذكر لما...؟,frame,btitzakkar lamma,بْتِتْزَكَّر لَمَّا...؟,medium,Do you remember when...? (to m.),,palestinian,,consensus,5/6,no,
1993,شو هالأكل الطيب,formula,,,,What delicious food this is,,palestinian,,contested,tie/6,yes,no two-thirds romanization
1853,يعطيكي العافية,formula,ya3Tiiki il-3aafye,يَعْطِيكِي العَافْيِة,high,God give you strength (to f.),,palestinian,,consensus,4/6,no,
2530,ولا,conjunction,walla,وَلَّا,high,or (Galilean variant),,palestinian,,contested,5/6,yes,3/6 doubt the meaning
1434,المدينة القديمة,noun,il-madiine il-'adiime,المَدِينِة القَدِيمِة,high,the Old City (general),,palestinian,,consensus,4/6,no,
2199,ذكرى,noun,zikra,زِكْرَى,medium,memory,,palestinian,,consensus,4/6,no,
2377,عندك لون ثاني؟,formula,3indak loon taani,عِنْدَك لُون تَانِي؟,high,Do you have another color? (to m.),,palestinian,,unanimous,6/6,no,
1719,كمبيوتر,noun,,,,computer,,palestinian,,contested,2/6,yes,no two-thirds romanization
2696,مدح,verb,mada7,مَدَح,high,praised / complimented,,palestinian,,unanimous,6/6,no,
2775,كاشو,noun,,,,cashew,,palestinian,,contested,tie/6,yes,no two-thirds romanization
1154,كفية,noun,,,,keffiyeh (Palestinian scarf),,palestinian,,contested,3/6,yes,no two-thirds romanization
2262,مبروك البيت الجديد,formula,,,,Congratulations on the new house,,palestinian,,contested,2/6,yes,no two-thirds romanization
2740,بحارات,noun,bhaaraat,بْهَارَات,medium,spices,,palestinian,,contested,4/6,yes,1/6 doubt the meaning
3097,غيمة,noun,gheeme,غِيمِة,high,cloud,,palestinian,,consensus,5/6,no,
2591,غير الموعد,frame,ghayyar il-maw3id,غَيَّر المَوْعِد,high,changed the appointment,,palestinian,,consensus,4/6,no,
1356,عم بتشتي,formula,3am btishti,عَمْ بْتِشْتِي,high,It's raining,,palestinian,,consensus,4/6,no,
1752,الإنترنت مش ماشي,frame,,,,The internet isn't working,,palestinian,,contested,3/6,yes,no two-thirds romanization
2582,وزع,verb,wazza3,وَزَّع,high,distributed,,palestinian,,unanimous,6/6,no,
2754,بوزة,noun,,,,ice Cream,,palestinian,,contested,3/6,yes,no two-thirds romanization
1565,معلمة,noun,m3allme,مْعَلِّمِة,medium,teacher (f.),,palestinian,,consensus,6/6,no,
2638,شروق,noun,shuruu',شُرُوق,medium,sunrise,,palestinian,,consensus,4/6,no,
2373,هاد القميص بيجي علي؟,formula,haad il-'amiiS biiji 3alayy,هَاد القَمِيص بِيجِي عَلَيّ؟,medium,Does this shirt fit me?,,palestinian,,consensus,5/6,no,
1962,في إشي غلط,formula,fii ishi ghalaT,فِي إِشِي غَلَط,high,Something is wrong,,palestinian,,consensus,5/6,no,
1243,شارع,noun,shaari3,شَارِع,high,street / road,,palestinian,,consensus,5/6,no,
1026,فواكه,noun,,,,fruits,,palestinian,,contested,3/6,yes,no two-thirds romanization
2658,جبس,noun,jibs,جِبْس,medium,cast / plaster,,palestinian,,consensus,5/6,no,
2631,طقس,noun,Taqs,طَقْس,medium,weather (formal),,msa,,consensus,6/6,no,
1485,يابس,adjective,yaabis,يَابِس,high,dry,,palestinian,,unanimous,6/6,no,
77,هناك,adverb,hunaak,هُنَاك,high,there,,palestinian,,consensus,4/6,no,
1772,صحتين وعافية,formula,,,,Bon appétit (extended form),,palestinian,,contested,2/6,yes,no two-thirds romanization
2351,ضهري بيوجعني,frame,,,,My back hurts,,palestinian,,contested,tie/6,yes,no two-thirds romanization
559,اعتذر,verb,i3tazar,اِعْتَزَر,medium,apologized,,palestinian,,consensus,4/6,no,
637,عجن,verb,3ajan,عَجَن,high,kneaded,,palestinian,,unanimous,6/6,no,
1696,بطاقة,noun,biTaa'a,بِطَاقَة,high,card (credit/debit/ID),,palestinian,,unanimous,6/6,no,
1872,بدي أصرف دولارات,frame,,,,I want to exchange dollars,,palestinian,,contested,tie/6,yes,no two-thirds romanization
1494,مربع,adjective,mrabba3,مْرَبَّع,high,square (shape),,palestinian,,consensus,4/6,no,
521,قدر,verb,'idir,قِدِر,high,was able to / could,,palestinian,,consensus,5/6,no,
2980,بريطانيا,noun,briiTaanya,بْرِيطَانْيَا,medium,britain,,palestinian,,consensus,4/6,no,
1971,عم بنستناك,formula,3am binistannaak,عَمْ بِنِسْتَنَّاك,high,We're waiting for you (to m.),,palestinian,,consensus,4/6,no,
2205,عدالة,noun,3adaale,عَدَالِة,high,justice,,palestinian,,unanimous,6/6,no,
627,صلى,verb,Salla,صَلَّى,high,prayed,,palestinian,,unanimous,6/6,no,
1316,كيف بروح ع...؟,frame,keef baruu7 3a,كِيف بَرُوح عَ...؟,high,How do I get to...?,,palestinian,,consensus,5/6,no,
437,البيت بيتك,formula,il-beet beetik,البِيت بِيْتِك,high,make yourself at home (to f.),,palestinian,,contested,6/6,yes,1/6 doubt the meaning
2384,انقطعت المي,formula,,,,The water got cut off,,palestinian,,contested,3/6,yes,no two-thirds romanization
1899,بتقدر تيجي بكرا؟,frame,bti'dar tiiji bukra,بْتِقْدَر تِيجِي بُكْرَا؟,high,Can you come tomorrow? (to m.),,palestinian,,consensus,5/6,no,
2724,أنا من فلسطين,frame,ana min falasTiin,أَنَا مِنْ فَلَسْطِين,high,I'm from Palestine,,palestinian,,consensus,5/6,no,
322,تاني,adjective,taani,تَانِي,high,other / another / again,,palestinian,,unanimous,6/6,no,
1339,نجمة,noun,nijme,نِجْمِة,high,star,,palestinian,,consensus,5/6,no,
2574,بدو يبلش,formula,,,,It's about to start,,palestinian,,contested,tie/6,yes,no two-thirds romanization
84,اثنين,noun,tneen,تْنِين,high,two (2),,palestinian,,consensus,5/6,no,
880,رمش,noun,rimsh,رِمْش,medium,eyelash,,palestinian,,consensus,5/6,no,
665,درس,verb,daras,دَرَس,high,studied,,palestinian,,unanimous,6/6,no,
1436,القدس,noun,il-'uds,القُدْس,high,Jerusalem,,palestinian,,consensus,4/6,no,
744,تحرك,verb,t7arrak,تْحَرَّك,high,moved (intransitive) / got going,,palestinian,,consensus,4/6,no,
2590,لغى الموعد,verb,,,,canceled the appointment,,palestinian,,contested,3/6,yes,no two-thirds romanization
2928,مدرس,noun,mudarris,مُدَرِّس,high,school teacher,,palestinian,,consensus,4/6,no,
2863,مفصل,noun,mafSal,مَفْصَل,medium,joint,,palestinian,,consensus,5/6,no,
2829,حكم ذاتي,noun,,,,autonomy,,palestinian,,contested,3/6,yes,no two-thirds romanization
1155,ثوب,noun,toob,تُوب,high,traditional Palestinian dress,,palestinian,,consensus,4/6,no,
885,دكتور,noun,doktoor,دُكْتُور,high,doctor,,palestinian,,consensus,4/6,no,
2601,طلعت أحسن مما توقعت,frame,Til3at a7san mimma twa''a3t,طِلْعَت أَحْسَن مِمَّا تْوَقَّعْت,medium,It turned out better than I expected,,palestinian,,consensus,4/6,no,
1166,بني,adjective,bunni,بُنِّي,high,brown,,palestinian,,consensus,5/6,no,
2651,عربون,noun,,,,deposit / down payment,,palestinian,,contested,tie/6,yes,no two-thirds romanization (vowel quality only)
136,صبح,noun,,,,morning,,palestinian,,contested,tie/6,yes,no two-thirds romanization
969,ظريف,adjective,THariif,ظَرِيف,medium,funny / witty / charming,,palestinian,,consensus,6/6,no,
567,ظن,verb,THann,ظَنّ,medium,assumed / thought,,palestinian,,consensus,6/6,no,
742,تاه,verb,taah,تَاه,high,got lost,,palestinian,,unanimous,6/6,no,
1997,ما بعرفش,formula,,,,I don't know (emphatic),,palestinian,,contested,2/6,yes,no two-thirds romanization
1879,شو بدك؟,frame,shu biddak,شُو بِدَّك؟,high,What do you want? (to m.),,palestinian,,consensus,5/6,no,
1418,بدو يمطر,frame,,,,It's going to rain,,palestinian,,contested,tie/6,yes,no two-thirds romanization
3235,قصيدة,noun,'aSiide,قَصِيدِة,medium,poem,,palestinian,,consensus,4/6,no,
160,يوم الأربعا,noun,,,,Wednesday,,palestinian,,contested,3/6,yes,no two-thirds romanization
1211,سور,noun,,,,fence / wall (exterior),,palestinian,,contested,tie/6,yes,no two-thirds romanization (vowel quality only)
2329,علق,verb,3ili',عِلِق,medium,got stuck,,palestinian,,consensus,6/6,no,
864,بطن,noun,,,,stomach / belly,,palestinian,,contested,3/6,yes,no two-thirds romanization
2260,مبروك التخرج,formula,,,,Congratulations on graduating,,palestinian,,contested,tie/6,yes,no two-thirds romanization (vowel quality only)
1138,بلوزة,noun,bluuze,بْلُوزِة,medium,blouse / top,,palestinian,,consensus,4/6,no,
2247,قيمة,noun,'iime,قِيمِة,high,value / worth,,palestinian,,unanimous,6/6,no,
1379,بسة,noun,bisse,بِسِّة,high,cat,,palestinian,,unanimous,6/6,no,
1024,بقلاوة,noun,ba'laawe,بَقْلَاوِة,medium,baklava,,palestinian,,consensus,4/6,no,
147,قبل شوي,adverb,,,,a little while ago,,palestinian,,contested,3/6,yes,no two-thirds romanization
2194,موقف,noun,maw'if,مَوْقِف,high,stance / position / situation,,palestinian,,consensus,4/6,no,
1140,كنزة,noun,kanze,كَنْزِة,medium,sweater,,palestinian,,consensus,5/6,no,
1061,طحينة,noun,T7iine,طْحِينِة,medium,tahini,,palestinian,,consensus,5/6,no,
1745,شيكي الواتساب,formula,,,,Check your WhatsApp (to f.),,palestinian,,contested,tie/6,yes,no two-thirds romanization
761,ميتين وخمسين,noun,,,,two hundred and fifty (250),,palestinian,,contested,2/6,yes,no two-thirds romanization
1592,كتاب,noun,ktaab,كْتَاب,high,book,,palestinian,,unanimous,6/6,no,
1335,قديش بتاخد؟,formula,,,,"How much do you charge? (to taxi driver, m.)",,palestinian,,contested,tie/6,yes,no two-thirds romanization
1687,دينار,noun,diinaar,دِينَار,high,dinar (currency),,palestinian,,unanimous,6/6,no,
583,تحمس,verb,t7ammas,تْحَمَّس,high,got excited,,palestinian,,consensus,5/6,no,
62,في,particle,fii,فِي,high,there is / there are,,palestinian,,unanimous,6/6,no,
2962,غرفة قعدة,noun,ghurfet 'a3de,غُرْفِة قَعْدِة,medium,sitting room,,palestinian,,consensus,5/6,no,
792,حياك الله,formula,,,,God greet you / welcome (to m.),,palestinian,,contested,3/6,yes,no two-thirds romanization
2611,ممكن تشرحلي؟,formula,mumkin tishra7li,مُمْكِن تِشْرَحْلِي؟,high,Can you explain to me? (to m.),,palestinian,,unanimous,6/6,no,
2028,طلعت القصة إنو,frame,,,,The story turned out to be that,,palestinian,,contested,2/6,yes,no two-thirds romanization
2143,نزل ع أعصابي,frame,nizil 3a a3Saabi,نِزِل عَ أَعْصَابِي,medium,got on my nerves (lit: went down on my nerves),,palestinian,,contested,5/6,yes,2/6 doubt the meaning
418,بدي أحكيلك إشي,formula,biddi a7kiilak ishi,بِدِّي أَحْكِيلَك إِشِي,high,I want to tell you something (to m.),,palestinian,,unanimous,6/6,no,
111,مية,noun,miyye,مِيِّة,high,one hundred (100),,palestinian,,unanimous,6/6,no,
2103,خبز وملح,noun,,,,bread and salt (= shared bond/loyalty),,palestinian,,contested,tie/6,yes,no two-thirds romanization
2625,تعجب,verb,t3ajjab,تْعَجَّب,high,was amazed / wondered,,palestinian,,contested,4/6,yes,1/6 doubt the meaning
930,محرج,adjective,,,,embarrassed (m.),,palestinian,,contested,3/6,yes,no two-thirds romanization; 1/6 doubt the meaning
2964,برداية,noun,,,,curtains,,palestinian,,contested,3/6,yes,no two-thirds romanization; 4/6 doubt the meaning
2288,إلغاء,noun,ilghaa',إِلْغَاء,medium,cancellation,,palestinian,,consensus,6/6,no,
2539,ممكن أستعير منك...؟,frame,mumkin asta3iir minnak,مُمْكِن أَسْتَعِير مِنَّك...؟,high,Can I borrow... from you? (to m.),,palestinian,,consensus,5/6,no,
2001,ما حدا بيعرف,formula,,,,Nobody knows,,palestinian,,contested,tie/6,yes,no two-thirds romanization
2558,معلمة الصف,noun,m3allmet iS-Saff,,medium,the class teacher (f.),,palestinian,,contested,4/6,yes,vowelled Arabic letters split inside the romanization bloc
2728,عاشت فلسطين,formula,,,,Long live Palestine,,palestinian,,contested,3/6,yes,no two-thirds romanization
175,كانون أول,noun,kaanuun awwal,كَانُون أَوَّل,high,December,,palestinian,,consensus,5/6,no,
2602,ما توقعت إنو هيك,frame,,,,I didn't expect it to be like this,,palestinian,,contested,tie/6,yes,no two-thirds romanization
2239,مستقبل,noun,,,,future,,palestinian,,contested,tie/6,yes,no two-thirds romanization
3196,مشاركة,noun,mushaarake,مُشَارَكِة,high,participation,,palestinian,,consensus,4/6,no,
1321,ع الزاوية,adverb,3az-zaawye,عَ الزَّاوْيِة,high,on the corner,,palestinian,,consensus,4/6,no,
816,بنت خال,noun,bint khaal,بِنْت خَال,high,maternal cousin (f.),,palestinian,,contested,6/6,yes,2/6 doubt the meaning
2454,عقل,noun,,,,mind / reason,,palestinian,,contested,3/6,yes,no two-thirds romanization
3094,وحيد,adjective,wa7iid,وَحِيد,medium,lonely,,palestinian,,contested,6/6,yes,3/6 doubt the meaning
852,أذن,noun,,,,ear,,palestinian,,contested,3/6,yes,no two-thirds romanization
311,يعطيك ألف عافية,formula,ya3Tiik alf 3aafye,يَعْطِيك أَلْف عَافْيِة,high,God give you a thousand strengths,,palestinian,,contested,6/6,yes,1/6 doubt the meaning
3141,مستورد,noun,mustawrid,مُسْتَوْرِد,medium,importer,,palestinian,,consensus,5/6,no,
834,شب,noun,shabb,شَبّ,high,young man,,palestinian,,unanimous,6/6,no,
670,مرض,verb,miriD,مِرِض,high,got sick,,palestinian,,unanimous,6/6,no,
1774,بدي قهوة سادة,formula,biddi 'ahwe saade,بِدِّي قَهْوِة سَادِة,high,I want plain coffee,,palestinian,,unanimous,6/6,no,
1249,ساحة,noun,saa7a,سَاحَة,high,square / plaza,,palestinian,,unanimous,6/6,no,
2837,شيوعية,noun,shuyuu3iyye,شُيُوعِيِّة,medium,communism,,palestinian,,consensus,6/6,no,
3038,ولاد,noun,wlaad,وْلَاد,high,children,,palestinian,,unanimous,6/6,no,
909,راسي بوجعني,frame,,,,my head hurts,,palestinian,,contested,tie/6,yes,no two-thirds romanization
2435,ما تقطع عنا,formula,,,,Don't be a stranger (to m.),,palestinian,,contested,tie/6,yes,no two-thirds romanization
2346,كف,verb,kaff,كَفّ,medium,slapped,,palestinian,,contested,6/6,yes,2/6 doubt the meaning
2229,كذبة,noun,,,,lie,,palestinian,,contested,tie/6,yes,no two-thirds romanization
3119,تنس,noun,,,,tennis,,palestinian,,contested,3/6,yes,no two-thirds romanization
903,دوخة,noun,dookha,دُوخَة,high,dizziness,,palestinian,,unanimous,6/6,no,
1739,برينتر,noun,,,,printer,,palestinian,,contested,2/6,yes,no two-thirds romanization
3172,جنيه,noun,jneeh,جْنِيه,medium,pound (currency),,palestinian,,consensus,4/6,no,
2198,تجربة,noun,,,,experience,,palestinian,,contested,tie/6,yes,no two-thirds romanization
444,تعيشي وتاكلي غيرو,formula,,,,may you live and eat more (to f. host),,palestinian,,contested,2/6,yes,no two-thirds romanization; 2/6 doubt the meaning
1867,منيو,noun,,,,menu,,palestinian,,contested,tie/6,yes,no two-thirds romanization
2917,فاخر,adjective,faakhir,فَاخِر,high,luxurious,,palestinian,,consensus,4/6,no,
1116,سجادة,noun,,,,rug / carpet,,palestinian,,contested,3/6,yes,no two-thirds romanization
1268,حديقة عامة,noun,7adii'a 3aamme,حَدِيقَة عَامِّة,high,public park,,palestinian,,unanimous,6/6,no,
2210,فرح,noun,fara7,فَرَح,high,joy / happiness,,palestinian,,unanimous,6/6,no,
1358,الجو حلو,formula,,,,The weather is nice,,palestinian,,contested,tie/6,yes,no two-thirds romanization
826,حماة,noun,7ama,,medium,mother-in-law,,palestinian,,contested,4/6,yes,vowelled Arabic letters split inside the romanization bloc
117,ثلث,noun,,,,third (fraction),,palestinian,,contested,2/6,yes,no two-thirds romanization
1961,ما في حدا,formula,,,,There's nobody,,palestinian,,contested,tie/6,yes,no two-thirds romanization
1304,ركوب,noun,,,,riding / getting on,,palestinian,,contested,tie/6,yes,no two-thirds romanization
1678,قبلة,noun,qible,قِبْلِة,medium,direction of prayer (Mecca),,palestinian,,consensus,5/6,no,
904,غثيان,noun,ghathayaan,غَثَيَان,medium,nausea,,palestinian,,consensus,6/6,no,
1279,بلدية,noun,baladiyye,بَلَدِيِّة,high,municipality / city hall,,palestinian,,unanimous,6/6,no,
2751,فستق حلبي,noun,fustu' 7alabi,فُسْتُق حَلَبِي,medium,pistachio,,palestinian,,consensus,5/6,no,
690,ضرب,verb,Darab,ضَرَب,high,hit / beat,,palestinian,,unanimous,6/6,no,
1827,أول مرة بتيجي؟,formula,awwal marra btiiji,أَوَّل مَرَّة بْتِيجِي؟,high,Is it your first time coming? (to m.),,palestinian,,consensus,5/6,no,
2066,اللي بيطلع من الدار بيقل مقدارو,formula,,,,The one who leaves home loses his worth,,palestinian,,contested,tie/6,yes,no two-thirds romanization
2420,ميزانية,noun,miizaaniyye,مِيزَانِيِّة,high,budget,,palestinian,,unanimous,6/6,no,
1376,زيتونة,noun,zeetuune,زِيتُونِة,high,olive tree,,palestinian,,consensus,5/6,no,
43,بدال,preposition,badaal,بَدَال,medium,instead of,,palestinian,,consensus,4/6,no,
1021,تبولة,noun,tabbuule,تَبُّولِة,high,tabbouleh,,palestinian,,unanimous,6/6,no,
1660,مقابلة,noun,mu'aabale,مُقَابَلِة,medium,interview,,palestinian,,consensus,5/6,no,
2505,فضى الموضوع,verb,faDDa il-mawDuu3,فَضَّى المَوْضُوع,low,dropped the subject / moved on,,palestinian,,contested,5/6,yes,3/6 doubt the meaning; someone in the bloc rates confidence low
2867,أستاذة,noun,ustaaze,أُسْتَازِة,medium,miss,,palestinian,,contested,6/6,yes,1/6 doubt the meaning
2458,تجربة حياتية,noun,,,,life experience,,palestinian,,contested,tie/6,yes,no two-thirds romanization
273,تكرمي عينك,formula,tikrami 3eenik,تِكْرَمِي عِينِك,medium,of course / gladly (to f.),,palestinian,,consensus,4/6,no,
1866,لا حول ولا قوة إلا بالله,formula,,,,There is no power except God's,,palestinian,,contested,tie/6,yes,no two-thirds romanization; 2/6 doubt the meaning
2572,ما بتلاقي شغل,frame,,,,You can't find work (to f.),,palestinian,,contested,2/6,yes,no two-thirds romanization
256,بشوفك,formula,,,,see you (to f.),,palestinian,,contested,3/6,yes,no two-thirds romanization
2324,اتخرب,verb,itkharab,اِتْخَرَب,medium,got ruined / broke down,,palestinian,,consensus,5/6,no,
2516,الله ينور دربك,formula,,,,God light your path (to m.),,palestinian,,contested,2/6,yes,no two-thirds romanization
2568,استقال,verb,ista'aal,اِسْتَقَال,medium,resigned,,palestinian,,consensus,6/6,no,
2626,استغل,verb,istaghall,اِسْتَغَلّ,high,took advantage of / exploited,,palestinian,,unanimous,6/6,no,
2407,العجل فقع,formula,il-3ajal fa'a3,العَجَل فَقَع,medium,The tire is flat,,palestinian,,contested,6/6,yes,2/6 doubt the meaning
2768,نبيذ,noun,,,,wine,,palestinian,,contested,tie/6,yes,no two-thirds romanization
2148,مش فايتتلي,formula,,,,I can't handle it / it doesn't fit in my head,,palestinian,,contested,3/6,yes,no two-thirds romanization; 1/6 doubt the meaning; someone in the bloc rates confidence low
2038,على ما أظن,adverb,,,,as far as I think / I believe,,palestinian,,contested,3/6,yes,no two-thirds romanization; 1/6 doubt the meaning
515,ضل,verb,Dall,ضَلّ,high,stayed / remained / kept,,palestinian,,unanimous,6/6,no,
3065,متهور,adjective,,,,reckless / Careless,,palestinian,,contested,2/6,yes,no two-thirds romanization; 2/6 doubt the meaning
1373,بركة,noun,birke,بِرْكِة,high,pool / pond,,palestinian,,unanimous,6/6,no,
1420,بيطري,noun,beeTari,بِيطَرِي,medium,veterinarian,,palestinian,,contested,5/6,yes,2/6 doubt the meaning
736,همس,verb,hamas,هَمَس,medium,whispered,,msa,وَشْوَش,consensus,6/6,yes,
2644,موسم الزيتون,noun,,,,olive season,,palestinian,,contested,3/6,yes,no two-thirds romanization
1303,حادث,noun,,,,accident,,palestinian,,contested,tie/6,yes,no two-thirds romanization
2852,اليوم الصبح,adverb,,,,this morning,,palestinian,,contested,tie/6,yes,no two-thirds romanization
2496,دخل بالعميق,formula,dakhal bil-3amii',دَخَل بِالعَمِيق,medium,got into deep detail,,palestinian,,consensus,6/6,no,
2353,عندي سخونية,frame,,,,I have a fever,,palestinian,,contested,tie/6,yes,no two-thirds romanization
1850,مشتاقينك,formula,mishtaa'iinak,مِشْتَاقِينَك,medium,We miss you (to m.),,palestinian,,consensus,5/6,no,
3029,عمية,noun,3aammiyye,عَامِّيِّة,high,colloquial arabic,,palestinian,,contested,4/6,yes,1/6 doubt the meaning
2819,إتفاق,noun,ittifaa',اِتِّفَاق,medium,agreement,,palestinian,,consensus,5/6,no,
1839,في حادث,formula,,,,There's been an accident,,palestinian,,contested,tie/6,yes,no two-thirds romanization
2883,وسط البلد,noun,wasaT il-balad,وَسَط البَلَد,high,downtown,,palestinian,,consensus,5/6,no,
531,مشي,verb,mishi,مِشِي,high,walked,,palestinian,,consensus,5/6,no,
2485,العين بصيرة والإيد قصيرة,formula,,,,The eye sees but the hand can't reach,,palestinian,,contested,3/6,yes,no two-thirds romanization
1616,صلاة,noun,,,,prayer,,palestinian,,contested,3/6,yes,no two-thirds romanization
3007,هلاندا,noun,,,,the Netherlands,,palestinian,,contested,3/6,yes,no two-thirds romanization
563,حس,verb,7ass,حَسّ,high,felt / sensed,,palestinian,,unanimous,6/6,no,
247,مسا الخير,formula,masa il-kheer,مَسَا الخِير,high,good evening,,palestinian,,consensus,5/6,no,
1910,إذا بتحتاج إشي رنيلي,formula,,,,"If you need something, call me (to m.)",,palestinian,,contested,3/6,yes,no two-thirds romanization
161,يوم الخميس,noun,yoom il-khamiis,يُوم الخَمِيس,high,Thursday,,palestinian,,unanimous,6/6,no,
2048,على حسب الوضع,formula,3ala 7asab il-waD3,عَلَى حَسَب الوَضْع,high,depending on the situation,,palestinian,,unanimous,6/6,no,
2824,قسم,verb,,,,divided,,palestinian,,contested,tie/6,yes,no two-thirds romanization
719,استراح,verb,istaraa7,اِسْتَرَاح,high,rested,,palestinian,,consensus,6/6,no,
2211,حزن,noun,,,,sadness,,palestinian,,contested,tie/6,yes,no two-thirds romanization
2282,شنطة سفر,noun,shanTet safar,شَنْطِة سَفَر,high,travel bag,,palestinian,,consensus,4/6,no,
1670,تراث,noun,turaath,تُرَاث,medium,heritage,,palestinian,,consensus,6/6,no,
1723,إنترنت,noun,internet,إِنْتَرْنِت,medium,internet,,palestinian,,consensus,5/6,no,
558,حذر,verb,,,,warned,,palestinian,,contested,3/6,yes,no two-thirds romanization
793,ما تواخذني,formula,,,,don't hold it against me (to m.),,palestinian,,contested,tie/6,yes,no two-thirds romanization
2126,ع الآخر,adverb,,,,to the max / extremely,,palestinian,,contested,tie/6,yes,no two-thirds romanization
1093,أوضة النوم,noun,,,,bedroom,,palestinian,,contested,3/6,yes,no two-thirds romanization
1547,لحالو,adverb,la7aalo,لَحَالُو,high,by himself / alone,,palestinian,,consensus,4/6,no,
1823,ممكن نأجل؟,formula,,,,Can we postpone?,,palestinian,,contested,3/6,yes,no two-thirds romanization
673,باع,verb,baa3,بَاع,high,sold,,palestinian,,unanimous,6/6,no,
413,إنت وإياه,formula,,,,that's between you and him,,palestinian,,contested,3/6,yes,no two-thirds romanization; 1/6 doubt the meaning
253,الله معك,formula,,,,God be with you / bye (to m.),,palestinian,,contested,3/6,yes,no two-thirds romanization
2445,نفسية,noun,nafsiyye,نَفْسِيِّة,high,mood / psychology / mental state,,palestinian,,unanimous,6/6,no,
940,ذكي,adjective,zaki,زَكِي,medium,smart / intelligent,,palestinian,,consensus,4/6,no,
1535,أكتر,adjective,aktar,أَكْتَر,high,more / most,,palestinian,,unanimous,6/6,no,
2431,الله يفرجها,formula,,,,God relieve it (the hardship),,palestinian,,contested,2/6,yes,no two-thirds romanization
2675,متلي متلك,formula,mitli mitlak,مِتْلِي مِتْلَك,high,"same as me, same as you (= we're equal)",,palestinian,,unanimous,6/6,no,
173,تشرين أول,noun,tishriin awwal,تِشْرِين أَوَّل,high,October,,palestinian,,unanimous,6/6,no,
102,تسعطعش,noun,,,,nineteen (19),,palestinian,,contested,tie/6,yes,no two-thirds romanization
2522,بالرفاه والبنين,formula,,,,with prosperity and sons (wedding blessing),,palestinian,,contested,3/6,yes,no two-thirds romanization
1792,بحس بغثيان,formula,,,,I feel nauseous,,palestinian,,contested,tie/6,yes,no two-thirds romanization
1252,محل,noun,ma7all,مَحَلّ,high,shop / store,,palestinian,,unanimous,6/6,no,
1596,شهادة,noun,shahaade,شَهَادِة,high,degree / certificate / diploma,,palestinian,,unanimous,6/6,no,
721,عطش,verb,3iTish,عِطِش,medium,got thirsty,,palestinian,,consensus,6/6,no,
1355,اليوم برد,formula,il-yoom bard,اليُوم بَرْد,high,It's cold today,,palestinian,,unanimous,6/6,no,
3228,مصدر,noun,maSdar,مَصْدَر,high,"gerund, resource, origin",,palestinian,,contested,6/6,yes,3/6 doubt the meaning
1360,الدنيا عم بتبرق وبترعد,formula,,,,It's lightning and thundering,,palestinian,,contested,tie/6,yes,no two-thirds romanization; someone in the bloc rates confidence low
1715,ممكن تلفي هدية؟,frame,,,,Can you gift wrap it? (to f.),,palestinian,,contested,tie/6,yes,no two-thirds romanization
773,عيد الميلاد,noun,3iid il-miilaad,عِيد المِيلَاد,high,Christmas / birthday,,palestinian,,unanimous,6/6,no,
2082,وجهو قليل,formula,,,,He's shameless (lit: his face is little),,palestinian,,contested,3/6,yes,no two-thirds romanization; 1/6 doubt the meaning
1118,لمبة,noun,lambe,لَمْبِة,medium,light bulb / lamp,,palestinian,,consensus,5/6,no,
2071,اللي ما بيعرف الصقر بيشويه,formula,,,,He who doesn't know the falcon grills it,,palestinian,,contested,tie/6,yes,no two-thirds romanization
2390,دش,noun,dush,دُشّ,medium,shower,,palestinian,,consensus,5/6,no,
257,بشوفك بعدين,formula,,,,see you later (to m.),,palestinian,,contested,3/6,yes,no two-thirds romanization
2389,مغسلة,noun,maghsale,مَغْسَلِة,medium,sink (kitchen/bathroom),,palestinian,,consensus,6/6,no,
3190,شغلة,noun,shaghle,شَغْلِة,high,chore,,palestinian,,contested,6/6,yes,5/6 doubt the meaning
2474,على سبيل المثال,adverb,3ala sabiil il-mithaal,عَلَى سَبِيل المِثَال,high,for example (formal),,msa,مَثَلًا,consensus,5/6,yes,
1091,بيت,noun,beet,بِيت,high,house / home,,palestinian,,unanimous,6/6,no,
198,مرتين,adverb,marrteen,مَرّْتِين,medium,twice,,palestinian,,consensus,4/6,no,
433,أهلا ومرحبا فيك,formula,,,,"welcome (warm, to m.)",,palestinian,,contested,2/6,yes,no two-thirds romanization
878,شفة,noun,shiffe,شِفِّة,medium,lip,,palestinian,,consensus,5/6,no,
3044,ابن خالة,noun,,,,cousin (mother’s sister’s son),,palestinian,,contested,tie/6,yes,no two-thirds romanization
2853,اليوم بعد الظهر,adverb,,,,this afternoon,,palestinian,,contested,3/6,yes,no two-thirds romanization
2884,ميدان,noun,meedaan,مِيدَان,medium,public square,,palestinian,,contested,6/6,yes,1/6 doubt the meaning
2232,عذر,noun,,,,excuse,,palestinian,,contested,3/6,yes,no two-thirds romanization
1206,محمص,adjective,m7ammaS,مْحَمَّص,high,toasted / roasted,,palestinian,,consensus,5/6,no,
2834,قنبلة,noun,,,,bomb,,palestinian,,contested,tie/6,yes,no two-thirds romanization
2386,بقديش الإيجار بالشهر؟,frame,,,,How much is the rent per month?,,palestinian,,contested,2/6,yes,no two-thirds romanization
203,نادرا,adverb,naadiran,نَادِرًا,medium,rarely,,msa,,contested,6/6,yes,"dialect has no two-thirds, or needs a Palestinian alternative"
349,من ناحية ثانية,adverb,min naa7ye taanye,مِن نَاحْيِة تَانْيِة,medium,on the other hand,,palestinian,,consensus,4/6,no,
1841,ضاع تلفوني,frame,,,,My phone got lost,,palestinian,,contested,3/6,yes,no two-thirds romanization
1855,كيف الأولاد؟,formula,,,,How are the kids?,,palestinian,,contested,3/6,yes,no two-thirds romanization
1110,طاولة,noun,Taawle,طَاوْلِة,high,table,,palestinian,,unanimous,6/6,no,
206,من زمان,adverb,min zamaan,مِن زَمَان,high,a long time ago,,palestinian,,contested,6/6,yes,1/6 doubt the meaning
1927,كل ما كبرت,frame,,,,the more I grew up,,palestinian,,contested,tie/6,yes,no two-thirds romanization; 1/6 doubt the meaning
3135,ربح,noun,,,,profit,,palestinian,,contested,3/6,yes,no two-thirds romanization
2111,الله يرحم أيامو,formula,,,,God bless those days (nostalgia),,palestinian,,contested,2/6,yes,no two-thirds romanization; 2/6 doubt the meaning
1432,كنيسة القيامة,noun,,,,Church of the Holy Sepulchre,,palestinian,,contested,tie/6,yes,no two-thirds romanization
1445,جنين,noun,,,,Jenin,,palestinian,,contested,3/6,yes,no two-thirds romanization
2854,ليلة مبارح,adverb,,,,last night,,palestinian,,contested,tie/6,yes,no two-thirds romanization
3099,ورق شجر,noun,wara' shajar,وَرَق شَجَر,high,leaves,,palestinian,,unanimous,6/6,no,
3093,مكتئب,adjective,,,,depressed,,palestinian,,contested,3/6,yes,no two-thirds romanization; someone in the bloc rates confidence low
660,ضاف,verb,Daaf,ضَاف,high,added (friend/contact),,palestinian,,consensus,5/6,no,
617,غسل,verb,ghasal,غَسَل,high,washed,,palestinian,,unanimous,6/6,no,
2306,ترقية,noun,tar'iye,تَرْقِيِة,medium,promotion,,palestinian,,consensus,5/6,no,
2489,حط راسو براسو,formula,,,,confronted him head-on,,palestinian,,contested,3/6,yes,no two-thirds romanization; 1/6 doubt the meaning
2595,كنت بمكانك,frame,,,,If I were you (to m.),,palestinian,,contested,3/6,yes,no two-thirds romanization; 3/6 doubt the meaning
475,بالزور,adverb,biz-zoor,بِالزُّور,medium,barely / with difficulty,,palestinian,,consensus,6/6,no,
463,ع الأكثر,adverb,,,,at most,,palestinian,,contested,tie/6,yes,no two-thirds romanization
250,تصبحي على خير,formula,tiSba7i 3ala kheer,تِصْبَحِي عَلَى خِير,high,good night (to f.),,palestinian,,consensus,5/6,no,
1728,إيميل,noun,iimeel,إِيمِيل,high,email,,palestinian,,consensus,5/6,no,
678,حمل,verb,7amal,حَمَل,medium,carried / picked up,,palestinian,,consensus,6/6,no,
561,نصح,verb,naSa7,نَصَح,high,advised,,palestinian,,unanimous,6/6,no,
1150,طاقية,noun,Taa'iyye,طَاقِيِّة,medium,hat / cap,,palestinian,,consensus,6/6,no,
1313,بعيد,adjective,b3iid,بْعِيد,high,far,,palestinian,,consensus,4/6,no,
685,ربط,verb,rabaT,رَبَط,high,tied,,palestinian,,unanimous,6/6,no,
2585,قارن,verb,,,,compared,,palestinian,,contested,tie/6,yes,no two-thirds romanization
1758,شريحة,noun,shrii7a,شْرِيحَة,medium,SIM card,,palestinian,,consensus,4/6,no,
55,يا... يا,conjunction,ya ya,يَا... يَا,high,either... or,,palestinian,,contested,4/6,yes,1/6 doubt the meaning
440,دير بالك,formula,diir baalak,دِير بَالَك,high,take care / be careful (to m.),,palestinian,,unanimous,6/6,no,
2592,أجل الموعد,frame,ajjal il-maw3id,أَجَّل المَوْعِد,medium,postponed the appointment,,palestinian,,consensus,4/6,no,
607,قبل,verb,'ibil,قِبِل,medium,accepted,,palestinian,,consensus,5/6,no,
2960,أواعي شتاوية,noun,,,,winter clothes,,palestinian,,contested,tie/6,yes,no two-thirds romanization
725,طلب,verb,Talab,طَلَب,high,ordered / requested,,palestinian,,unanimous,6/6,no,
2515,الله يردو بالسلامة,formula,,,,God return him safely,,palestinian,,contested,2/6,yes,no two-thirds romanization
85,ثنتين,noun,tinteen,تِنْتِين,medium,"two (2, f.)",,palestinian,,consensus,5/6,no,
294,تقبرني,formula,,,,you're so dear to me,,,,contested,2/6,yes,"no two-thirds romanization; dialect has no two-thirds, or needs a Palestinian alternative"
357,إلا إذا,conjunction,illa iza,إِلَّا إِزَا,medium,unless,,palestinian,,consensus,6/6,no,
1833,شو بيشتغل أبوك؟,frame,,,,What does your father do? (to m.),,palestinian,,contested,tie/6,yes,no two-thirds romanization
2375,صغير علي,frame,zghiir 3alayy,زْغِير عَلَيّ,medium,Too small for me,,palestinian,,consensus,5/6,no,
3204,بصمة,noun,baSme,بَصْمِة,medium,fingerprint,,palestinian,,consensus,6/6,no,
2218,حظ,noun,,,,luck,,palestinian,,contested,tie/6,yes,no two-thirds romanization
2858,عضلة,noun,3aDale,عَضَلِة,medium,muscle,,palestinian,,consensus,6/6,no,
928,متنرفز,adjective,,,,nervous / irritated (m.),,palestinian,,contested,3/6,yes,no two-thirds romanization; 1/6 doubt the meaning
3148,قيم,noun,qiyam,قِيَم,medium,values,,palestinian,,consensus,4/6,no,
261,الله يسلمك,formula,,,,God keep you safe (to m.),,palestinian,,contested,3/6,yes,no two-thirds romanization
899,عملية,noun,3amaliyye,عَمَلِيِّة,high,surgery / operation,,palestinian,,unanimous,6/6,no,
1187,قداحة,noun,'addaa7a,قَدَّاحَة,medium,lighter,,palestinian,,consensus,4/6,no,
1890,ما كان المفروض تحكي,frame,,,,You weren't supposed to say that (to m.),,palestinian,,contested,tie/6,yes,no two-thirds romanization
2613,مرة ثانية,adverb,marra taanye,مَرَّة تَانْيِة,high,one more time,,palestinian,,consensus,5/6,no,
3179,تصالح,verb,tSaala7,تْصَالَح,high,made up with,,palestinian,,consensus,5/6,no,
2524,إيش,pronoun,eesh,إِيش,high,what (variant),,,شُو,contested,6/6,yes,"dialect has no two-thirds, or needs a Palestinian alternative"
483,خمسمية,noun,khamsmiyye,خَمْسْمِيِّة,medium,five hundred (500),,palestinian,,consensus,5/6,no,
1055,ملح,noun,mil7,مِلْح,high,salt,,palestinian,,consensus,4/6,no,
1625,قسيس,noun,,,,priest,,palestinian,,contested,3/6,yes,no two-thirds romanization
2018,بتعرف شو اللي صار,formula,,,,You know what happened (to m.),,palestinian,,contested,3/6,yes,no two-thirds romanization
854,خشم,noun,,,,nose (colloquial),,,,contested,tie/6,yes,"no two-thirds romanization; dialect has no two-thirds, or needs a Palestinian alternative"
1354,اليوم حر,formula,il-yoom 7arr,اليُوم حَرّ,high,It's hot today,,palestinian,,consensus,6/6,no,
2067,على قد لحافك مد إجريك,formula,,,,Stretch your legs according to your blanket,,palestinian,,contested,tie/6,yes,no two-thirds romanization
2026,بالأول...بعدين...,frame,,,,First... then...,,palestinian,,contested,tie/6,yes,no two-thirds romanization
374,ما هو,particle,ma huwwe,مَا هُوِّ,medium,the thing is / well,,palestinian,,contested,5/6,yes,1/6 doubt the meaning
762,ثلاثة ونص,noun,,,,three and a half,,palestinian,,contested,tie/6,yes,no two-thirds romanization
1197,خلاص,adjective,khalaaS,خَلَاص,high,done / finished (emphatic),,palestinian,,unanimous,6/6,no,
2661,نظارات,noun,naDDaaraat,نَضَّارَات,high,glasses / eyeglasses,,palestinian,,contested,4/6,yes,1/6 doubt the meaning
2726,أنا فلسطينية,frame,ana falasTiiniyye,أَنَا فَلَسْطِينِيِّة,high,I'm Palestinian (f.),,palestinian,,unanimous,6/6,no,
376,يا سيدي,interjection,ya siidi,يَا سِيدِي,high,well / look / OK fine,,palestinian,,consensus,5/6,no,
2510,ما بيسوى,formula,ma biswa,مَا بِسْوَى,medium,it's worthless / not worth it,,palestinian,,consensus,4/6,no,
2269,آلو مرحبا,formula,aaloo mar7aba,آلُو مَرْحَبَا,medium,Hello (phone opening),,palestinian,,consensus,4/6,no,
159,يوم التلاتة,noun,yoom it-talaata,,medium,Tuesday,,palestinian,,contested,5/6,yes,vowelled Arabic letters split inside the romanization bloc
1992,يا سلام شو حلو,frame,ya salaam shu 7ilu,يَا سَلَام شُو حِلُو,high,"Wow, how beautiful",,palestinian,,consensus,4/6,no,
886,دكتورة,noun,,,,doctor (f.),,palestinian,,contested,3/6,yes,no two-thirds romanization
1825,بعتلك لوكيشن,formula,,,,I sent you the location (to m.),yes,palestinian,,contested,tie/6,yes,no two-thirds romanization; meaning fix has two-thirds support
3087,رضي,verb,riDi,رِضِي,medium,was pleased / satisfied,,palestinian,,consensus,6/6,no,
3083,منفتح,adjective,,,,open minded,,palestinian,,contested,3/6,yes,no two-thirds romanization
416,إن شاء الله,formula,,,,maybe / we'll see (hedging use),,palestinian,,contested,tie/6,yes,no two-thirds romanization
733,ذاق,verb,daa',دَاق,medium,tasted,,palestinian,,consensus,4/6,no,
2972,أمريكا,noun,amriika,أَمْرِيكَا,high,america (USA),,palestinian,,unanimous,6/6,no,
1914,عشان نلحق,frame,3ashaan nil7a',عَشَان نِلْحَق,high,so that we make it on time,,palestinian,,unanimous,6/6,no,
716,تنهد,verb,,,,sighed,,palestinian,,contested,3/6,yes,no two-thirds romanization
1124,ممسحة,noun,mamsa7a,مَمْسَحَة,medium,mop,,palestinian,,consensus,4/6,no,
2636,قوس قزح,noun,,,,rainbow,,palestinian,,contested,3/6,yes,no two-thirds romanization
48,إذا,conjunction,iza,إِزَا,high,if,,palestinian,,unanimous,6/6,no,
1020,متبل,noun,mtabbal,مْتَبَّل,high,mutabbal (eggplant dip),,palestinian,,consensus,4/6,no,
1212,حيط,noun,7eeT,حِيط,high,wall (interior),,palestinian,,unanimous,6/6,no,
1706,بقديش هاد؟,formula,b'addeesh haad,بْقَدِّيش هَاد؟,high,How much is this?,,palestinian,,consensus,5/6,no,
927,مليان,adjective,malyaan,مَلْيَان,high,fed up / full (m.),,palestinian,,contested,5/6,yes,4/6 doubt the meaning
1181,كباية,noun,,,,glass / drinking cup,,palestinian,,contested,3/6,yes,no two-thirds romanization
3150,نظرية,noun,naTHariyye,نَظَرِيِّة,medium,theory,,palestinian,,consensus,6/6,no,
2381,الدنيا مثلجة,frame,,,,It's snowing / icy,,palestinian,,contested,3/6,yes,no two-thirds romanization; 5/6 doubt the meaning; someone in the bloc rates confidence low
831,توأم,noun,taw'am,تَوْأَم,medium,twin,,palestinian,,consensus,4/6,no,
2544,التدفئة مش شغالة,frame,it-tadfi'a mish shaghghaale,التَّدْفِئَة مِش شَغَّالِة,medium,The heating isn't working,,palestinian,,consensus,4/6,no,
2894,عقار,noun,3a'aar,عَقَار,medium,real estate,,palestinian,,contested,4/6,yes,1/6 doubt the meaning
2821,صحافة,noun,Sa7aafe,صَحَافِة,high,"press, Media",,palestinian,,unanimous,6/6,no,
172,أيلول,noun,ayluul,أَيْلُول,high,September,,palestinian,,consensus,4/6,no,
2811,رئيس وزراء,noun,ra'iis wuzara,رَئِيس وُزَرَا,high,prime minister,,palestinian,,consensus,4/6,no,
1443,حيفا,noun,7eefa,حِيفَا,high,Haifa,,palestinian,,consensus,5/6,no,
485,عشر تالاف,noun,3ashar talaaf,عَشَر تَلَاف,medium,"ten thousand (10,000)",,palestinian,,consensus,4/6,no,
1718,موبايل,noun,,,,mobile phone,,palestinian,,contested,3/6,yes,no two-thirds romanization
1836,اتصلو ع الإسعاف,formula,,,,Call the ambulance (to pl.),,palestinian,,contested,2/6,yes,no two-thirds romanization; 1/6 doubt the meaning
2804,عدو,noun,3aduww,عَدُوّ,medium,enemy,,palestinian,,consensus,5/6,no,
2207,ثقة,noun,,,,trust / confidence,,palestinian,,contested,3/6,yes,no two-thirds romanization
112,ميتين,noun,,,,two hundred (200),,palestinian,,contested,3/6,yes,no two-thirds romanization
1743,ببعتلك مسج,formula,,,,I'll send you a message (to m.),,palestinian,,contested,tie/6,yes,no two-thirds romanization; 1/6 doubt the meaning
2795,إنقلاب,noun,in'ilaab,إِنْقِلَاب,medium,coup,,palestinian,,consensus,4/6,no,
2807,سلاح,noun,,,,weapon / gun,,palestinian,,contested,3/6,yes,no two-thirds romanization; 1/6 doubt the meaning
2161,الآن,adverb,,,,now (MSA/formal),,msa,هَلَّأ,contested,3/6,yes,no two-thirds romanization
2532,قصلي شوي من الجوانب,formula,'uSSli shwayy min il-jawaanib,قُصّْلِي شْوَيّ مِن الجَوَانِب,medium,Trim the sides a bit (to m.),,palestinian,,consensus,4/6,no,
1730,يوزر,noun,,,,username,,palestinian,,contested,tie/6,yes,no two-thirds romanization; 1/6 doubt the meaning
305,يا ريت,formula,ya reet,يَا رِيت,high,I wish / if only,,palestinian,,consensus,5/6,no,
1228,نضيف,adjective,nDiif,نْضِيف,high,clean,,palestinian,,unanimous,6/6,no,
3021,اليونان,noun,il-yuunaan,الْيُونَان,medium,greece,,palestinian,,consensus,4/6,no,
1626,زكاة,noun,,,,alms / zakat,,palestinian,,contested,3/6,yes,no two-thirds romanization
2132,بطل,verb,baTTal,بَطَّل,high,stopped / quit / it's no longer,,palestinian,,consensus,5/6,no,
3226,لهجة,noun,lahje,لَهْجِة,high,accent,,palestinian,,contested,6/6,yes,3/6 doubt the meaning
2939,نمر,noun,nimir,نِمِر,high,tiger,,palestinian,,consensus,4/6,no,
2256,عظم الله أجركم,formula,,,,"May God increase your reward (condolence, to pl.)",,palestinian,,contested,2/6,yes,no two-thirds romanization
1875,مستعمل,adjective,,,,used / secondhand,,palestinian,,contested,tie/6,yes,no two-thirds romanization
1809,شو بتشتغل؟,formula,,,,What do you do for work? (to m.),,palestinian,,contested,3/6,yes,no two-thirds romanization
1083,حلو,adjective,7ilu,حِلُو,high,sweet,,palestinian,,consensus,5/6,no,
2359,بكفيني,formula,,,,That's enough for me,,palestinian,,contested,3/6,yes,no two-thirds romanization
1333,عالبلد لو سمحت,frame,3al-balad law sama7t,عَالْبَلَد لَوْ سَمَحْت,high,To downtown please (to taxi driver),,palestinian,,unanimous,6/6,no,
1281,محكمة,noun,ma7kame,مَحْكَمِة,high,court (legal),,palestinian,,unanimous,6/6,no,
1132,زبالة,noun,zbaale,زْبَالِة,high,trash / garbage,,palestinian,,unanimous,6/6,no,
1942,وعدني إنو,frame,wa3adni inno,وَعَدْنِي إِنُّو,high,He promised me that,,palestinian,,consensus,4/6,no,
2053,خليني أفكر وبرجعلك,formula,khalliini afakkir w barja3lak,خَلِّينِي أَفَكِّر وَبَرْجَعْلَك,medium,Let me think and I'll get back to you (to m.),,palestinian,,consensus,4/6,no,
2065,اللي على راسو بطحة بيحسس عليها,formula,,,,The guilty one feels it (lit: who has a bump feels it),,palestinian,,contested,3/6,yes,no two-thirds romanization
2178,مين,pronoun,miin,مِين,high,who (dialect),,palestinian,,unanimous,6/6,no,
1328,ثاني شارع ع الشمال,frame,,,,second street on the left,,palestinian,,contested,3/6,yes,no two-thirds romanization
2497,خلى الأمور تمشي,formula,,,,let things take their course,,palestinian,,contested,tie/6,yes,no two-thirds romanization
395,زهقت,formula,zhi't,زْهِقْت,medium,I'm so bored / fed up,,palestinian,,consensus,4/6,no,
2986,لبنان,noun,libnaan,لِبْنَان,high,lebanon,,palestinian,,consensus,5/6,no,
2075,عينو واسعة,formula,3eeno waas3a,,medium,He's greedy (lit: his eye is wide),,palestinian,,contested,5/6,yes,vowelled Arabic letters split inside the romanization bloc
1804,الأكل ريحتو زاكية,formula,,,,The food smells wonderful,,palestinian,,contested,tie/6,yes,no two-thirds romanization
1913,ما رحت لإنو كنت تعبان,frame,,,,I didn't go because I was tired,,palestinian,,contested,tie/6,yes,no two-thirds romanization
2490,فتح عينو,frame,fata7 3eeno,فَتَح عَيْنُو,medium,became aware / wised up,,palestinian,,contested,4/6,yes,1/6 doubt the meaning
3192,واسطة,noun,waasTa,وَاسْطَة,high,intermediary,,palestinian,,contested,4/6,yes,5/6 doubt the meaning
1171,ذهبي,adjective,dahabi,دَهَبِي,medium,gold / golden,,palestinian,,consensus,4/6,no,
1012,شاورما,noun,,,,shawarma,,palestinian,,contested,tie/6,yes,no two-thirds romanization
1179,منقط,adjective,mna''aT,مْنَقَّط,medium,polka-dotted / spotted,,palestinian,,consensus,5/6,no,
2958,كلوت,noun,,,,underpants,,palestinian,,contested,tie/6,yes,no two-thirds romanization; 1/6 doubt the meaning
2599,بيبين إنو,frame,,,,It seems that / it's apparent that,,palestinian,,contested,3/6,yes,no two-thirds romanization
1651,خمسة وخميسة,noun,,,,hand of Fatima (evil eye protection),,palestinian,,contested,3/6,yes,no two-thirds romanization; 2/6 doubt the meaning
587,فرح,verb,firi7,فِرِح,medium,was happy / rejoiced,,palestinian,,consensus,6/6,no,
1074,طاوة,noun,Taawa,طَاوَة,medium,frying pan,,palestinian,,consensus,6/6,no,
2451,ذاكرة,noun,,,,memory (faculty),,palestinian,,contested,tie/6,yes,no two-thirds romanization
1676,نذر,noun,nidir,نِدِر,low,vow / religious pledge,,palestinian,,contested,4/6,yes,someone in the bloc rates confidence low
482,ثلاثمية,noun,,,,three hundred (300),,palestinian,,contested,tie/6,yes,no two-thirds romanization
3071,مشكلجي,adjective,,,,troublemaker,,palestinian,,contested,2/6,yes,no two-thirds romanization; someone in the bloc rates confidence low
309,صحتين,formula,Sa77teen,صَحّتِين,high,bon appétit / to your health,,palestinian,,consensus,4/6,no,
2349,عيني حمرا,frame,3eeni 7amra,عِينِي حَمْرَا,high,My eye is red,,palestinian,,unanimous,6/6,no,
1991,شو هالحلاوة,frame,,,,How sweet/beautiful this is,,palestinian,,contested,tie/6,yes,no two-thirds romanization
1663,تقاعد,noun,ta'aa3ud,تَقَاعُد,medium,retirement,,palestinian,,consensus,5/6,no,
1642,حشمة,noun,7ishme,حِشْمِة,medium,modesty / decency,,palestinian,,consensus,5/6,no,
2785,رئيس,noun,ra'iis,رَئِيس,high,president,,palestinian,,contested,6/6,yes,1/6 doubt the meaning
251,وإنت من أهلو,formula,,,,"and you too (good night reply, to m.)",,palestinian,,contested,tie/6,yes,no two-thirds romanization
1301,أوتوستراد,noun,,,,highway,,pan_levantine,,contested,3/6,yes,no two-thirds romanization
2321,اتصلح,verb,,,,got fixed,,palestinian,,contested,tie/6,yes,no two-thirds romanization
3195,منظمة,noun,munaTHTHame,مُنَظَّمِة,medium,organization,,palestinian,,consensus,6/6,no,
542,ركب,verb,rikib,رِكِب,high,rode / got on (vehicle),,palestinian,,unanimous,6/6,no,
1925,نفس الإشي,noun,,,,the same thing,,palestinian,,contested,tie/6,yes,no two-thirds romanization
2011,بفتكر إنو...,frame,,,,I think that...,,palestinian,,contested,3/6,yes,no two-thirds romanization
1928,ما في أحسن من هيك,formula,ma fii a7san min heek,مَا فِي أَحْسَن مِنْ هِيك,high,there's nothing better than this,,palestinian,,consensus,4/6,no,
2627,أثر,verb,aththar,أَثَّر,medium,influenced / affected,,palestinian,,consensus,4/6,no,
3157,غلى,verb,ghalla,غَلَّى,medium,raised the price,,palestinian,,consensus,6/6,no,
2737,جلى,verb,jala,جَلَى,medium,washed (dishes),,palestinian,,consensus,6/6,no,
3082,شهم,adjective,,,,noble,,palestinian,,contested,3/6,yes,no two-thirds romanization; 1/6 doubt the meaning
1071,سكينة,noun,sikkiine,سِكِّينِة,high,knife,,palestinian,,unanimous,6/6,no,
1065,وجبة,noun,wajbe,وَجْبِة,medium,meal,,palestinian,,consensus,6/6,no,
1254,سوبرماركت,noun,,,,supermarket,,palestinian,,contested,2/6,yes,no two-thirds romanization
95,اثنعش,noun,,,,twelve (12),,palestinian,,contested,tie/6,yes,no two-thirds romanization
680,رمى,verb,rama,رَمَى,high,threw,,palestinian,,unanimous,6/6,no,
795,الله يحفظهم,formula,,,,God protect them,,palestinian,,contested,tie/6,yes,no two-thirds romanization
2418,دين,noun,deen,دِين,high,debt,,palestinian,,consensus,5/6,no,
2633,موجة برد,noun,,,,cold wave,,palestinian,,contested,3/6,yes,no two-thirds romanization
3121,كرة إيد,noun,,,,handball,,palestinian,,contested,3/6,yes,no two-thirds romanization; someone in the bloc rates confidence low
2614,من الأول,adverb,,,,from the beginning,,palestinian,,contested,tie/6,yes,no two-thirds romanization
1582,ميكانيكي,noun,miikaaniiki,مِيكَانِيكِي,medium,mechanic,,palestinian,,consensus,4/6,no,
2107,خليها على الله,formula,,,,Leave it to God,,palestinian,,contested,tie/6,yes,no two-thirds romanization
518,جاب,verb,jaab,جَاب,high,brought,,palestinian,,unanimous,6/6,no,
1298,عجل,noun,3ajal,عَجَل,medium,wheel / tire,,palestinian,,contested,6/6,yes,2/6 doubt the meaning
507,أخذ,verb,akhad,أَخَد,high,took,,palestinian,,unanimous,6/6,no,
3047,إخوة,noun,ikhwe,إِخْوِة,medium,siblings,,palestinian,,contested,6/6,yes,1/6 doubt the meaning
1424,قطيع,noun,'aTii3,قَطِيع,medium,flock / herd,,palestinian,,consensus,5/6,no,
443,على راسي وعيني,formula,3ala raasi w 3eeni,عَلَى رَاسِي وَعِينِي,medium,with all my heart / absolutely,,palestinian,,contested,4/6,yes,1/6 doubt the meaning
2920,متفوق,adjective,mitfawwi',مِتْفَوِّق,medium,superior,,palestinian,,contested,5/6,yes,4/6 doubt the meaning
2076,عينو ضيقة,formula,,,,He's stingy (lit: his eye is narrow),,palestinian,,contested,3/6,yes,no two-thirds romanization; 1/6 doubt the meaning
3178,تزوج,verb,,,,married,,,,contested,3/6,yes,"no two-thirds romanization; dialect has no two-thirds, or needs a Palestinian alternative"
2125,فشخ,adverb,fashkh,فَشْخ,low,extremely / insanely (intensifier),,,,contested,5/6,yes,"2/6 doubt the meaning; dialect has no two-thirds, or needs a Palestinian alternative; someone in the bloc rates confidence low"
2600,ما بيبين عليك,formula,ma bibayyin 3aleek,,medium,It doesn't show on you (to m.),,palestinian,,contested,5/6,yes,vowelled Arabic letters split inside the romanization bloc
1467,ثقيل,adjective,,,,heavy,,palestinian,,contested,3/6,yes,no two-thirds romanization
2448,تقدير,noun,ta'diir,تَقْدِير,medium,appreciation / estimation,,palestinian,,consensus,5/6,no,
1248,جسر,noun,jisr,جِسْر,high,bridge,,palestinian,,consensus,4/6,no,
3010,كولومبيا,noun,,,,colombia,,palestinian,,contested,tie/6,yes,no two-thirds romanization
348,من ناحية,adverb,min naa7ye,مِن نَاحْيِة,medium,on one hand,,palestinian,,contested,6/6,yes,2/6 doubt the meaning
3170,فرشى,verb,farsha,فَرْشَى,low,brushed,,palestinian,,contested,4/6,yes,1/6 doubt the meaning; someone in the bloc rates confidence low
1448,البحر الميت,noun,il-ba7r il-mayyit,الْبَحْر الْمَيِّت,high,the Dead Sea,,palestinian,,consensus,5/6,no,
2459,نقطة ضعف,noun,,,,weak point / weakness,,palestinian,,contested,tie/6,yes,no two-thirds romanization
249,تصبح على خير,formula,tiSba7 3ala kheer,تِصْبَح عَلَى خِير,high,good night (to m.),,palestinian,,consensus,5/6,no,
119,ثاني,adjective,taani,تَانِي,high,second,,palestinian,,contested,6/6,yes,1/6 doubt the meaning
2150,من تحت لتحت,adverb,,,,sneakily / under the table,,palestinian,,contested,3/6,yes,no two-thirds romanization
970,ثقيل,adjective,,,,heavy / annoying (person),,palestinian,,contested,3/6,yes,no two-thirds romanization
3098,دنيا,noun,dinya,دِنْيَا,high,world,,palestinian,,consensus,4/6,no,
2296,معدل,noun,mu3addal,مُعَدَّل,medium,GPA / average,,palestinian,,consensus,5/6,no,
2133,طنش,verb,Tannash,طَنَّش,high,ignored,,palestinian,,unanimous,6/6,no,
574,قرأ,verb,'ara,قَرَا,high,read,,palestinian,,consensus,5/6,no,
2356,محتاج عملية,frame,mi7taaj 3amaliyye,مِحْتَاج عَمَلِيِّة,medium,He needs surgery,,palestinian,,consensus,6/6,no,
494,وين ما كان,adverb,ween ma kaan,وِين مَا كَان,medium,wherever,,palestinian,,consensus,6/6,no,
1123,مكنسة,noun,miknase,مِكْنَسِة,low,broom,,palestinian,,contested,5/6,yes,someone in the bloc rates confidence low
2450,انتماء,noun,intimaa',اِنْتِمَاء,medium,belonging / identity,,palestinian,,contested,6/6,yes,2/6 doubt the meaning
2518,الله يفتحها بوجهك,formula,,,,God open doors for you (to m.),,palestinian,,contested,2/6,yes,no two-thirds romanization
3213,ولاية,noun,wilaaye,وِلَايِة,medium,state,,palestinian,,contested,6/6,yes,1/6 doubt the meaning
2942,صقر,noun,Sa'r,صَقْر,medium,hawk,,palestinian,,contested,4/6,yes,2/6 doubt the meaning
3041,مرة خال,noun,mart khaal,مَرْت خَال,medium,aunt (mother’s brother’s wife),,palestinian,,consensus,4/6,no,
992,عرس,noun,3urs,عُرْس,medium,wedding,,palestinian,,consensus,5/6,no,
1183,ركوة,noun,rakwe,رَكْوِة,medium,small coffee pot (Arabic),,palestinian,,consensus,6/6,no,
1238,مسحوق,noun,mas7uu',مَسْحُوق,medium,powder / detergent powder,,palestinian,,consensus,6/6,no,
703,لحق,verb,li7i',لِحِق,medium,made it in time / caught up,,palestinian,,consensus,6/6,no,
248,مسا النور,formula,,,,good evening (reply),,palestinian,,contested,3/6,yes,no two-thirds romanization
403,لأ,particle,la',لَأ,high,no,,palestinian,,unanimous,6/6,no,
1030,توم,noun,toom,تُوم,high,garlic,,palestinian,,consensus,5/6,no,
2719,ذكرني,verb,,,,"Remind me (imperative, to m.)",,palestinian,,contested,tie/6,yes,no two-thirds romanization
552,فسر,verb,fassar,فَسَّر,high,explained,,palestinian,,unanimous,6/6,no,
893,رشح,noun,,,,cold (illness),,palestinian,,contested,tie/6,yes,no two-thirds romanization
2261,بالتوفيق بالامتحان,formula,bit-tawfii' bil-imti7aan,بِالتَّوْفِيق بِالامْتِحَان,high,Good luck on the exam,,palestinian,,consensus,4/6,no,
3015,الصومال,noun,,,,somalia,,palestinian,,contested,3/6,yes,no two-thirds romanization
1615,إنجيل,noun,injiil,إِنْجِيل,high,Bible / Gospel,,palestinian,,contested,6/6,yes,2/6 doubt the meaning
2517,تقبل الله,formula,,,,May God accept (prayers/fasting),,palestinian,,contested,2/6,yes,no two-thirds romanization
2422,فاتورة المي,noun,,,,water bill,,palestinian,,contested,2/6,yes,no two-thirds romanization
2551,شو أخبار الأولاد بالمدرسة؟,frame,,,,How are the kids doing at school?,,palestinian,,contested,tie/6,yes,no two-thirds romanization
1784,في عداد؟,formula,fii 3addaad,فِي عَدَّاد؟,medium,Is there a meter?,,palestinian,,consensus,5/6,no,
1826,من قديش ساكن هون؟,formula,min 'addeesh saakin hoon,مِن قَدِّيش سَاكِن هُون؟,high,How long have you lived here? (to m.),,palestinian,,consensus,5/6,no,
484,ألفين,noun,alfeen,أَلْفِين,high,two thousand (2000),,palestinian,,unanimous,6/6,no,
1261,مكتبة,noun,maktabe,مَكْتَبِة,high,bookstore / library,,palestinian,,unanimous,6/6,no,
2511,بيسوى,verb,biswa,بِسْوَى,medium,it's worth it,,palestinian,,consensus,5/6,no,
2255,الله يرحمو ويغفرلو,formula,,,,God have mercy and forgive him,,palestinian,,contested,2/6,yes,no two-thirds romanization; 1/6 doubt the meaning
2519,الله يقويك,formula,,,,God strengthen you (to m.),,palestinian,,contested,3/6,yes,no two-thirds romanization
616,قلع,verb,'ala3,قَلَع,medium,took off (clothes/shoes),,palestinian,,contested,6/6,yes,1/6 doubt the meaning
1050,قهوة عربية,noun,'ahwe 3arabiyye,قَهْوِة عَرَبِيِّة,high,Arabic coffee,,palestinian,,unanimous,6/6,no,
2906,تقليدي,adjective,ta'liidi,تَقْلِيدِي,medium,traditional,,palestinian,,consensus,5/6,no,
672,اشترى,verb,ishtara,اِشْتَرَى,high,bought,,palestinian,,unanimous,6/6,no,
2326,اتلغى,verb,itlagha,اِتْلَغَى,medium,got canceled,,palestinian,,consensus,6/6,no,
3056,قطار,noun,'iTaar,قِطَار,medium,train,,palestinian,,consensus,4/6,no,
96,ثلاثطعش,noun,tlaTTa3sh,تْلَطَّعْش,medium,thirteen (13),,palestinian,,consensus,4/6,no,
2816,جمهورية,noun,jumhuuriyye,جُمْهُورِيِّة,medium,republic,,palestinian,,consensus,5/6,no,
775,عيد الفطر,noun,3iid il-fiTr,عِيد الْفِطْر,high,Eid al-Fitr,,palestinian,,consensus,4/6,no,
549,سأل,verb,sa'al,سَأَل,high,asked,,palestinian,,unanimous,6/6,no,
1144,شورت,noun,shoort,شُورْت,medium,shorts,,palestinian,,consensus,5/6,no,
580,زهق,verb,zihi',زِهِق,medium,got bored / fed up,,palestinian,,consensus,6/6,no,
2966,خيمة,noun,kheeme,خِيمِة,high,tent,,palestinian,,unanimous,6/6,no,
1768,معلش ما في...,frame,,,,"Sorry, we don't have...",,palestinian,,contested,2/6,yes,no two-thirds romanization
789,سامحيني,formula,saam7iini,سَامْحِينِي,medium,forgive me (to f.),,palestinian,,consensus,4/6,no,
13,هديك,pronoun,hadiik,هَدِيك,medium,that (f.),,palestinian,,consensus,6/6,no,
2792,مظاهرة,noun,muTHaahara,مُظَاهَرَة,medium,demonstration,,palestinian,,consensus,5/6,no,
1470,رفيع,adjective,rfii3,رْفِيع,medium,thin / slim (object),,palestinian,,consensus,4/6,no,
2617,متأكدة؟,formula,mit'akkde,مِتْأَكّْدِة,medium,Are you sure? (to f.),,palestinian,,consensus,5/6,no,
182,الساعة ثنتين,frame,is-saa3a tinteen,السَّاعَة تِنْتِين,medium,It's two o'clock,,palestinian,,consensus,6/6,no,
2278,الطيارة متأخرة,frame,iT-Tayyaara mit'akhkhra,الطَّيَّارَة مِتْأَخّْرَة,medium,The plane is delayed,,palestinian,,consensus,5/6,no,
1237,منظف,noun,munaTHTHif,مُنَظِّف,medium,cleaning product / detergent,,palestinian,,consensus,4/6,no,
2383,انقطعت الكهربا,formula,,,,The electricity went out,,palestinian,,contested,tie/6,yes,no two-thirds romanization
2956,جينز,noun,jiinz,جِينْز,medium,jeans,,palestinian,,consensus,6/6,no,
3129,تركوأز,adjective,turkwaaz,تُرْكْوَاز,medium,turquoise,,palestinian,,consensus,6/6,no,
545,ساق,verb,saa',سَاق,medium,drove,,palestinian,,consensus,6/6,no,
3059,على الشمال,adverb,,,,on the left,,palestinian,,contested,2/6,yes,no two-thirds romanization
2721,أبلغ,verb,ablagh,أَبْلَغ,medium,reported / informed (Form IV),,msa,بَلَّغ,consensus,6/6,yes,
2037,هاد بذكرني بـ...,frame,,,,This reminds me of...,,palestinian,,contested,tie/6,yes,no two-thirds romanization
1129,مدفأة,noun,,,,heater,,palestinian,,contested,tie/6,yes,no two-thirds romanization; someone in the bloc rates confidence low
1465,عريض,adjective,3ariiD,عَرِيض,medium,wide / broad,,palestinian,,consensus,5/6,no,
1967,عم بتشتي,frame,3am btishti,عَم بْتِشْتِي,high,It's raining (right now),,palestinian,,consensus,4/6,no,
1563,أستاذ,noun,ustaaz,أُسْتَاز,high,teacher / professor / Mr.,,palestinian,,unanimous,6/6,no,
1145,تي شيرت,noun,tii sheert,تِي شِيرْت,medium,t-shirt,,palestinian,,consensus,4/6,no,
341,بالنسبة لـ,preposition,bin-nisbe la,بِالنِّسْبِة لَـ,medium,regarding / as for,,palestinian,,consensus,4/6,no,
2976,مصر,noun,maSr,مَصْر,high,egypt,,palestinian,,consensus,4/6,no,
1474,حلو,adjective,7ilu,حِلُو,high,pretty / beautiful / sweet,,palestinian,,consensus,4/6,no,
1898,ممكن تعيد؟,formula,mumkin t3iid,مُمْكِن تْعِيد؟,high,Can you repeat? (to m.),,palestinian,,consensus,5/6,no,
2491,كبر مخو,frame,,,,he matured / grew wiser,,palestinian,,contested,3/6,yes,no two-thirds romanization; 1/6 doubt the meaning
2749,سمسم,noun,simsim,سِمْسِم,high,sesame,,palestinian,,consensus,5/6,no,
1705,علبة,noun,3ilbe,عِلْبِة,high,box / can / package,,palestinian,,consensus,5/6,no,
589,قلق,verb,'ili',قِلِق,medium,worried,,palestinian,,consensus,5/6,no,
345,بالإضافة,adverb,bil-'iDaafe,بِالإِضَافَة,medium,in addition,,palestinian,,contested,4/6,yes,1/6 doubt the meaning
1089,مستوي,adjective,,,,cooked / done / ripe,,palestinian,,contested,3/6,yes,no two-thirds romanization
1551,بكفاية,adverb,bikfaaye,بِكْفَايِة,low,enough,,,,contested,5/6,yes,"1/6 doubt the meaning; dialect has no two-thirds, or needs a Palestinian alternative; someone in the bloc rates confidence low"
2559,مدير المدرسة,noun,mudiir il-madrase,مُدِير الْمَدْرَسِة,high,the school principal,,palestinian,,consensus,5/6,no,
1603,بحث,noun,ba7th,بَحْث,medium,research / paper,,palestinian,,consensus,4/6,no,
2738,كب,verb,kabb,كَبّ,high,threw away / spilled,,palestinian,,consensus,5/6,no,
1807,البيت كتير حلو,frame,il-beet ktiir 7ilu,البِيت كْتِير حِلُو,high,The house is very nice,,palestinian,,consensus,4/6,no,
58,ما... ش,particle,,,,not (emphatic verb negation),,palestinian,,contested,tie/6,yes,no two-thirds romanization; 1/6 doubt the meaning
659,بلك,verb,ballak,بَلَّك,medium,blocked (someone online),,palestinian,,consensus,4/6,no,
2902,تلوث,noun,talawwuth,تَلَوُّث,medium,pollution,,palestinian,,consensus,6/6,no,
131,ثانية,noun,taanye,تَانْيِة,high,second (time),,palestinian,,consensus,4/6,no,
2180,إيمتى,adverb,eemta,إِيمْتَى,high,when (dialect),,palestinian,,unanimous,6/6,no,
2484,اللي بيجري ورا الدنيا ما بيلحقها,formula,,,,He who chases the world never catches it,,palestinian,,contested,2/6,yes,no two-thirds romanization
2643,موسم,noun,,,,season (harvest/agricultural),,palestinian,,contested,tie/6,yes,no two-thirds romanization
3074,جذاب,adjective,jazzaab,جَزَّاب,medium,attractive charming,,palestinian,,consensus,4/6,no,
1330,بتعرف وين الـ...؟,frame,,,,Do you know where the...? (to m.),,palestinian,,contested,3/6,yes,no two-thirds romanization
3016,الصحراء الغربية,noun,iS-Sa7ra il-gharbiyye,الصَّحْرَا الغَرْبِيِّة,high,western Sahara,,palestinian,,consensus,5/6,no,
1053,غازي,noun,ghaazi,غَازِي,medium,soda / carbonated drink,,palestinian,,contested,6/6,yes,5/6 doubt the meaning
3039,مرة عم,noun,,,,aunt (father’s brother’s wife),,palestinian,,contested,3/6,yes,no two-thirds romanization
1703,ربع كيلو,noun,,,,quarter kilo,,palestinian,,contested,tie/6,yes,no two-thirds romanization
3209,إعتصام,noun,i3tiSaam,اِعْتِصَام,high,protest,,palestinian,,contested,6/6,yes,5/6 doubt the meaning
1861,على حسابي,formula,3ala 7saabi,عَلَى حْسَابِي,high,my treat / on me,,palestinian,,unanimous,6/6,no,
1733,فولو,noun,,,,follow (social media),,palestinian,,contested,3/6,yes,no two-thirds romanization
3035,تسع,noun,tis3,تِسْع,high,nine + noun,,palestinian,,consensus,4/6,no,
1178,مقلم,adjective,m'allam,مْقَلَّم,medium,striped,,palestinian,,consensus,5/6,no,
973,بسيط,adjective,basiiT,بَسِيط,high,simple / easygoing,,palestinian,,consensus,5/6,no,
3042,ابن عمة,noun,ibn 3amme,اِبْن عَمِّة,high,cousin (father’s sister’s son),,palestinian,,unanimous,6/6,no,
2494,حرق الأخضر واليابس,formula,,,,destroyed everything (lit: burned green and dry),,,,contested,3/6,yes,"no two-thirds romanization; dialect has no two-thirds, or needs a Palestinian alternative"
986,مطلق,adjective,mTalla',مْطَلَّق,high,divorced (m.),,palestinian,,unanimous,6/6,no,
1167,برتقالي,adjective,,,,orange (color),,palestinian,,contested,tie/6,yes,no two-thirds romanization
603,نجح,verb,naja7,نَجَح,high,succeeded / passed (exam),,palestinian,,consensus,4/6,no,
1871,سعر الصرف,noun,si3r iS-Sarf,سِعْر الصَّرْف,high,exchange rate,,palestinian,,unanimous,6/6,no,
2776,شوفان,noun,shoofaan,شُوفَان,high,oatmeal,,palestinian,,contested,5/6,yes,1/6 doubt the meaning
1923,أكتر إشي,frame,aktar ishi,أَكْتَر إِشِي,high,the most / the most important,,palestinian,,contested,6/6,yes,3/6 doubt the meaning
1656,وظيفة,noun,waTHiife,وَظِيفِة,medium,job / position,,palestinian,,consensus,5/6,no,
1724,واي فاي,noun,waay faay,وَاي فَاي,medium,WiFi,,palestinian,,consensus,6/6,no,
1176,ملون,adjective,mlawwan,مْلَوَّن,high,colorful,,palestinian,,unanimous,6/6,no,
3079,شرير,adjective,,,,evil,,palestinian,,contested,3/6,yes,no two-thirds romanization
945,هادي,adjective,haadi,هَادِي,high,calm / quiet,,palestinian,,unanimous,6/6,no,
2273,الخط بيقطع,formula,,,,The line keeps cutting out,,palestinian,,contested,tie/6,yes,no two-thirds romanization
2504,دق المي مي,formula,da'' il-mayy mayy,دَقّ المَيّ مَيّ,low,beat around the bush (lit: pound water into water),,palestinian,,contested,4/6,yes,3/6 doubt the meaning; someone in the bloc rates confidence low
2404,السيارة خربانة,formula,is-sayyaara kharbaane,السَّيَّارَة خَرْبَانِة,high,The car is broken down,,palestinian,,consensus,5/6,no,
1018,شوربة,noun,shoorbe,شُورْبِة,medium,soup,,palestinian,,consensus,5/6,no,
157,يوم الأحد,noun,yoom il-a7ad,يُوم الأَحَد,high,Sunday,,palestinian,,consensus,4/6,no,
1202,مقرمش,adjective,m'armash,مْقَرْمَش,medium,crispy / crunchy,,palestinian,,consensus,6/6,no,
2097,توكل على الله,formula,,,,Trust in God / just go for it,,palestinian,,contested,tie/6,yes,no two-thirds romanization
2391,مكنسة كهربا,noun,,,,vacuum cleaner,,palestinian,,contested,2/6,yes,no two-thirds romanization; someone in the bloc rates confidence low
2770,نجاص,noun,njaaS,نْجَاص,medium,pears,,palestinian,,consensus,5/6,no,
1846,بالتوفيق,formula,bit-tawfii',بِالتَّوْفِيق,medium,good luck,,palestinian,,consensus,4/6,no,
2864,جبهة,noun,jabha,جَبْهَة,medium,forehead,,palestinian,,consensus,4/6,no,
797,عيلة,noun,3eele,عِيلِة,high,family,,palestinian,,consensus,5/6,no,
1403,محمية,noun,ma7miyye,مَحْمِيِّة,high,nature reserve,,palestinian,,unanimous,6/6,no,
2427,بظن لأ,formula,baTHunn la',بَظُنّ لَأ,medium,I don't think so,,palestinian,,consensus,5/6,no,
1271,البلدة القديمة,noun,il-balde il-'adiime,البَلْدِة القَدِيمِة,high,the Old City,,palestinian,,consensus,5/6,no,
2499,طار عقلو,formula,Taar 3a'lo,,high,he lost his mind,,palestinian,,contested,6/6,yes,vowelled Arabic letters split inside the romanization bloc
2121,مخرف,adjective,,,,talking nonsense / senile,,palestinian,,contested,tie/6,yes,no two-thirds romanization
2680,فهمت علي؟,formula,fhimt 3alayy,فْهِمْت عَلَيّ؟,high,You get me? / You understand? (to m.),,palestinian,,consensus,4/6,no,
164,كانون ثاني,noun,,,,January,,palestinian,,contested,tie/6,yes,no two-thirds romanization
1417,الشمس قوية,frame,ish-shams 'awiyye,الشَّمْس قَوِيِّة,high,The sun is strong,,palestinian,,unanimous,6/6,no,
445,الله يخليلك إياهم,formula,,,,"God keep them for you (about children, to m.)",,palestinian,,contested,2/6,yes,no two-thirds romanization
1698,فيزا,noun,viiza,فِيزَا,medium,Visa (credit card),,palestinian,,contested,5/6,yes,1/6 doubt the meaning
1679,وضوء,noun,wuDuu',وُضُوء,high,ablution (before prayer),,palestinian,,consensus,4/6,no,
2900,مدرج,noun,mudarraj,مُدَرَّج,medium,"auditorium, amphitheater",,palestinian,,consensus,5/6,no,
393,قصف جبهة,noun,,,,sick burn / comeback (lit: forehead bombing),,palestinian,,contested,3/6,yes,no two-thirds romanization
1188,كبريت,noun,,,,matches,,palestinian,,contested,3/6,yes,no two-thirds romanization
654,حمل,verb,7ammal,حَمَّل,high,downloaded,,palestinian,,unanimous,6/6,no,
1725,موقع,noun,,,,website,,palestinian,,contested,2/6,yes,no two-thirds romanization; someone in the bloc rates confidence low
312,نمرة,noun,nimra,نِمْرَة,high,number,,palestinian,,consensus,4/6,no,
523,تذكر,verb,tzakkar,تْزَكَّر,medium,remembered,,palestinian,,consensus,4/6,no,
1430,سور القدس,noun,,,,the walls of Jerusalem,,palestinian,,contested,3/6,yes,no two-thirds romanization; 1/6 doubt the meaning
1847,الله يوفقك,formula,,,,May God grant you success (to m.),,palestinian,,contested,2/6,yes,no two-thirds romanization
325,هيو,particle,hayyo,هَيُّو,medium,here it is (m.) / here he is,,palestinian,,consensus,5/6,no,
697,تمدد,verb,tmaddad,تْمَدَّد,high,stretched out / lay down,,palestinian,,consensus,5/6,no,
1988,سألني إذا بدي,frame,sa'alni iza biddi,,high,He asked me if I want to,,palestinian,,contested,5/6,yes,vowelled Arabic letters split inside the romanization bloc
724,تسلى,verb,tsalla,تْسَلَّى,high,had fun / was entertained,,palestinian,,consensus,5/6,no,
2714,تمنيك,noun,tamniik,تَمْنِيك,low,joking / kidding around,,palestinian,,contested,4/6,yes,5/6 doubt the meaning; someone in the bloc rates confidence low
1045,فراولة,noun,faraawle,فَرَاوْلِة,high,strawberry,,palestinian,,unanimous,6/6,no,
3194,معاملة,noun,mu3aamale,مُعَامَلِة,high,official application,,palestinian,,contested,4/6,yes,3/6 doubt the meaning
1761,ابعتلي فويس,formula,,,,Send me a voice note (to m.),,palestinian,,contested,3/6,yes,no two-thirds romanization
75,شوي,adverb,shwayy,شْوَيّ,high,a little / a bit,,palestinian,,unanimous,6/6,no,
398,فلت,verb,falat,فَلَت,high,escaped / got away,,palestinian,,consensus,5/6,no,
3110,مقهور,adjective,ma'huur,مَقْهُور,high,deeply disappointed,,palestinian,,contested,4/6,yes,5/6 doubt the meaning
1484,رطب,adjective,raTib,رَطِب,medium,moist / damp,,palestinian,,consensus,5/6,no,
378,شو بدي أقولك,formula,shu biddi a'ullak,شُو بِدِّي أَقُلَّك,medium,what can I say (to m.),,palestinian,,consensus,4/6,no,
2140,قرف,verb,'irif,قِرِف,medium,disgusted,,palestinian,,contested,5/6,yes,1/6 doubt the meaning
2096,الله كريم,formula,,,,God is generous (= it'll work out),,palestinian,,contested,tie/6,yes,no two-thirds romanization
2365,مخلل,noun,mkhallal,مْخَلَّل,high,pickles,,palestinian,,unanimous,6/6,no,
174,تشرين ثاني,noun,,,,November,,palestinian,,contested,3/6,yes,no two-thirds romanization
2529,شو هاظ,formula,shu haaTH,شُو هَاظ,medium,what is this (variant with ظ),,palestinian,,consensus,5/6,no,
2543,الحنفية عنا بتنقط,formula,,,,Our faucet is dripping,,palestinian,,contested,2/6,yes,no two-thirds romanization
2759,غلى,verb,ghala,غَلَى,medium,boiled,,palestinian,,consensus,4/6,no,
3040,جوز عمة,noun,jooz 3amme,جُوز عَمِّة,high,uncle (father’s sister’s husband),,palestinian,,consensus,4/6,no,
368,والله,interjection,,,,I swear / really (emphatic),,palestinian,,contested,tie/6,yes,no two-thirds romanization
14,هدولاك,pronoun,hadoolaak,هَدُولَاك,high,those,,palestinian,,consensus,5/6,no,
1908,إذا في وقت بمر عليك,frame,,,,If there's time I'll pass by (to m.),,palestinian,,contested,tie/6,yes,no two-thirds romanization
1803,خليني أساعدك,formula,khalliini asaa3dik,خَلِّينِي أَسَاعْدِك,high,Let me help you (to f.),,palestinian,,consensus,5/6,no,
1384,عنزة,noun,3anze,عَنْزِة,high,goat,,palestinian,,unanimous,6/6,no,
3189,فراطة,noun,fraaTa,فْرَاطَة,medium,change of money,,palestinian,,consensus,6/6,no,
295,يخرب بيتك,formula,yikhrib beetak,يِخْرِب بِيْتَك,high,expression of exasperation (to m.),,palestinian,,contested,4/6,yes,1/6 doubt the meaning
292,البقاء لله,formula,,,,condolences (lit: permanence is God's),,palestinian,,contested,tie/6,yes,no two-thirds romanization
1667,صنايعي,noun,Sanaay3i,صَنَايْعِي,medium,craftsman / tradesman,,palestinian,,consensus,4/6,no,
1572,موظف,noun,mwaTHTHaf,مْوَظَّف,medium,employee / civil servant,,palestinian,,consensus,4/6,no,
424,الحمد لله ماشي الحال,formula,,,,"fine, getting by",,palestinian,,contested,2/6,yes,no two-thirds romanization
2727,الله يحفظ فلسطين,formula,,,,God protect Palestine,,palestinian,,contested,2/6,yes,no two-thirds romanization
3208,مذبحة,noun,,,,massacre,,palestinian,,contested,3/6,yes,no two-thirds romanization
2313,دور,verb,dawwar,دَوَّر,high,searched / looked for,,palestinian,,unanimous,6/6,no,
860,إيد,noun,iid,إِيد,high,hand / arm,,palestinian,,consensus,5/6,no,
2094,بكرا بيطلع الصبح,formula,,,,Tomorrow the morning will come (= things will work out),,palestinian,,contested,tie/6,yes,no two-thirds romanization
255,بشوفك,formula,,,,see you (to m.),,palestinian,,contested,tie/6,yes,no two-thirds romanization
1573,موظفة,noun,mwaTHTHafe,مْوَظَّفِة,medium,employee (f.),,palestinian,,consensus,4/6,no,
735,سكت,verb,sikit,سِكِت,high,was quiet / shut up,,palestinian,,contested,4/6,yes,1/6 doubt the meaning
3166,سامع,adjective,saami3,سَامِع,high,hearing,,palestinian,,contested,4/6,yes,2/6 doubt the meaning
2226,كرامة,noun,karaame,كَرَامِة,high,dignity,,palestinian,,unanimous,6/6,no,
2283,حجز,noun,7ajz,حَجْز,high,reservation / booking,,palestinian,,consensus,5/6,no,
394,مخي وقف,formula,,,,I'm overwhelmed (lit: my brain stopped),,palestinian,,contested,3/6,yes,no two-thirds romanization
1692,فاتورة,noun,,,,receipt / bill / invoice,,palestinian,,contested,3/6,yes,no two-thirds romanization; 1/6 doubt the meaning
2818,دكتاتور,noun,,,,dictator,,palestinian,,contested,tie/6,yes,no two-thirds romanization
1290,بسكليت,noun,,,,bicycle,,palestinian,,contested,tie/6,yes,no two-thirds romanization
2838,إستعمار,noun,isti3maar,اِسْتِعْمَار,high,colonialism,,palestinian,,contested,6/6,yes,1/6 doubt the meaning
981,عمري... سنة,frame,3umri sane,عُمْرِي... سَنِة,medium,I'm ... years old,,palestinian,,consensus,4/6,no,
21,إيمتى,adverb,eemta,إِيمْتَى,high,when,,palestinian,,unanimous,6/6,no,
274,معلش,formula,ma3leesh,مَعْلِيش,medium,never mind / it's OK / sorry,,palestinian,,consensus,5/6,no,
2800,قاضي,noun,'aaDi,قَاضِي,medium,judge,,palestinian,,consensus,4/6,no,
1127,ريموت,noun,,,,remote control,,palestinian,,contested,3/6,yes,no two-thirds romanization
18,وين,adverb,ween,وِين,high,where,,palestinian,,unanimous,6/6,no,
86,ثلاثة,noun,,,,three (3),,palestinian,,contested,tie/6,yes,no two-thirds romanization
252,مع السلامة,formula,ma3 is-salaame,مَع السَّلَامِة,high,goodbye (to the one leaving),,palestinian,,unanimous,6/6,no,
2698,ثبت,verb,thabbat,ثَبَّت,medium,confirmed / fixed in place,,palestinian,,consensus,4/6,no,
1493,مستدير,adjective,mustadiir,مُسْتَدِير,high,round,,,مْدَوَّر,contested,4/6,yes,"dialect has no two-thirds, or needs a Palestinian alternative"
754,مع إنو... بس,frame,,,,even though... but,,palestinian,,contested,tie/6,yes,no two-thirds romanization
1941,ظنيت إنو,frame,,,,I thought that,,palestinian,,contested,tie/6,yes,no two-thirds romanization
791,الله لا يهينك,formula,,,,"God not disgrace you (polite request, to m.)",,palestinian,,contested,3/6,yes,no two-thirds romanization
1720,لابتوب,noun,laabtoob,لَابْتُوب,medium,laptop,,palestinian,,consensus,5/6,no,
1674,طهور,noun,,,,circumcision celebration,,palestinian,,contested,3/6,yes,no two-thirds romanization; 2/6 doubt the meaning
519,بعت,verb,ba3at,بَعَت,high,sent,,palestinian,,unanimous,6/6,no,
2774,بندق,noun,bundu',بُنْدُق,high,hazelnut,,palestinian,,consensus,5/6,no,
1190,بانيو,noun,baanyo,بَانْيُو,high,bathtub,,palestinian,,consensus,5/6,no,
1748,عطيني رقمك,formula,,,,Give me your number (to m.),,palestinian,,contested,2/6,yes,no two-thirds romanization
707,شكر,verb,shakar,شَكَر,high,thanked,,palestinian,,unanimous,6/6,no,
2640,زرع,verb,zara3,زَرَع,high,planted / farmed,,palestinian,,unanimous,6/6,no,
2953,سحاب,noun,,,,zipper,,palestinian,,contested,3/6,yes,no two-thirds romanization
2779,بطاطا مقلية,noun,baTaaTa ma'liyye,بَطَاطَا مَقْلِيِّة,high,chips,,palestinian,,contested,5/6,yes,1/6 doubt the meaning
3022,سويسرا,noun,swiisra,سْوِيسْرَا,medium,switzerland,,palestinian,,consensus,4/6,no,
2693,قاطع,verb,'aaTa3,قَاطَع,medium,interrupted,,palestinian,,contested,6/6,yes,1/6 doubt the meaning
2896,نفق,noun,nafa',نَفَق,medium,tunnel,,palestinian,,consensus,5/6,no,
1685,فلوس,noun,,,,money,,,,contested,3/6,yes,"no two-thirds romanization; dialect has no two-thirds, or needs a Palestinian alternative"
2115,شو هالحكي,formula,shu hal-7aki,شُو هَالْحَكِي,high,what kind of talk is this / nonsense,,palestinian,,unanimous,6/6,no,
2855,الشهر الماضي,noun,ish-shahr il-maaDi,الشَّهْر المَاضِي,high,last month,,palestinian,,consensus,4/6,no,
2432,الله يكرمك,formula,,,,God honor you (to m.),,palestinian,,contested,3/6,yes,no two-thirds romanization
910,بطني بتوجعني,formula,,,,my stomach hurts,,palestinian,,contested,2/6,yes,no two-thirds romanization
2341,استخبى,verb,,,,hid (oneself),,palestinian,,contested,3/6,yes,no two-thirds romanization
2271,بتقدر تحكي هلأ؟,formula,bti'dar ti7ki halla',بْتِقْدَر تِحْكِي هَلَّأ؟,high,Can you talk now? (to m.),,palestinian,,unanimous,6/6,no,
2101,عصفور بالإيد ولا عشرة ع الشجرة,formula,,,,A bird in hand is better than ten on the tree,,palestinian,,contested,tie/6,yes,no two-thirds romanization
1377,تينة,noun,tiine,تِينِة,high,fig tree,,palestinian,,contested,6/6,yes,1/6 doubt the meaning
998,دجاج,noun,djaaj,دْجَاج,medium,chicken,,palestinian,,consensus,4/6,no,
2941,غراب,noun,ghraab,غْرَاب,medium,crow,,palestinian,,consensus,4/6,no,
2836,راسمالية,noun,raasmaaliyye,رَاسْمَالِيِّة,medium,capitalism,,palestinian,,consensus,4/6,no,
1729,باسوورد,noun,,,,password,,palestinian,,contested,tie/6,yes,no two-thirds romanization
1637,تقليد,noun,ta'liid,تَقْلِيد,high,tradition,,palestinian,,contested,4/6,yes,2/6 doubt the meaning
3239,فيلم,noun,,,,film,,palestinian,,contested,3/6,yes,no two-thirds romanization
3125,غوص,noun,ghooS,غُوص,medium,diving,,palestinian,,consensus,6/6,no,
913,وين أقرب صيدلية؟,frame,ween a'rab Saydaliyye,وِين أَقْرَب صَيْدَلِيِّة؟,medium,where's the nearest pharmacy?,,palestinian,,consensus,6/6,no,
2969,عفش,noun,3afsh,عَفْش,high,furniture,,palestinian,,consensus,4/6,no,
1104,قفل,noun,,,,lock,,palestinian,,contested,2/6,yes,no two-thirds romanization
1595,لوح,noun,loo7,لُوح,high,board / whiteboard,,palestinian,,unanimous,6/6,no,
1675,سبوع,noun,,,,week-old baby celebration,,palestinian,,contested,3/6,yes,no two-thirds romanization
3128,زيتي,adjective,zeeti,زِيتِي,high,olive green,,palestinian,,unanimous,6/6,no,
1371,سهل,noun,sahl,سَهْل,high,plain / flat land,,palestinian,,consensus,4/6,no,
3231,فرقة,noun,fir'a,فِرْقَة,high,band,,palestinian,,unanimous,6/6,no,
1239,جارور,noun,,,,drawer (variant),,palestinian,,contested,tie/6,yes,no two-thirds romanization (vowel quality only)
1869,حساب مشترك,noun,7saab mushtarak,حْسَاب مُشْتَرَك,high,shared bill / split bill,,palestinian,,contested,5/6,yes,3/6 doubt the meaning
1112,كنباية,noun,kanabaaye,كَنَبَايِة,medium,couch / sofa,,palestinian,,consensus,5/6,no,
3023,تمنية وأربعين,noun,,,,"forty Eight Palestine (refers to the 1948 borders of Palestine, and Palestinians often use this when talking about the land of modern day Israel)",,palestinian,,contested,2/6,yes,no two-thirds romanization
2091,الله يستر من الجاي,formula,,,,God protect us from what's coming,,palestinian,,contested,2/6,yes,no two-thirds romanization
2995,اليمن,noun,il-yaman,اليَمَن,high,yemen,,palestinian,,unanimous,6/6,no,
590,ندم,verb,nidim,نِدِم,medium,regretted,,palestinian,,consensus,6/6,no,
2503,قلبو على لسانو,formula,'albo 3ala lsaano,,medium,he speaks his mind (lit: heart on tongue),,palestinian,,contested,5/6,yes,vowelled Arabic letters split inside the romanization bloc
54,مع إنو,conjunction,,,,even though / although,,palestinian,,contested,tie/6,yes,no two-thirds romanization
3033,سبع,noun,sab3,سَبْع,high,seven + noun,,palestinian,,consensus,4/6,no,
1375,أرض,noun,arD,أَرْض,high,land / earth,,palestinian,,unanimous,6/6,no,
2157,أريد,verb,uriid,أُرِيد,high,I want (MSA/formal),,msa,بِدِّي,consensus,6/6,yes,
2904,رقيق,adjective,ra'ii',رَقِيق,medium,delicate / gentle,,palestinian,,consensus,6/6,no,
3199,فريق,noun,farii',فَرِيق,high,team,,palestinian,,consensus,4/6,no,
1088,طازة,adjective,Taaza,طَازَة,high,fresh,,palestinian,,consensus,4/6,no,
83,وحدة,noun,wa7de,وَحْدِة,high,"one (1, f.)",,palestinian,,unanimous,6/6,no,
414,الله أعلم,formula,,,,God knows / who knows,,palestinian,,contested,3/6,yes,no two-thirds romanization
954,وقح,adjective,,,,rude / shameless,,palestinian,,contested,3/6,yes,no two-thirds romanization
2378,بتلبسي حجاب؟,formula,,,,Do you wear hijab? (to f.),,palestinian,,contested,tie/6,yes,no two-thirds romanization
555,كذب,verb,,,,lied,,palestinian,,contested,3/6,yes,no two-thirds romanization
2281,حقيبة,noun,7a'iibe,حَقِيبِة,medium,suitcase / bag,,,,contested,4/6,yes,"dialect has no two-thirds, or needs a Palestinian alternative"
2999,تركيا,noun,,,,turkey,,palestinian,,contested,3/6,yes,no two-thirds romanization
989,هم توائم,formula,,,,they're twins,,,,contested,2/6,yes,"no two-thirds romanization; dialect has no two-thirds, or needs a Palestinian alternative"
2246,ظرف,noun,THarf,ظَرْف,medium,circumstance / situation,,palestinian,,contested,5/6,yes,1/6 doubt the meaning
1200,سخن,adjective,,,,hot (food/drink),,palestinian,,contested,2/6,yes,no two-thirds romanization
2788,أكثرية,noun,aktariyye,أَكْتَرِيِّة,medium,majority,,palestinian,,consensus,4/6,no,
1390,ذبابة,noun,,,,fly (insect),,palestinian,,contested,tie/6,yes,no two-thirds romanization
1893,بقدر أساعدك,formula,ba'dar asaa3dak,بَقْدَر أَسَاعْدَك,high,I can help you (to m.),,palestinian,,unanimous,6/6,no,
2027,اللي صار بالآخر,frame,,,,What happened in the end,,palestinian,,contested,tie/6,yes,no two-thirds romanization
882,ذراع,noun,draa3,دْرَاع,medium,arm,,palestinian,,consensus,4/6,no,
2100,يا بخت من بكى وضحك,formula,,,,Lucky is he who cried then laughed,,palestinian,,contested,tie/6,yes,no two-thirds romanization; someone in the bloc rates confidence low
3160,عارف,adjective,3aarif,عَارِف,high,knowing,,palestinian,,contested,4/6,yes,2/6 doubt the meaning
1693,خصم,noun,khaSm,خَصْم,high,discount,,palestinian,,consensus,5/6,no,
2,إنت,pronoun,inta,إِنْتَ,high,you (m. sg.),,palestinian,,consensus,4/6,no,
2988,العراق,noun,il-3iraa',العِرَاق,medium,iraq,,palestinian,,consensus,5/6,no,
2336,وفق,verb,waffa',وَفَّق,medium,succeeded / reconciled,,palestinian,,contested,5/6,yes,4/6 doubt the meaning
650,صلح,verb,Salla7,صَلَّح,high,fixed / repaired,,palestinian,,consensus,5/6,no,
2973,روسيا,noun,,,,russia,,palestinian,,contested,tie/6,yes,no two-thirds romanization (vowel quality only)
2632,موجة حر,noun,,,,heat wave,,palestinian,,contested,3/6,yes,no two-thirds romanization
155,السنة الجاي,adverb,,,,next year,,palestinian,,contested,3/6,yes,no two-thirds romanization
900,إبرة,noun,ibra,إِبْرَة,high,needle / injection,,palestinian,,consensus,4/6,no,
3236,زجل,noun,zajal,زَجَل,high,poetry singing,,palestinian,,contested,6/6,yes,2/6 doubt the meaning
1680,تلاوة,noun,tilaawe,تِلَاوِة,medium,Quran recitation,,palestinian,,consensus,4/6,no,
2081,دمو بارد,formula,dammo baarid,دَمُّه بَارِد,high,He's calm/patient (lit: his blood is cold),,palestinian,,contested,4/6,yes,2/6 doubt the meaning
770,نص الليل,noun,nuSS il-leel,نُصّ اللِّيل,high,midnight,,palestinian,,unanimous,6/6,no,
1314,مقابل,preposition,,,,across from / opposite,,palestinian,,contested,3/6,yes,no two-thirds romanization
185,الساعة وربع,frame,is-saa3a w rub3,السَّاعَة وْرُبْع,high,quarter past,,palestinian,,consensus,4/6,no,
2509,على راسو بطحة,formula,3ala raaso baT7a,,medium,he's guilty (lit: he has a bump on his head),,palestinian,,contested,5/6,yes,vowelled Arabic letters split inside the romanization bloc
1821,ماشي متفقين,formula,,,,"OK, we're agreed",,palestinian,,contested,3/6,yes,no two-thirds romanization
2419,قرض,noun,'arD,قَرْض,medium,loan,,palestinian,,consensus,5/6,no,
266,يسلمو إيديكي,formula,,,,bless your hands (to f.),,palestinian,,contested,tie/6,yes,no two-thirds romanization
2362,مكسرات,noun,mkassaraat,مْكَسَّرَات,high,nuts,,palestinian,,unanimous,6/6,no,
723,استعجل,verb,ista3jal,اِسْتَعْجَل,high,hurried / was in a rush,,palestinian,,consensus,4/6,no,
2513,مش قصتي,formula,mish 'iSSti,مِش قِصَّتِي,medium,not my problem / not my business,,palestinian,,consensus,4/6,no,
3155,بطاقة بنك,noun,,,,bank card,,palestinian,,contested,tie/6,yes,no two-thirds romanization
1721,تابلت,noun,taablet,تَابْلِت,medium,tablet,,palestinian,,consensus,4/6,no,
2392,تنك,noun,tanak,تَنَك,high,tin can / metal container,,palestinian,,contested,5/6,yes,1/6 doubt the meaning
2798,مستوطنة,noun,mustawTane,مُسْتَوْطَنِة,medium,settlement,,palestinian,,consensus,6/6,no,
1295,تذكرة,noun,tazkara,تَزْكَرَة,medium,ticket,,palestinian,,consensus,4/6,no,
1695,محفظة,noun,ma7faTHa,مَحْفَظَة,medium,wallet,,,,contested,4/6,yes,"dialect has no two-thirds, or needs a Palestinian alternative"
116,ربع,noun,rub3,رُبْع,high,quarter,,palestinian,,consensus,4/6,no,
2514,الله يعوضك,formula,,,,God compensate you (to m.),,palestinian,,contested,3/6,yes,no two-thirds romanization
2666,ما شاء الله عليك,formula,,,,"Wow, good for you (to m.)",,palestinian,,contested,2/6,yes,no two-thirds romanization; 1/6 doubt the meaning
2376,هاد اللون مش ماشي,formula,haad il-loon mish maashi,هَاد اللُّون مِش مَاشِي,high,This color doesn't work,,palestinian,,unanimous,6/6,no,
982,كبير,adjective,kbiir,كْبِير,high,big / large / old (person),,palestinian,,unanimous,6/6,no,
604,فشل,verb,fishil,فِشِل,medium,failed,,palestinian,,consensus,5/6,no,
2954,خيط,noun,kheeT,خِيط,high,thread,,palestinian,,unanimous,6/6,no,
1994,الله يا لطيف شو حر,frame,,,,"Oh my, how hot it is",,palestinian,,contested,2/6,yes,no two-thirds romanization
2715,فشخة,noun,fashkha,فَشْخَة,medium,extremely (slang noun form),,palestinian,,contested,5/6,yes,3/6 doubt the meaning
1396,قرد,noun,'ird,قِرْد,high,monkey,,palestinian,,unanimous,6/6,no,
787,بعتذر,formula,,,,I apologize,,palestinian,,contested,tie/6,yes,no two-thirds romanization
134,شهر,noun,shahr,شَهْر,high,month,,palestinian,,consensus,5/6,no,
696,استلقى,verb,istalqa,اِسْتَلْقَى,medium,lay down,,msa,تْمَدَّد,consensus,5/6,yes,
1694,عرض,noun,3arD,عَرْض,high,offer / sale,,palestinian,,consensus,5/6,no,
2692,قاطعني,verb,'aaTa3ni,قَاطَعْنِي,high,He interrupted me,,palestinian,,unanimous,6/6,no,
1147,كندرة,noun,kundara,كُنْدَرَة,high,shoe,,palestinian,,consensus,5/6,no,
44,و,conjunction,w,وْ,medium,and,,palestinian,,consensus,5/6,no,
1712,باخدو,formula,baakhdo,بَاخْدُو,high,I'll take it,,palestinian,,unanimous,6/6,no,
38,فوق,preposition,foo',فُوق,high,above / on top,,palestinian,,unanimous,6/6,no,
1828,كيف تعرفتو على بعض؟,formula,,,,How did you meet each other?,,palestinian,,contested,3/6,yes,no two-thirds romanization
1069,ملعقة,noun,mal3a'a,مَلْعَقَة,medium,spoon,,palestinian,,consensus,4/6,no,
686,قص,verb,'aSS,قَصّ,high,cut (with scissors),,palestinian,,unanimous,6/6,no,
1446,طولكرم,noun,,,,Tulkarem,,palestinian,,contested,tie/6,yes,no two-thirds romanization
2007,اللي حكيتو صح,formula,illi 7akeeto Sa77,,medium,What you said is correct,,palestinian,,contested,5/6,yes,vowelled Arabic letters split inside the romanization bloc
1688,دولار,noun,doolaar,دُولَار,high,dollar,,palestinian,,consensus,5/6,no,
385,أخ,interjection,akh,أَخْ,medium,ouch / ugh,,palestinian,,consensus,4/6,no,
3134,إستثمار,noun,istithmaar,اِسْتِثْمَار,medium,investment,,palestinian,,consensus,6/6,no,
2993,كويت,noun,,,,kuwait,,palestinian,,contested,3/6,yes,no two-thirds romanization
1234,مشغل,adjective,mshaghghal,مْشَغَّل,high,turned on,,palestinian,,consensus,5/6,no,
3124,نافس,verb,naafas,نَافَس,medium,competed against,,palestinian,,consensus,6/6,no,
3034,ثمن,noun,,,,eight + noun,,palestinian,,contested,3/6,yes,no two-thirds romanization; 1/6 doubt the meaning
1344,شتا,noun,shita,شِتَا,high,rain / winter rain,,palestinian,,unanimous,6/6,no,
1496,مثلث,noun,,,,triangular,,palestinian,,contested,tie/6,yes,no two-thirds romanization; 5/6 doubt the meaning
336,لهيك,conjunction,laheek,لَهِيك,medium,that's why,,palestinian,,consensus,6/6,no,
2455,قناعة,noun,'anaa3a,قَنَاعَة,medium,contentment / conviction,,palestinian,,consensus,4/6,no,
2623,كابل,noun,kaabil,كَابِل,high,cable,,palestinian,,consensus,5/6,no,
1978,كنت بروح كل يوم,frame,kunt baruu7 kull yoom,كُنْت بَرُوح كُلّ يَوْم,high,I used to go every day,,palestinian,,consensus,4/6,no,
2277,وين بوابة رقم...؟,frame,,,,Where is gate number...?,,palestinian,,contested,tie/6,yes,no two-thirds romanization
2961,غرفة نوم,noun,ghurfet noom,غُرْفِة نُوم,high,bed room,,palestinian,,consensus,4/6,no,
1288,تاكسي,noun,,,,taxi,,palestinian,,contested,tie/6,yes,no two-thirds romanization
1858,الله يسلمك,formula,,,,"God keep you safe (reply, to m.)",,palestinian,,contested,tie/6,yes,no two-thirds romanization
1648,حكواتي,noun,7akawaati,حَكَوَاتِي,high,storyteller,,palestinian,,consensus,5/6,no,
1075,فرن,noun,furn,فُرْن,high,oven,,palestinian,,unanimous,6/6,no,
1476,مليح,adjective,,,,handsome / good-looking,,palestinian,,contested,3/6,yes,no two-thirds romanization; 5/6 doubt the meaning
829,كنة,noun,kinne,كِنَّة,high,daughter-in-law,,palestinian,,unanimous,6/6,no,
2149,ع الفاضي والمليان,formula,3al-faaDi wil-malyaan,عَ الفَاضِي وِالمَلْيَان,high,for no good reason / over nothing,,palestinian,,contested,5/6,yes,1/6 doubt the meaning
621,فرش,verb,,,,brushed (teeth),,palestinian,,contested,3/6,yes,no two-thirds romanization; 2/6 doubt the meaning
1744,رنيلي لما توصل,formula,,,,Call me when you arrive (to m.),,palestinian,,contested,3/6,yes,no two-thirds romanization
2068,اللي بيزرع بيحصد,formula,,,,You reap what you sow,,palestinian,,contested,tie/6,yes,no two-thirds romanization
32,بين,preposition,been,بِين,high,between,,palestinian,,unanimous,6/6,no,
1130,صوبة,noun,,,,heater (kerosene/portable),,palestinian,,contested,tie/6,yes,no two-thirds romanization
1813,شو بتدرسي؟,formula,,,,What do you study? (to f.),,palestinian,,contested,2/6,yes,no two-thirds romanization
2086,بالعربي,adverb,bil-3arabi,بِالعَرَبِي,high,to put it plainly (lit: in Arabic),,palestinian,,contested,6/6,yes,1/6 doubt the meaning
1669,ثقافة,noun,,,,culture,,palestinian,,contested,3/6,yes,no two-thirds romanization
1323,ع إيد الشمال,frame,3a iid ish-shmaal,عَ إِيد الشِّمَال,medium,on the left side,,palestinian,,consensus,5/6,no,
317,كلشي,pronoun,kullshi,كُلّشِي,medium,everything,,palestinian,,consensus,4/6,no,
2292,نجحت بالامتحان,formula,,,,I passed the exam,,palestinian,,contested,2/6,yes,no two-thirds romanization
1051,نسكافيه,noun,,,,instant coffee / Nescafé,,palestinian,,contested,2/6,yes,no two-thirds romanization
2426,بظن آه,formula,baTHunn aah,بَظُنّ آه,medium,I think so,,palestinian,,consensus,5/6,no,
2922,قيم,adjective,qayyim,قَيِّم,medium,worthy/precious,,palestinian,,consensus,4/6,no,
2547,تدفئة,noun,,,,heating,,palestinian,,contested,3/6,yes,no two-thirds romanization
1506,سهل,adjective,sahl,سَهْل,high,easy,,palestinian,,consensus,5/6,no,
2069,يا غايب عن العين يا غايب عن القلب,formula,ya ghaayib 3an il-3een ya ghaayib 3an il-'alb,يَا غَايِب عَن العِين يَا غَايِب عَن القَلْب,medium,"Out of sight, out of mind",,palestinian,,contested,4/6,yes,1/6 doubt the meaning
2412,عمل سكرين شوت,verb,,,,took a screenshot,,palestinian,,contested,3/6,yes,no two-thirds romanization
2466,ومن جهة ثانية,adverb,,,,and from another perspective,,palestinian,,contested,3/6,yes,no two-thirds romanization; 2/6 doubt the meaning
2830,ضم أراضي,noun,Damm araaDi,ضَمّ أَرَاضِي,medium,annexation of territory,,palestinian,,consensus,6/6,no,
805,سيدي,noun,siidi,سِيدِي,high,my grandfather,,palestinian,,unanimous,6/6,no,
2257,الله يصبرك ويقويك,formula,,,,God give you patience and strength (to m.),,palestinian,,contested,tie/6,yes,no two-thirds romanization
1135,منشفة,noun,manshafe,مَنْشَفِة,high,towel,,palestinian,,consensus,5/6,no,
493,مين ما كان,pronoun,miin ma kaan,مِين مَا كَان,high,whoever,,palestinian,,consensus,4/6,no,
819,زوجة,noun,zooje,زُوجَة,high,wife,,palestinian,,consensus,5/6,no,
2525,شلون,adverb,shloon,شْلُون,high,how (variant),,other_levantine,كِيف,consensus,6/6,yes,
2476,نتيجة لـ,preposition,natiije la,نَتِيجَة لَـ,medium,as a result of,,,,contested,6/6,yes,"dialect has no two-thirds, or needs a Palestinian alternative"
1634,ثوب مطرز,noun,toob mTarraz,تُوب مْطَرَّز,high,embroidered dress,,palestinian,,consensus,4/6,no,
1996,ما شفتوش,frame,ma shuftoosh,مَا شُفْتُوش,medium,I didn't see him (emphatic),,palestinian,,consensus,4/6,no,
1027,بندورة,noun,,,,tomato,,palestinian,,contested,3/6,yes,no two-thirds romanization
1452,قطاع غزة,noun,qiTaa3 ghazze,قِطَاع غَزَّة,medium,the Gaza Strip,,palestinian,,consensus,4/6,no,
1701,كيلو,noun,kiilo,كِيلُو,high,kilogram,,palestinian,,consensus,5/6,no,
3091,تعود,verb,t3awwad,تْعَوَّد,high,got used to,,palestinian,,consensus,5/6,no,
2564,المدير بيضغط علينا,frame,,,,The boss is pressuring us,,palestinian,,contested,3/6,yes,no two-thirds romanization
1363,عشب,noun,3ushb,عُشْب,medium,grass,,palestinian,,consensus,4/6,no,
1856,كيف الأهل؟,formula,,,,How's the family?,,palestinian,,contested,tie/6,yes,no two-thirds romanization
1636,عادة,noun,3aade,عَادِة,high,custom / habit,,palestinian,,unanimous,6/6,no,
2983,بلاد الشام,noun,bilaad ish-shaam,بِلَاد الشَّام,high,the Levant,,palestinian,,consensus,4/6,no,
1726,تطبيق,noun,taTbii',تَطْبِيق,medium,app / application,,palestinian,,consensus,4/6,no,
862,ضفر,noun,,,,fingernail,,palestinian,,contested,3/6,yes,no two-thirds romanization
254,الله معك,formula,,,,God be with you / bye (to f.),,palestinian,,contested,tie/6,yes,no two-thirds romanization
2409,أجر,verb,ajjar,أَجَّر,high,rented out / leased,,palestinian,,consensus,5/6,no,
1630,عزاء,noun,3aza,عَزَا,medium,condolences / funeral gathering,,palestinian,,consensus,5/6,no,
1139,جكيت,noun,jakeet,جَكِيت,high,jacket,,palestinian,,consensus,5/6,no,
3000,شمال أفريقيا,noun,,,,north Africa,,palestinian,,contested,3/6,yes,no two-thirds romanization
1381,حصان,noun,,,,horse,,palestinian,,contested,3/6,yes,no two-thirds romanization
1251,دكانة,noun,dukkaane,دُكَّانِة,high,shop / small store,,palestinian,,consensus,5/6,no,
2773,بامية,noun,baamye,بَامْيِة,high,okra,,palestinian,,unanimous,6/6,no,
1128,مكيف,noun,mkayyif,مْكَيِّف,medium,air conditioner,,palestinian,,consensus,4/6,no,
591,تأثر,verb,,,,was affected / moved,,palestinian,,contested,tie/6,yes,no two-thirds romanization
46,لإنو,conjunction,,,,because,,palestinian,,contested,2/6,yes,no two-thirds romanization
2802,حرب أهلية,noun,7arb ahliyye,حَرْب أَهْلِيَّة,high,civil war,,palestinian,,consensus,5/6,no,
2828,قبيلة,noun,,,,tribe,,palestinian,,contested,tie/6,yes,no two-thirds romanization; someone in the bloc rates confidence low
2145,راحت علي,formula,raa7at 3alayy,رَاحَت عَلَيّ,medium,I missed my chance / it's over for me,,palestinian,,consensus,6/6,no,
3216,الأمم المتحدة,noun,,,,united Nations,,palestinian,,contested,tie/6,yes,no two-thirds romanization
2620,سبيكر,noun,,,,speaker,,palestinian,,contested,tie/6,yes,no two-thirds romanization
1297,بنزين,noun,banziin,بَنْزِين,high,gasoline / petrol,,palestinian,,unanimous,6/6,no,
466,مثلا,adverb,masalan,مَسَلًا,medium,for example,,palestinian,,consensus,4/6,no,
1797,قبل الأكل ولا بعدو؟,formula,,,,Before or after eating?,,palestinian,,contested,tie/6,yes,no two-thirds romanization
2990,المكسيك,noun,il-maksiik,المَكْسِيك,high,mexico,,palestinian,,consensus,5/6,no,
2487,كلمة حق,noun,,,,a word of truth,,palestinian,,contested,tie/6,yes,no two-thirds romanization
209,بينما,conjunction,,,,while,,msa,,contested,3/6,yes,"no two-thirds romanization; dialect has no two-thirds, or needs a Palestinian alternative"
3205,جايزة,noun,jaayze,جَايْزِة,high,prize / award,yes,palestinian,,consensus,5/6,yes,meaning fix has two-thirds support
851,عين,noun,3een,عِين,high,eye,,palestinian,,unanimous,6/6,no,
2174,وين,adverb,ween,وِين,high,where (dialect),,palestinian,,unanimous,6/6,no,
1760,فويس نوت,noun,,,,voice note,,palestinian,,contested,3/6,yes,no two-thirds romanization
2488,ضرب عصفورين بحجر,verb,,,,killed two birds with one stone,,palestinian,,contested,3/6,yes,no two-thirds romanization
1713,بتقبلو كاش بس؟,frame,bti'balu kaash bass,بْتِقْبَلُوا كَاش بَسّ؟,medium,Do you accept cash only? (to pl.),,palestinian,,consensus,4/6,no,
671,تحسن,verb,t7assan,تْحَسَّن,high,improved / got better,,palestinian,,consensus,5/6,no,
681,سحب,verb,sa7ab,سَحَب,high,pulled,,palestinian,,unanimous,6/6,no,
568,توقع,verb,twa''a3,تْوَقَّع,medium,expected,,palestinian,,consensus,5/6,no,
1149,شراب,noun,sharaab,شَرَاب,high,socks,,palestinian,,contested,4/6,yes,2/6 doubt the meaning
2937,نسر,noun,nisr,نِسْر,high,eagle,,palestinian,,consensus,5/6,no,
2429,إن شاء الله خير,formula,,,,hopefully it's good (worried response),,palestinian,,contested,2/6,yes,no two-thirds romanization
373,بتعرف شو,formula,bti3raf shu,بْتِعْرَف شُو,high,you know what (to m.),,palestinian,,consensus,4/6,no,
2932,تطوع,verb,tTawwa3,تْطَوَّع,medium,volunteered,,palestinian,,consensus,4/6,no,
2527,كيفك يا قلبي (خليلي),formula,,,,how are you my heart (Hebron style),,palestinian,,contested,3/6,yes,no two-thirds romanization; 2/6 doubt the meaning
282,الله يعطيك العافية,formula,,,,God give you strength (to m.),,palestinian,,contested,3/6,yes,no two-thirds romanization
1222,إيجار,noun,iijaar,إِيجَار,high,rent,,palestinian,,unanimous,6/6,no,
3019,بلاندا,noun,,,,poland,,palestinian,,contested,3/6,yes,no two-thirds romanization; 1/6 doubt the meaning
1146,بجامة,noun,bijaame,بِجَامِة,medium,pajamas,,palestinian,,consensus,4/6,no,
2861,شارب,noun,shaarib,شَارِب,high,mustache,,palestinian,,consensus,6/6,no,
2372,جوز,noun,jooz,جُوز,high,walnuts,,palestinian,,consensus,5/6,no,
1646,صلحة,noun,Sul7a,صُلْحَة,medium,reconciliation / tribal peace,,palestinian,,consensus,6/6,no,
2998,بحرين,noun,ba7reen,بَحْرِين,medium,bahrain,,palestinian,,consensus,5/6,no,
2671,يعطيك العافية يا معلم,formula,,,,"God bless you, boss",,palestinian,,contested,3/6,yes,no two-thirds romanization; 2/6 doubt the meaning
2542,رجعتلي الطنجرة؟,formula,,,,Did you return my pot? (to f.),,palestinian,,contested,tie/6,yes,no two-thirds romanization
1159,جيبة,noun,jeebe,جِيبِة,medium,pocket,,palestinian,,contested,5/6,yes,1/6 doubt the meaning
47,عشان,conjunction,3ashaan,عَشَان,high,because / in order to,,palestinian,,unanimous,6/6,no,
753,لا... ولا,conjunction,la wala,لَا... وَلَا,medium,neither... nor,,palestinian,,consensus,5/6,no,
2970,محبس,noun,ma7bas,مَحْبَس,medium,valve,,palestinian,,contested,6/6,yes,1/6 doubt the meaning
1391,ناموسة,noun,naamuuse,نَامُوسِة,high,mosquito,,palestinian,,consensus,4/6,no,
1661,خبرة,noun,khibra,خِبْرَة,high,experience,,palestinian,,consensus,5/6,no,
3117,كرة قدم,noun,,,,football,,palestinian,,contested,3/6,yes,no two-thirds romanization
2665,لا حول الله,formula,,,,Oh my God (distress),,palestinian,,contested,tie/6,yes,no two-thirds romanization; 2/6 doubt the meaning
2099,الطيور على أشكالها تقع,formula,,,,Birds of a feather flock together,,palestinian,,contested,2/6,yes,no two-thirds romanization
335,عشان هيك,conjunction,3ashaan heek,عَشَان هِيك,high,that's why / therefore,,palestinian,,unanimous,6/6,no,
641,نظف,verb,naDDaf,نَضَّف,high,cleaned,,palestinian,,consensus,4/6,no,
836,زلمة,noun,zalame,زَلَمِة,high,man / guy,,palestinian,,unanimous,6/6,no,
2250,الله يتمملك على خير,formula,,,,May God complete it well for you (to m.),,palestinian,,contested,2/6,yes,no two-thirds romanization
3140,إستهلاك,noun,istihlaak,اِسْتِهْلَاك,high,consumption,,palestinian,,unanimous,6/6,no,
3175,قنينة,noun,'anniine,قَنِّينِة,medium,bottle,,palestinian,,consensus,5/6,no,
2258,الفاتحة,noun,il-faat7a,الفَاتْحَة,medium,"the opening (Quran chapter, recited for deceased)",,palestinian,,consensus,4/6,no,
189,متأخر,adjective,mit'akhkher,مِتْأَخِّر,high,late,,palestinian,,unanimous,6/6,no,
3069,حقود,adjective,7a'uud,حَقُود,medium,spiteful,,palestinian,,consensus,4/6,no,
2616,خليني أتأكد,frame,khalliini at'akkad,خَلِّينِي أَتْأَكَّد,high,Let me make sure,,palestinian,,unanimous,6/6,no,
42,حوالين,preposition,7awaaleen,حَوَالِين,high,around,,palestinian,,consensus,5/6,no,
598,تخانق,verb,tkhaana',تْخَانَق,high,fought / argued,,palestinian,,unanimous,6/6,no,
2789,أقلية,noun,aqalliyye,أَقَلِّيَّة,medium,minority,,palestinian,,consensus,4/6,no,
477,زوج,noun,zooj,زُوج,medium,pair / couple,,palestinian,,contested,5/6,yes,1/6 doubt the meaning
2890,سينما,noun,siinama,سِينَمَا,medium,cinema,,palestinian,,consensus,4/6,no,
2460,نقطة قوة,noun,,,,strong point / strength,,palestinian,,contested,tie/6,yes,no two-thirds romanization
2187,نتيجة,noun,natiije,نَتِيجِة,high,result / consequence,,palestinian,,unanimous,6/6,no,
1102,شباك,noun,shubbaak,شُبَّاك,high,window,,palestinian,,consensus,5/6,no,
926,متفاجئ,adjective,mitfaaji',مِتْفَاجِئ,medium,surprised (m.),,palestinian,,consensus,5/6,no,
471,بإذن الله,formula,,,,God willing (formal),,palestinian,,contested,tie/6,yes,no two-thirds romanization
2916,حديث,adjective,7adiith,حَدِيث,medium,modern,,palestinian,,consensus,4/6,no,
3198,واجهة,noun,waajhe,وَاجْهَة,medium,store window,,palestinian,,contested,6/6,yes,2/6 doubt the meaning
354,طالما,conjunction,Taalama,طَالَمَا,medium,as long as,,palestinian,,consensus,4/6,no,
848,راس,noun,raas,رَاس,high,head,,palestinian,,unanimous,6/6,no,
2668,يا عيب الشوم,formula,ya 3eeb ish-shoom,يَا عِيب الشُّوم,high,How shameful,,palestinian,,consensus,4/6,no,
2923,ممثل,noun,,,,actor,,palestinian,,contested,3/6,yes,no two-thirds romanization
1022,فتوش,noun,,,,fattoush (bread salad),,palestinian,,contested,3/6,yes,no two-thirds romanization
1944,لا تروح,frame,la truu7,لَا تْرُوح,high,Don't go (to m.),,palestinian,,consensus,5/6,no,
1750,شو الباسوورد؟,formula,,,,What's the password?,,palestinian,,contested,tie/6,yes,no two-thirds romanization
280,إن شاء الله,formula,,,,God willing / hopefully,,palestinian,,contested,2/6,yes,no two-thirds romanization
2575,كاني ما حكيت,formula,,,,As if I didn't say anything,,palestinian,,contested,tie/6,yes,no two-thirds romanization
1683,صدقة,noun,Sada'a,صَدَقَة,medium,charity,,palestinian,,consensus,5/6,no,
1622,أذان,noun,,,,call to prayer,,palestinian,,contested,3/6,yes,no two-thirds romanization
2981,فرنسا,noun,faransa,فَرَنْسَا,high,france,,palestinian,,consensus,5/6,no,
2152,زنخ,adjective,,,,lame / boring / cringe,,palestinian,,contested,3/6,yes,no two-thirds romanization; 1/6 doubt the meaning
875,معدة,noun,mi3de,مِعْدِة,high,stomach (organ),,palestinian,,consensus,5/6,no,
894,كحة,noun,,,,cough,,palestinian,,contested,3/6,yes,no two-thirds romanization
2393,قفة,noun,'uffe,قُفَّة,medium,basket / crate,,palestinian,,consensus,6/6,no,
1366,رمل,noun,raml,رَمْل,high,sand,,palestinian,,consensus,4/6,no,
1740,آلو,formula,,,,hello (on phone),,palestinian,,contested,3/6,yes,no two-thirds romanization
2032,كانك ما حكيت,formula,,,,You should have kept quiet (to m.),,palestinian,,contested,tie/6,yes,no two-thirds romanization; 3/6 doubt the meaning
1627,دعاء,noun,du3a,دُعَا,high,supplication / prayer,,palestinian,,consensus,4/6,no,
2486,اللي بيحبك بيحب كلبك,formula,illi bi7ibbak bi7ibb kalbak,,medium,Who loves you loves your dog,,palestinian,,contested,4/6,yes,vowelled Arabic letters split inside the romanization bloc
2146,خلص علي,formula,khalaS 3alayy,خَلَص عَلَيّ,low,I'm done for / it's over,,palestinian,,contested,4/6,yes,1/6 doubt the meaning; someone in the bloc rates confidence low
741,فلت,verb,,,,escaped / slipped away,,palestinian,,contested,tie/6,yes,no two-thirds romanization
3146,محافظ,noun,,,,conservative,,palestinian,,contested,3/6,yes,no two-thirds romanization
1671,هوية,noun,hawiyye,هَوِيَّة,high,identity / ID card,,palestinian,,consensus,5/6,no,
1979,كانو بيلعبو برا,frame,,,,They used to play outside,,palestinian,,contested,3/6,yes,no two-thirds romanization
3126,ملاكمة,noun,mulaakame,مُلَاكَمِة,medium,boxing,,palestinian,,consensus,6/6,no,
2979,أروبا,noun,,,,europe,,palestinian,,contested,tie/6,yes,no two-thirds romanization
3174,سلم,verb,sallam,سَلَّم,high,greeted,,palestinian,,unanimous,6/6,no,
1759,غروب,noun,,,,group chat,,palestinian,,contested,3/6,yes,no two-thirds romanization
2264,الله يوفقك بالشغل,formula,,,,God grant you success at work (to m.),,palestinian,,contested,tie/6,yes,no two-thirds romanization
320,غير,adjective,gheer,غِير,high,other / different,,palestinian,,unanimous,6/6,no,
780,وحشتني,formula,,,,I missed you (to f.),,,,contested,tie/6,yes,"no two-thirds romanization; dialect has no two-thirds, or needs a Palestinian alternative"
351,يعني بمعنى ثاني,adverb,,,,in other words,,palestinian,,contested,3/6,yes,no two-thirds romanization
1287,سرفيس,noun,,,,shared taxi / minibus,,palestinian,,contested,3/6,yes,no two-thirds romanization
399,طق,verb,Ta'',طَقّ,medium,went / hit (slang),,palestinian,,contested,4/6,yes,4/6 doubt the meaning
2862,جبين,noun,jbiin,جْبِين,medium,forehead,,palestinian,,consensus,4/6,no,
3206,تحقيق,noun,,,,investigation,,palestinian,,contested,tie/6,yes,no two-thirds romanization
1292,أمبولانس,noun,,,,ambulance,,palestinian,,contested,3/6,yes,no two-thirds romanization
1070,شوكة,noun,shooke,شُوكِة,high,fork,,palestinian,,consensus,5/6,no,
2222,موت,noun,moot,مُوت,high,death,,palestinian,,unanimous,6/6,no,
1457,نكبة,noun,nakbe,نَكْبَة,high,catastrophe / Nakba,,palestinian,,consensus,5/6,no,
1479,ضعيف,adjective,Da3iif,ضَعِيف,high,weak,,palestinian,,consensus,4/6,no,
1837,اتصلو ع الشرطة,formula,ittaSlu 3ash-shurTa,اِتَّصْلُوا عَ الشُّرْطَة,medium,Call the police (to pl.),,palestinian,,consensus,4/6,no,
1113,خزانة,noun,,,,closet / wardrobe,,palestinian,,contested,tie/6,yes,no two-thirds romanization
306,الحمد لله ع السلامة,formula,il-7amdilla 3as-salaame,,high,thank God for your safe arrival,,palestinian,,contested,4/6,yes,vowelled Arabic letters split inside the romanization bloc
642,كنس,verb,kanas,كَنَس,high,swept,,palestinian,,unanimous,6/6,no,
1038,موز,noun,mooz,مُوز,high,banana,,palestinian,,unanimous,6/6,no,
324,هي,particle,hayy,هَيّ,low,here it is (f.) / this is,,palestinian,,contested,5/6,yes,1/6 doubt the meaning; someone in the bloc rates confidence low
2839,واقع,noun,,,,reality,,palestinian,,contested,3/6,yes,no two-thirds romanization
3103,نعسان,adjective,na3saan,نَعْسَان,high,sleepy,,palestinian,,unanimous,6/6,no,
827,نسيب,noun,,,,in-law (relative by marriage),,palestinian,,contested,3/6,yes,no two-thirds romanization
1383,غنمة,noun,ghaname,غَنَمِة,medium,sheep,,palestinian,,consensus,4/6,no,
1378,كلب,noun,kalb,كَلْب,high,dog,,palestinian,,unanimous,6/6,no,
937,طيب,adjective,Tayyib,طَيِّب,high,kind / good-hearted,,palestinian,,consensus,5/6,no,
3118,سباحة,noun,sibaa7a,سِبَاحَة,high,swimming,,palestinian,,consensus,4/6,no,
3063,فضولي,adjective,fuDuuli,فُضُولِي,high,curious,,palestinian,,contested,5/6,yes,3/6 doubt the meaning
2350,سناني بتوجعني,frame,,,,My teeth hurt,,palestinian,,contested,tie/6,yes,no two-thirds romanization
508,أعطى,verb,a3Ta,أَعْطَى,high,gave,,palestinian,,unanimous,6/6,no,
187,الساعة وعشرة,frame,,,,ten past,,palestinian,,contested,3/6,yes,no two-thirds romanization; 1/6 doubt the meaning
3212,طلقة نارية,noun,Tal'a naariyye,طَلْقَة نَارِيَّة,medium,shooting,,palestinian,,contested,5/6,yes,6/6 doubt the meaning
219,شو الوقت؟,formula,shu il-wa't,شُو الوَقْت؟,medium,What time is it? (casual),,palestinian,,consensus,6/6,no,
750,بيناتهم,preposition,,,,between them / among themselves,,palestinian,,contested,tie/6,yes,no two-thirds romanization
202,من وقت لوقت,adverb,min wa't la-wa't,مِن وَقْت لَوَقْت,high,from time to time,,palestinian,,consensus,5/6,no,
1229,وسخ,adjective,wisikh,وِسِخ,high,dirty,,palestinian,,consensus,5/6,no,
783,خليك بخير,formula,,,,"stay well (farewell, to m.)",,palestinian,,contested,tie/6,yes,no two-thirds romanization
2109,هيك الدنيا,formula,heek id-dinya,هِيك الدِّنْيَا,high,That's life / that's how it is,,palestinian,,unanimous,6/6,no,
1194,سلك,noun,silk,سِلْك,medium,wire / cable,,palestinian,,consensus,5/6,no,
387,أوف,interjection,,,,ugh / sigh,,,,contested,tie/6,yes,"no two-thirds romanization; dialect has no two-thirds, or needs a Palestinian alternative"
3052,تبني,noun,tabanni,تَبَنِّي,medium,adoption,,palestinian,,consensus,6/6,no,
1090,ني,adjective,nayy,نَيّ,high,raw / uncooked,,palestinian,,consensus,4/6,no,
462,ع الأقل,adverb,,,,at least,,palestinian,,contested,3/6,yes,no two-thirds romanization
853,منخار,noun,minkhaar,مِنْخَار,high,nose,,palestinian,,consensus,5/6,no,
767,عتمة,noun,3atme,عَتْمِة,high,darkness / late night,,palestinian,,consensus,5/6,no,
2752,فاصوليا,noun,,,,green beans,,palestinian,,contested,3/6,yes,no two-thirds romanization; 4/6 doubt the meaning
2841,مساواة,noun,musaawaa,مُسَاوَاة,medium,equality,,palestinian,,consensus,4/6,no,
1605,ألف با,noun,alif baa,أَلِف بَا,medium,alphabet / ABCs,,palestinian,,consensus,5/6,no,
822,خطيبة,noun,khaTiibe,خَطِيبِة,high,fiancée,,palestinian,,consensus,5/6,no,
2095,ما بيصير إلا الخير,formula,,,,Only good things will happen (= don't worry),,palestinian,,contested,2/6,yes,no two-thirds romanization
2621,بلوتوث,noun,bluutuuth,بْلُوتُوث,medium,Bluetooth,,palestinian,,consensus,4/6,no,
2741,هيل,noun,heel,هِيل,high,cardamon,,palestinian,,contested,6/6,yes,2/6 doubt the meaning
2403,عملت حادث,formula,,,,I had an accident,,palestinian,,contested,tie/6,yes,no two-thirds romanization
1814,بأي جامعة؟,formula,,,,At which university?,,palestinian,,contested,tie/6,yes,no two-thirds romanization
1638,ضيافة,noun,,,,hospitality,,palestinian,,contested,tie/6,yes,no two-thirds romanization
104,ثلاثين,noun,talaatiin,تَلَاتِين,high,thirty (30),,palestinian,,consensus,5/6,no,
2102,اللي بيحفر حفرة لأخوه بيقع فيها,formula,,,,He who digs a pit for his brother falls in it,,palestinian,,contested,tie/6,yes,no two-thirds romanization
1131,مروحة,noun,marwa7a,مَرْوَحَة,high,fan,,palestinian,,unanimous,6/6,no,
158,يوم الإتنين,noun,,,,Monday,,palestinian,,contested,3/6,yes,no two-thirds romanization
3238,مهرجان,noun,mahrajaan,مَهْرَجَان,high,festival,,palestinian,,consensus,5/6,no,
304,الله يستر,formula,,,,God protect us,,palestinian,,contested,3/6,yes,no two-thirds romanization; 1/6 doubt the meaning
999,سمك,noun,samak,سَمَك,high,fish,,palestinian,,unanimous,6/6,no,
1245,رصيف,noun,raSiif,رَصِيف,high,sidewalk,,palestinian,,consensus,4/6,no,
3173,ليرة,noun,liira,لِيرَة,high,lira (singular),,palestinian,,consensus,4/6,no,
2577,بتعرف تسوق؟,frame,,,,Do you know how to drive? (to m.),,palestinian,,contested,tie/6,yes,no two-thirds romanization
1456,حق العودة,noun,7a'' il-3awde,حَقّ العَوْدِة,medium,the right of return,,palestinian,,consensus,4/6,no,
1224,مستأجر,noun,mista'jir,مِسْتَأْجِر,medium,tenant,,palestinian,,consensus,5/6,no,
1094,أوضة الأكل,noun,,,,dining room,,palestinian,,contested,2/6,yes,no two-thirds romanization
214,آخر الأسبوع,noun,aakhir il-'usbuu3,آخِر الأُسْبُوع,high,weekend,,palestinian,,consensus,4/6,no,
2364,معجنات,noun,,,,pastries / baked goods,,palestinian,,contested,3/6,yes,no two-thirds romanization
2683,الله كبير,formula,allah kbiir,,high,God is great (= it'll work out),,palestinian,,contested,4/6,yes,vowelled Arabic letters split inside the romanization bloc
2483,الله يعيني,formula,,,,God help me,,palestinian,,contested,3/6,yes,no two-thirds romanization
1785,من هون لـ... بقديش؟,frame,,,,"From here to..., how much?",,palestinian,,contested,3/6,yes,no two-thirds romanization
1317,وين الـ...؟,frame,,,,Where is the...?,,palestinian,,contested,tie/6,yes,no two-thirds romanization
334,بالآخر,adverb,,,,in the end / finally,,palestinian,,contested,3/6,yes,no two-thirds romanization
2978,الجزائر,noun,il-jazaa'ir,الجَزَائِر,high,algeria,,palestinian,,consensus,5/6,no,
151,هالأسبوع,adverb,hal-'usbuu3,هَالْأُسْبُوع,high,this week,,palestinian,,consensus,5/6,no,
1811,وين بتشتغل؟,formula,ween btishtighil,وِين بْتِشْتِغِل؟,high,Where do you work? (to m.),,palestinian,,consensus,5/6,no,
2694,علق,verb,3alla',عَلَّق,high,commented,,palestinian,,contested,6/6,yes,2/6 doubt the meaning
146,بعدين,adverb,ba3deen,بَعْدِين,high,later / then / after that,,palestinian,,unanimous,6/6,no,
1513,مشغول,adjective,mashghuul,مَشْغُول,high,busy,,palestinian,,unanimous,6/6,no,
2697,شجع,verb,shajja3,شَجَّع,high,encouraged,,palestinian,,unanimous,6/6,no,
729,حضر,verb,7aDar,حَضَر,medium,attended / was present,,palestinian,,consensus,5/6,no,
2370,لوز,noun,looz,لُوز,high,almonds,,palestinian,,unanimous,6/6,no,
1191,تواليت,noun,twaaleet,تْوَالِيت,medium,toilet,,palestinian,,consensus,6/6,no,
2686,فضفض,verb,faDfaD,فَضْفَض,high,vented / let it out,,palestinian,,unanimous,6/6,no,
1851,تعالو عنا,formula,ta3aalu 3inna,,high,Come to our place (to pl.),,palestinian,,contested,5/6,yes,vowelled Arabic letters split inside the romanization bloc
1199,بارد,adjective,baarid,بَارِد,high,cold (food/drink),,palestinian,,unanimous,6/6,no,
2298,ثانوية,noun,,,,high school,,palestinian,,contested,tie/6,yes,no two-thirds romanization
344,غير هيك,adverb,gheer heek,غِير هِيك,high,besides that / other than that,,palestinian,,unanimous,6/6,no,
1033,باذنجان,noun,,,,eggplant,,palestinian,,contested,2/6,yes,no two-thirds romanization
1058,قرفة,noun,'irfe,قِرْفِة,high,cinnamon,,palestinian,,unanimous,6/6,no,
902,ضماد,noun,Dmaad,ضْمَاد,medium,bandage,,palestinian,,consensus,4/6,no,
36,إلـ,preposition,,,,to / for (possession),,palestinian,,contested,tie/6,yes,no two-thirds romanization; someone in the bloc rates confidence low
2534,بدي أصبغ شعري,frame,biddi aSbugh sha3ri,بِدِّي أَصْبُغ شَعْرِي,high,I want to dye my hair,,palestinian,,consensus,4/6,no,
867,ركبة,noun,rukbe,رُكْبِة,high,knee,,palestinian,,unanimous,6/6,no,
1408,عاصفة,noun,3aaSfe,عَاصْفِة,medium,storm,,palestinian,,consensus,6/6,no,
2822,حكم,verb,7akam,حَكَم,high,governed / ruled over,,palestinian,,unanimous,6/6,no,
1824,ما بقدر ألحق,formula,ma ba'dar al7a',مَا بَقْدَر أَلْحَق,high,I can't make it (in time),,palestinian,,consensus,4/6,no,
259,روح بالسلامة,formula,ruu7 bis-salaame,رُوح بِالسَّلَامِة,high,go safely (to m.),,palestinian,,consensus,5/6,no,
3027,قاموس,noun,'aamuus,قَامُوس,medium,dictionary,,palestinian,,consensus,4/6,no,
1528,رخيص,adjective,rkhiiS,رْخِيص,high,cheap / inexpensive,,palestinian,,consensus,4/6,no,
1414,الدنيا برد,frame,id-dinya bard,الدِّنْيَا بَرْد,high,It's cold out,,palestinian,,unanimous,6/6,no,
2405,بدي أعبي بنزين,formula,biddi a3abbi banziin,بِدِّي أَعَبِّي بَنْزِين,high,I need to fill up gas,,palestinian,,consensus,5/6,no,
2678,بتعملها ولا لأ؟,formula,,,,Are you going to do it or not? (to m.),,palestinian,,contested,3/6,yes,no two-thirds romanization
859,كتف,noun,kitif,كِتِف,high,shoulder,,palestinian,,consensus,5/6,no,
1770,على بعض ولا كل واحد لحالو؟,formula,,,,Together or separate? (bill),,palestinian,,contested,3/6,yes,no two-thirds romanization
1385,دجاجة,noun,jaaje,جَاجِة,medium,chicken (one),,palestinian,,consensus,4/6,no,
2604,بغض النظر عن هاد,frame,,,,Regardless of this,,palestinian,,contested,tie/6,yes,no two-thirds romanization
2891,كنيس,noun,kniis,كْنِيس,medium,synagogue,,palestinian,,consensus,4/6,no,
1307,مشوار,noun,mishwaar,مِشْوَار,high,trip / errand / outing,,palestinian,,unanimous,6/6,no,
2004,بالمرة ما بيعرف,frame,,,,He doesn't know at all,,palestinian,,contested,tie/6,yes,no two-thirds romanization
233,مرحبتين,formula,mar7abteen,مَرْحَبْتِين,high,double hello (warm reply),,palestinian,,consensus,5/6,no,
1413,هاد اليوم حلو,formula,haad il-yoom 7ilu,هَاد اليُوم حِلُو,high,It's a nice day today,,palestinian,,contested,5/6,yes,1/6 doubt the meaning
1411,درجة,noun,daraje,دَرَجِة,high,degree (temperature),,palestinian,,unanimous,6/6,no,
1649,مثل,noun,,,,proverb / saying,,palestinian,,contested,3/6,yes,no two-thirds romanization
1032,كوسا,noun,,,,zucchini,,palestinian,,contested,tie/6,yes,no two-thirds romanization (vowel quality only)
786,يلا أنا رايحة,formula,yalla ana raay7a,يَلَّا أَنَا رَايْحَة,high,alright I'm heading out (f.),,palestinian,,unanimous,6/6,no,
2528,مو,particle,muu,مُو,high,not (northern variant),,other_levantine,مِش,consensus,5/6,yes,
1918,حتى نخلص بكير,frame,,,,so we finish early,,palestinian,,contested,tie/6,yes,no two-thirds romanization
3030,أربع,noun,arba3,أَرْبَع,high,four + noun,,palestinian,,unanimous,6/6,no,
2005,اللي بيعرف بيعرف,formula,,,,"Those who know, know",,palestinian,,contested,2/6,yes,no two-thirds romanization
1039,برتقال,noun,,,,orange (fruit),,palestinian,,contested,2/6,yes,no two-thirds romanization
3232,آلة,noun,aale,آلِة,medium,instrument,,palestinian,,contested,5/6,yes,3/6 doubt the meaning
2823,ثار,verb,thaar,ثَار,medium,rebelled against,,palestinian,,contested,6/6,yes,1/6 doubt the meaning
2421,فاتورة الكهربا,noun,,,,electricity bill,,palestinian,,contested,3/6,yes,no two-thirds romanization
451,هاد من ذوقك,formula,haad min zoo'ak,هَاد مِنْ زُوقَك,medium,that's kind of you (to m.),,palestinian,,consensus,4/6,no,
2772,بازيلا,noun,,,,peas,,palestinian,,contested,2/6,yes,no two-thirds romanization; someone in the bloc rates confidence low
1965,رح يكون في حفلة,frame,ra7 ykuun fii 7afle,رَحْ يْكُون فِي حَفْلِة,high,There will be a party,,palestinian,,consensus,5/6,no,
1185,ميكرويف,noun,,,,microwave,,palestinian,,contested,2/6,yes,no two-thirds romanization
132,يوم,noun,yoom,يَوْم,high,day,,palestinian,,unanimous,6/6,no,
1352,رطوبة,noun,ruTuube,رُطُوبِة,high,humidity,,palestinian,,consensus,4/6,no,
3106,مرشح,adjective,mrashsha7,مْرَشَّح,high,have a cold,,palestinian,,contested,5/6,yes,1/6 doubt the meaning
1780,بدي أحجز طاولة,frame,biddi a7jiz Taawle,بِدِّي أَحْجِز طَاوْلِة,high,I'd like to reserve a table,,palestinian,,unanimous,6/6,no,
1987,ما بعرف إذا بيجي,frame,,,,I don't know if he's coming,,palestinian,,contested,tie/6,yes,no two-thirds romanization
2253,الله يخليلك إياه,formula,,,,"God keep him for you (about baby, to m.)",,palestinian,,contested,tie/6,yes,no two-thirds romanization
2135,تنيك,verb,tnayyak,تْنَيَّك,medium,messed around / joked around,,palestinian,,contested,5/6,yes,5/6 doubt the meaning
610,اعترض,verb,i3taraD,اِعْتَرَض,high,objected,,palestinian,,unanimous,6/6,no,
391,تقيل دم,adjective,t'iil damm,تْقِيل دَمّ,high,annoying person (lit: heavy blood),,palestinian,,unanimous,6/6,no,
2845,إتفاقية,noun,ittifaa'iyye,اِتِّفَاقِيِّة,medium,agreement,,palestinian,,consensus,6/6,no,
1072,صينية,noun,Siiniyye,صِينِيِّة,high,tray / baking pan,,palestinian,,unanimous,6/6,no,
1341,غيم,noun,gheem,غِيم,high,clouds,,palestinian,,unanimous,6/6,no,
956,جريء,adjective,jarii',جَرِيء,medium,bold / brave,,palestinian,,consensus,6/6,no,
717,غضب,verb,,,,got angry,,msa,,contested,3/6,yes,"no two-thirds romanization; dialect has no two-thirds, or needs a Palestinian alternative"
2888,مسرح,noun,masra7,مَسْرَح,high,theater,,palestinian,,unanimous,6/6,no,
2892,قصر,noun,'aSr,قَصْر,medium,palace,,palestinian,,consensus,4/6,no,
2124,أسطوري,adjective,usTuuri,أُسْطُورِي,high,legendary,,palestinian,,unanimous,6/6,no,
1221,كراج,noun,karaaj,كَرَاج,high,garage,,palestinian,,contested,4/6,yes,1/6 doubt the meaning
3061,عدواني,adjective,3udwaani,عُدْوَانِي,medium,aggressive / hostile,,palestinian,,consensus,5/6,no,
1201,لذيذ,adjective,,,,delicious,,,,contested,tie/6,yes,"no two-thirds romanization; dialect has no two-thirds, or needs a Palestinian alternative"
2398,شاكوش,noun,shaakuush,شَاكُوش,high,hammer,,palestinian,,consensus,5/6,no,
2045,بتتفق معي؟,formula,btittifi' ma3i,بْتِتِّفِق مَعِي؟,medium,Do you agree with me? (to m.),,palestinian,,consensus,4/6,no,
2424,متأكد؟,formula,mit'akkid,مِتْأَكِّد؟,high,Are you sure? (to m.),,palestinian,,consensus,4/6,no,
3159,جاي,adjective,jaay,جَاي,high,coming,,palestinian,,unanimous,6/6,no,
2304,بدي أستقيل,frame,biddi asta'iil,بِدِّي أَسْتَقِيل,medium,I want to resign,,palestinian,,consensus,5/6,no,
2369,تمر,noun,tamr,تَمْر,medium,dates (fruit),,palestinian,,consensus,5/6,no,
2430,الله يسهل,formula,,,,God make it easy,,palestinian,,contested,3/6,yes,no two-thirds romanization
2578,بتقدر تعلمني؟,formula,bti'dar t3allimni,بْتِقْدَر تْعَلِّمْنِي؟,high,Can you teach me? (to m.),,palestinian,,consensus,5/6,no,
2936,فراشة,noun,faraashe,فَرَاشِة,high,butterfly,,palestinian,,consensus,5/6,no,
1686,شيكل,noun,sheekel,شِيكِل,medium,shekel (currency),,palestinian,,consensus,4/6,no,
715,بكى,verb,baka,بَكَى,high,cried,,palestinian,,consensus,5/6,no,
2300,حصة رياضة,noun,7iSSit riyaaDa,,high,gym class / PE,,palestinian,,contested,5/6,yes,vowelled Arabic letters split inside the romanization bloc
1170,رمادي,adjective,rmaadi,رْمَادِي,high,gray,,palestinian,,consensus,4/6,no,
2051,بالمقابل,adverb,bil-mu'aabil,بِالمُقَابِل,medium,on the other hand / in return,,palestinian,,consensus,5/6,no,
1023,كنافة,noun,knaafe,كْنَافِة,high,knafeh (cheese pastry dessert),,palestinian,,unanimous,6/6,no,
2943,ثعلب,noun,ta3lab,تَعْلَب,medium,fox,,palestinian,,consensus,5/6,no,
1782,قديش بتاخد ع...؟,frame,'addeesh btaakhud 3a,قَدِّيش بْتاخُد عَ...,medium,"How much to go to...? (taxi, to m.)",,palestinian,,consensus,6/6,no,
3222,قداس,noun,,,,mass,,palestinian,,contested,tie/6,yes,no two-thirds romanization; 1/6 doubt the meaning
1812,شو بتدرس؟,formula,,,,What do you study? (to m.),,palestinian,,contested,tie/6,yes,no two-thirds romanization
2985,سوريا,noun,suurya,سُورْيَا,high,syria,,palestinian,,consensus,5/6,no,
2808,سياسي,noun,siyaasi,سِيَاسِي,high,politician,,palestinian,,contested,5/6,yes,2/6 doubt the meaning
183,الساعة ثلاثة,frame,is-saa3a talaate,السَّاعَة تَلَاتِة,medium,It's three o'clock,,palestinian,,consensus,5/6,no,
1435,رام الله,noun,,,,Ramallah,,palestinian,,contested,3/6,yes,no two-thirds romanization
333,ثاني إشي,adverb,taani ishi,تَانِي إِشِي,high,second of all / secondly,,palestinian,,unanimous,6/6,no,
1351,برد,noun,bard,بَرْد,high,cold / cold weather,,palestinian,,unanimous,6/6,no,
2092,كل شي بوقتو حلو,formula,,,,Everything is good in its time,,palestinian,,contested,2/6,yes,no two-thirds romanization
1134,صابون,noun,Saabuun,صَابُون,high,soap,,palestinian,,unanimous,6/6,no,
2472,بين قوسين,adverb,,,,in parentheses / so to speak,,palestinian,,contested,tie/6,yes,no two-thirds romanization; someone in the bloc rates confidence low
2142,طلعلي بلا,formula,,,,caused me problems (lit: brought out trouble for me),,palestinian,,contested,3/6,yes,no two-thirds romanization; 1/6 doubt the meaning
2911,مشوه,adjective,mshawwah,مْشَوَّه,medium,deformed,,palestinian,,consensus,5/6,no,
1735,نوتفكيشن,noun,nootifikeeshin,نُوتِفِكِيشِن,medium,notification,,palestinian,,consensus,4/6,no,
1632,دبكة,noun,dabke,دَبْكِة,high,dabke (traditional dance),,palestinian,,unanimous,6/6,no,
1404,بيئة,noun,bii'a,بِيئَة,medium,environment,,palestinian,,consensus,6/6,no,
1929,لما وصلت,frame,lamma wSilt,لَمَّا وْصِلْت,high,when I arrived,,palestinian,,consensus,4/6,no,
1843,بحاجة لدكتور,frame,,,,I need a doctor,,palestinian,,contested,tie/6,yes,no two-thirds romanization; 2/6 doubt the meaning
2441,أمي,noun,immi,إِمِّي,high,my mom (term of endearment),,palestinian,,consensus,5/6,no,
972,معقد,adjective,m3a''ad,مْعَقَّد,high,uptight / complicated (person),,palestinian,,consensus,5/6,no,
2335,نسق,verb,nassa',نَسَّق,medium,coordinated / organized,,palestinian,,consensus,6/6,no,
2963,غرفة ضيوف,noun,,,,reception room,,palestinian,,contested,tie/6,yes,no two-thirds romanization
1817,فاضي يوم الجمعة؟,frame,faaDi yoom il-jum3a,فَاضِي يَوْم الجُمْعَة؟,high,Are you free on Friday? (to m.),,palestinian,,consensus,4/6,no,
2889,بقالة,noun,ba''aale,بَقَّالِة,medium,small grocery shop,,palestinian,,consensus,5/6,no,
869,قلب,noun,'alb,قَلْب,high,heart,,palestinian,,unanimous,6/6,no,
821,خطيب,noun,khaTiib,خَطِيب,high,fiancé,,palestinian,,unanimous,6/6,no,
2762,لحم خروف,noun,,,,lamb (meat),,palestinian,,contested,2/6,yes,no two-thirds romanization
1990,ما أحلاه,formula,,,,How beautiful he/it is,,palestinian,,contested,tie/6,yes,no two-thirds romanization
1192,مفتاح النور,noun,,,,light switch,,palestinian,,contested,3/6,yes,no two-thirds romanization
499,بدون,preposition,biduun,بِدُون,high,without,,palestinian,,consensus,4/6,no,
2128,جامد,adjective,jaamid,جَامِد,medium,cool / awesome (lit: solid),,,,contested,6/6,yes,"6/6 doubt the meaning; dialect has no two-thirds, or needs a Palestinian alternative"
2725,أنا فلسطيني,frame,ana falasTiini,أَنَا فَلَسْطِينِي,high,I'm Palestinian (m.),,palestinian,,consensus,4/6,no,
2689,خذ وقتك,formula,khud wa'tak,خُد وَقْتَك,high,Take your time (to m.),,palestinian,,consensus,5/6,no,
2955,حزام,noun,,,,belt,,palestinian,,contested,tie/6,yes,no two-thirds romanization
140,ليل,noun,leel,لِيل,high,night,,palestinian,,unanimous,6/6,no,
2717,وقفنا عند...,frame,,,,We stopped at... (in a story),,palestinian,,contested,3/6,yes,no two-thirds romanization
1731,بوست,noun,boost,بُوسْت,medium,post (social media),,palestinian,,consensus,6/6,no,
1459,تصريح,noun,taSrii7,تَصْرِيح,high,permit (travel),,palestinian,,consensus,5/6,no,
1095,صالون,noun,Saaloon,صَالُون,high,living room / salon,,palestinian,,consensus,5/6,no,
2151,وج,noun,wijj,وِجّ,medium,face (slang),,palestinian,,consensus,5/6,no,
2073,أكبر منك بيوم أعرف منك بسنة,formula,,,,"Older by a day, wiser by a year",,palestinian,,contested,2/6,yes,no two-thirds romanization
1345,ثلج,noun,talj,تَلْج,high,snow,,palestinian,,consensus,5/6,no,
2723,تحقق,verb,,,,verified / confirmed,,palestinian,,contested,3/6,yes,no two-thirds romanization; 1/6 doubt the meaning
1912,إذا ما إجت بلشو بدوني,formula,,,,"If I don't come, start without me",,palestinian,,contested,tie/6,yes,no two-thirds romanization; 3/6 doubt the meaning
1502,أملس,adjective,amlas,أَمْلَس,high,smooth / slippery,,palestinian,,contested,6/6,yes,1/6 doubt the meaning
3025,طالب,noun,Taalib,طَالِب,high,student,,palestinian,,unanimous,6/6,no,
2945,ثور,noun,toor,تُور,high,bull,,palestinian,,consensus,5/6,no,
2760,عض,verb,3aDD,عَضّ,high,bit,,palestinian,,unanimous,6/6,no,
1175,لون,noun,loon,لَوْن,high,color,,palestinian,,unanimous,6/6,no,
1284,موقف,noun,maw'af,مَوْقَف,medium,parking lot / bus stop,,palestinian,,consensus,4/6,no,
2501,حط إيدو بالنار,formula,,,,got himself into trouble,,palestinian,,contested,3/6,yes,no two-thirds romanization; 2/6 doubt the meaning
1122,نشافة,noun,nashshaafe,نَشَّافِة,medium,dryer,,palestinian,,consensus,5/6,no,
1889,كان لازم أخبرك,frame,,,,I should have told you (to m.),,palestinian,,contested,3/6,yes,no two-thirds romanization
439,لا تتعبي حالك,formula,,,,don't trouble yourself (to f.),,palestinian,,contested,tie/6,yes,no two-thirds romanization
2197,فرصة,noun,furSa,فُرْصَة,high,opportunity / chance,,palestinian,,unanimous,6/6,no,
2083,على راسي من فوق,formula,3ala raasi min foo',عَلَى رَاسِي مِنْ فُوق,high,Absolutely / with the highest honor,,palestinian,,consensus,5/6,no,
1267,مقبرة,noun,ma'bara,مَقْبَرَة,medium,cemetery,,palestinian,,consensus,5/6,no,
2506,ركب راسو,formula,,,,he was stubborn / insisted,,palestinian,,contested,3/6,yes,no two-thirds romanization
163,يوم السبت,noun,yoom is-sabt,يَوْم السَّبْت,high,Saturday,,palestinian,,consensus,5/6,no,
2221,حياة,noun,,,,life,,palestinian,,contested,3/6,yes,no two-thirds romanization
1981,لما كنت صغير,frame,,,,When I was young,,palestinian,,contested,3/6,yes,no two-thirds romanization
1878,بدي إياه,frame,,,,I want it,,palestinian,,contested,3/6,yes,no two-thirds romanization
2580,ورجى,verb,warja,وَرْجَى,medium,showed,,palestinian,,consensus,6/6,no,
3237,أغنية,noun,ughniyye,أُغْنِيِّة,medium,song,,palestinian,,consensus,5/6,no,
2609,يعني بتقصد...,frame,ya3ni bti'Sud,يَعْني بْتِقْصُد...,medium,You mean... (to m.),,palestinian,,consensus,4/6,no,
2713,أهان,verb,ahaan,أَهَان,medium,insulted / disrespected,,,,contested,6/6,yes,"dialect has no two-thirds, or needs a Palestinian alternative"
2209,خوف,noun,khoof,خَوْف,high,fear,,palestinian,,unanimous,6/6,no,
2984,إسرائيل,noun,israa'iil,إِسْرَائِيل,high,israel (Palestine),,palestinian,,contested,6/6,yes,2/6 doubt the meaning
837,ختيار,noun,khityaar,خِتْيَار,high,old man,,palestinian,,consensus,4/6,no,
2780,ذاب,verb,daab,دَاب,medium,melted / dissolved,,palestinian,,consensus,4/6,no,
2654,تأمين صحي,noun,ta'miin Si77i,تَأْمِين صِحِّي,high,health insurance,,palestinian,,unanimous,6/6,no,
2695,انتقد,verb,inta'ad,اِنْتَقَد,medium,criticized,,palestinian,,consensus,6/6,no,
2646,عصر الزيتون,noun,3aSr iz-zeetuun,عَصْر الزَّيْتُون,medium,olive pressing,,palestinian,,consensus,5/6,no,
3085,تضايق,verb,tDaaya',تْضَايَق,medium,was annoyed,,palestinian,,consensus,6/6,no,
2492,طقت معو,formula,,,,it clicked with him / he understood,,palestinian,,contested,3/6,yes,no two-thirds romanization; 2/6 doubt the meaning
983,صغير,adjective,,,,small / little / young (person),,palestinian,,contested,tie/6,yes,no two-thirds romanization
2706,عقد,verb,3a''ad,عَقَّد,high,complicated,,palestinian,,contested,6/6,yes,1/6 doubt the meaning
3149,أخلاق,noun,akhlaa',أَخْلَاق,high,ethics / morals,,palestinian,,unanimous,6/6,no,
486,رقم,noun,ra'am,رَقَم,high,number (formal),,palestinian,,consensus,4/6,no,
460,ع الفاضي,adverb,3al-faaDi,عَ الفَاضِي,high,for nothing / pointlessly,,palestinian,,consensus,5/6,no,
1662,سيرة ذاتية,noun,,,,CV / resume,,palestinian,,contested,tie/6,yes,no two-thirds romanization
476,صفر,noun,Sifr,صِفْر,medium,zero (0),,palestinian,,consensus,5/6,no,
1765,شو بتنصحني فيه؟,formula,shu btinSa7ni fii,شُو بْتِنْصَحْنِي فِيه؟,medium,What do you recommend? (to m.),,palestinian,,consensus,4/6,no,
2520,الله يحققلك أمانيك,formula,allah y7a''i'lak amaaniik,,medium,God fulfill your wishes (to m.),,palestinian,,contested,4/6,yes,vowelled Arabic letters split inside the romanization bloc
1753,مسج,noun,,,,text message,,palestinian,,contested,3/6,yes,no two-thirds romanization
2059,قبل ما أنسى,formula,,,,before I forget,,palestinian,,contested,2/6,yes,no two-thirds romanization
3220,يهودي,noun,yahuudi,يَهُودِي,high,jew,,palestinian,,contested,6/6,yes,1/6 doubt the meaning
307,الله يحفظك,formula,,,,God protect you (to m.),,palestinian,,contested,3/6,yes,no two-thirds romanization
626,فطر,verb,fiTir,فِطِر,medium,had breakfast,,palestinian,,consensus,4/6,no,
3169,غفي,verb,ghifi,غِفِي,medium,dozed off / took a nap,,palestinian,,consensus,5/6,no,
1210,حديقة,noun,7adii'a,حَدِيقَة,high,garden / yard,,palestinian,,contested,6/6,yes,1/6 doubt the meaning
2840,تميز,noun,tamyiiz,تَمْيِيز,medium,discrimination,,palestinian,,contested,4/6,yes,3/6 doubt the meaning
