Topic,Level,Word,Transliteration,Meaning,Category,Root,Feminine,Plural,Superlative,OtherVariants
Food,beginner,جِبنة,jibna,Cheese,noun,,,,,My cheeseجِبنَتي | Your f. cheeseجِبنَتِك | Your m. cheeseجِبنَتَك | Your pl. cheeseجِبنَتكُم | His cheeseجِبنَتُه | Her cheeseجِبنَتها | Their cheeseجِبنَتهُم | Our cheeseجِبنَتنا
Food,beginner,لَبن,labn,Yoghurt,noun,,,,,My yoghurtلَبني | Your f. yoghurtلَبنِك | Your m. yoghurtلَبنَك | Your pl. yoghurtلَبنكُم | His yoghurtلَبنُه | Her yoghurtلَبنها | Their yoghurtلَبنهُم | Our yoghurtلَبننا
Food,beginner,فطور,fToor,Breakfast,noun,فطور (fToor),,,,My breakfastفطوري | Your f. breakfastفطورِك | Your m. breakfastفطورَك | Your pl. breakfastفطوركُم | His breakfastفطورُه | Her breakfastفطورها | Their breakfastفطورهُم | Our breakfastفطورنا
Food,beginner,غدا,ghda,Lunch,noun,غدا (ghda),,,,My lunchغداي | Your f. lunchغداِك | Your m. lunchغداَك | Your pl. lunchغداكُم | His lunchغداُه | Her lunchغداها | Their lunchغداهُم | Our lunchغدانا
Food,beginner,عشا,3sha,Dinner,noun,عشا (3sha),,,,My dinnerعشاي | Your f. dinnerعشاِك | Your m. dinnerعشاَك | Your pl. dinnerعشاكُم | His dinnerعشاُه | Her dinnerعشاها | Their dinnerعشاهُم | Our dinnerعشانا
Food,beginner,شوربة,shoorba,Soup,noun,شوربة (shoorba),,,,My soupشوربَتي | Your f. soupشوربَتِك | Your m. soupشوربَتَك | Your pl. soupشوربَتكُم | His soupشوربَتُه | Her soupشوربَتها | Their soupشوربَتهُم | Our soupشوربَتنا
Food,beginner,سَمَك,samak,Fish,noun,,,,,My fishسَمَكي | Your f. fishسَمَكِك | Your m. fishسَمَكَك | Your pl. fishسَمَككُم | His fishسَمَكُه | Her fishسَمَكها | Their fishسَمَكهُم | Our fishسَمَكنا
Food,beginner,لَحمة,laHma,Meat,noun,,,لَحم (laHm),,My meatلَحمَتي | Your f. meatلَحمَتِك | Your m. meatلَحمَتَك | Your pl. meatلَحمَتكُم | His meatلَحمَتُه | Her meatلَحمَتها | Their meatلَحمَتهُم | Our meatلَحمَتنا
Food,beginner,قَهوة,qahooa,Coffee,noun,,,,,My coffeeقَهوَتي | Your f. coffeeقَهوَتِك | Your m. coffeeقَهوَتَك | Your pl. coffeeقَهوَتكُم | His coffeeقَهوَتُه | Her coffeeقَهوَتها | Their coffeeقَهوَتهُم | Our coffeeقَهوَتنا
Food,beginner,شاي,shaee,Tea,noun,,,,,My teaشايي | Your f. teaشايِك | Your m. teaشايَك | Your pl. teaشايكُم | His teaشايُه | Her teaشايها | Their teaشايهُم | Our teaشاينا
Food,beginner,مَي,may,Water,noun,,,,,My waterمَيي | Your f. waterمَيِك | Your m. waterمَيَك | Your pl. waterمَيكُم | His waterمَيُه | Her waterمَيها | Their waterمَيهُم | Our waterمَينا
Food,beginner,حَليب,Haleeb,Milk,noun,,,,,My milkحَليبي | Your f. milkحَليبِك | Your m. milkحَليبَك | Your pl. milkحَليبكُم | His milkحَليبُه | Her milkحَليبها | Their milkحَليبهُم | Our milkحَليبنا
Food,beginner,فَواكي,fawakee,Fruit,noun,,,,,My fruitفَواكيي | Your f. fruitفَواكيِك | Your m. fruitفَواكيَك | Your pl. fruitفَواكيكُم | His fruitفَواكيُه | Her fruitفَواكيها | Their fruitفَواكيهُم | Our fruitفَواكينا
Food,beginner,تُفّاح,tooffaH,Apple,noun,,,,,My appleتُفّاحي | Your f. appleتُفّاحِك | Your m. appleتُفّاحَك | Your pl. appleتُفّاحكُم | His appleتُفّاحُه | Her appleتُفّاحها | Their appleتُفّاحهُم | Our appleتُفّاحنا
Food,beginner,موز,mooz,Banana,noun,,,,,My bananaموزي | Your f. bananaموزِك | Your m. bananaموزَك | Your pl. bananaموزكُم | His bananaموزُه | Her bananaموزها | Their bananaموزهُم | Our bananaموزنا
Food,beginner,لَيمون,laymoon,Lemon,noun,,,,,My lemonلَيموني | Your f. lemonلَيمونِك | Your m. lemonلَيمونَك | Your pl. lemonلَيمونكُم | His lemonلَيمونُه | Her lemonلَيمونها | Their lemonلَيمونهُم | Our lemonلَيموننا
Food,beginner,بَطّيخ,baTTeekh,Watermelon,noun,,,,,My watermelonبَطّيخي | Your f. watermelonبَطّيخِك | Your m. watermelonبَطّيخَك | Your pl. watermelonبَطّيخكُم | His watermelonبَطّيخُه | Her watermelonبَطّيخها | Their watermelonبَطّيخهُم | Our watermelonبَطّيخنا
Food,beginner,تَين,tayn,Figs,noun,,,,,My figsتَيني | Your f. figsتَينِك | Your m. figsتَينَك | Your pl. figsتَينكُم | His figsتَينُه | Her figsتَينها | Their figsتَينهُم | Our figsتَيننا
Food,beginner,خُضَر,khooDar,Vegetables,noun,,,,,My vegetablesخُضَري | Your f. vegetablesخُضَرِك | Your m. vegetablesخُضَرَك | Your pl. vegetablesخُضَركُم | His vegetablesخُضَرُه | Her vegetablesخُضَرها | Their vegetablesخُضَرهُم | Our vegetablesخُضَرنا
Food,beginner,بَطاطا,baTaTa,Potato,noun,,,,,My potatoبَطاطاي | Your f. potatoبَطاطاِك | Your m. potatoبَطاطاَك | Your pl. potatoبَطاطاكُم | His potatoبَطاطاُه | Her potatoبَطاطاها | Their potatoبَطاطاهُم | Our potatoبَطاطانا
Food,beginner,جِزر,jizr,Carrot,noun,,,,,My carrotجِزري | Your f. carrotجِزرِك | Your m. carrotجِزرَك | Your pl. carrotجِزركُم | His carrotجِزرُه | Her carrotجِزرها | Their carrotجِزرهُم | Our carrotجِزرنا
Food,beginner,بَصل,baSl,Onion,noun,,,,,My onionبَصلي | Your f. onionبَصلِك | Your m. onionبَصلَك | Your pl. onionبَصلكُم | His onionبَصلُه | Her onionبَصلها | Their onionبَصلهُم | Our onionبَصلنا
Food,beginner,تومة,tooma,Garlic,noun,,,,,My garlicتومَتي | Your f. garlicتومَتِك | Your m. garlicتومَتَك | Your pl. garlicتومَتكُم | His garlicتومَتُه | Her garlicتومَتها | Their garlicتومَتهُم | Our garlicتومَتنا
Food,beginner,زَهِر,zahir,Cauliflower,noun,,,,,My cauliflowerزَهِري | Your f. cauliflowerزَهِرِك | Your m. cauliflowerزَهِرَك | Your pl. cauliflowerزَهِركُم | His cauliflowerزَهِرُه | Her cauliflowerزَهِرها | Their cauliflowerزَهِرهُم | Our cauliflowerزَهِرنا
Food,beginner,بَندورة,bandoora,Tomato,noun,,,,,My tomatoبَندورَتي | Your f. tomatoبَندورَتِك | Your m. tomatoبَندورَتَك | Your pl. tomatoبَندورَتكُم | His tomatoبَندورَتُه | Her tomatoبَندورَتها | Their tomatoبَندورَتهُم | Our tomatoبَندورَتنا
Food,beginner,زَيت,zayt,Oil,noun,,,,,My oilزَيتي | Your f. oilزَيتِك | Your m. oilزَيتَك | Your pl. oilزَيتكُم | His oilزَيتُه | Her oilزَيتها | Their oilزَيتهُم | Our oilزَيتنا
Food,beginner,زَيتون,zaytoon,Olives,noun,,,,,My olivesزَيتوني | Your f. olivesزَيتونِك | Your m. olivesزَيتونَك | Your pl. olivesزَيتونكُم | His olivesزَيتونُه | Her olivesزَيتونها | Their olivesزَيتونهُم | Our olivesزَيتوننا
Food,beginner,لوز,looz,Almonds,noun,,,,,My almondsلوزي | Your f. almondsلوزِك | Your m. almondsلوزَك | Your pl. almondsلوزكُم | His almondsلوزُه | Her almondsلوزها | Their almondsلوزهُم | Our almondsلوزنا
Food,beginner,رُزّ,roozz,Rice,noun,,,,,My riceرُزّي | Your f. riceرُزِّك | Your m. riceرُزَّك | Your pl. riceرُزّكُم | His riceرُزُّه | Her riceرُزّها | Their riceرُزّهُم | Our riceرُزّنا
Food,beginner,سُكَّر,sookkar,Sugar,noun,,,,,My sugarسُكَّري | Your f. sugarسُكَّرِك | Your m. sugarسُكَّرَك | Your pl. sugarسُكَّركُم | His sugarسُكَّرُه | Her sugarسُكَّرها | Their sugarسُكَّرهُم | Our sugarسُكَّرنا
Food,beginner,مَلح,malH,Salt,noun,مَلح (malH),,,,My saltمَلحي | Your f. saltمَلحِك | Your m. saltمَلحَك | Your pl. saltمَلحكُم | His saltمَلحُه | Her saltمَلحها | Their saltمَلحهُم | Our saltمَلحنا
Food,beginner,خُبز,khoobz,Bread,noun,خُبز (khoobz),,,,My breadخُبزي | Your f. breadخُبزِك | Your m. breadخُبزَك | Your pl. breadخُبزكُم | His breadخُبزُه | Her breadخُبزها | Their breadخُبزهُم | Our breadخُبزنا
Food,beginner,بَيض,bayD,Egg,noun,,,,,My eggبَيضي | Your f. eggبَيضِك | Your m. eggبَيضَك | Your pl. eggبَيضكُم | His eggبَيضُه | Her eggبَيضها | Their eggبَيضهُم | Our eggبَيضنا
Food,beginner,اسْتَوى,astawa,To become ripe / well cooked,verb,اسْتَوى (astawa),,,,Active participleمِسْتَوِي | Passive participleمُسْتَوى | Masdarاسْتِواء | هوَّاسْتَوى | هيَّاسْتَوَت | هُمَّاسْتَوُوا | إنتَاسْتَوْيت | إنتياسْتَوْيتِ | إنتواسْتَوْيتُوا | أنااسْتَوْيت | نِحنااسْتَوْينا | هوَّيسْتَوِي | هيَّتِسْتَوِي | هُمَّيِسْتَوُوا | إنتَتِسْتَوِي | إنتيتِسْتَوِي | إنتوتِسْتَوُوا | أناأَسْتَوِي | نِحنانِسْتَوِي | هوَّبِسْتَوِي | هيَّبْتِسْتَوِي | هُمَّبِسْتَوُوا | إنتَبْتِسْتَوِي | إنتيبْتِسْتَوِي | إنتوبْتِسْتَوُوا | أنابَسْتَوِي | نِحنامْنِسْتَوِي
Food,beginner,أكَل,akal,To eat,verb,أكَل (akal),,,,Active participleمآكِل | Passive participleمَأْكُول | Masdarأَكِل | هوَّأَكَل | هيَّأَكَلَتْ | هُمَّأَكَلُوا | إنتَأَكَلْت | إنتيأَكَلْتِ | إنتوأَكَلْتُوا | أناأَكَلْت | نِحناأَكَلْنا | هوَّيآكُل | هيَّتآكُل | هُمَّيآكُلُوا | إنتَتآكُل | إنتيتآكُلِي | إنتوتآكُلُوا | أناآكُل | نِحنانآكُل | هوَّبيآكُل | هيَّبْتآكُل | هُمَّبِيآكُلُوا | إنتَبْتآكُل | إنتيبْتآكُلِي | إنتوبْتآكُلُوا | أنابآكُل | نِحنامْنآكُل
Food,beginner,شَرِب,sharib,To drink,verb,شَرِب (sharib),,,,Active participleشارِب | Passive participleمَشْرُوب | Masdarشَرِب | هوَّشَرِب | هيَّشَرِبَتْ | هُمَّشَرِبُوا | إنتَشْرِبْت | إنتيشْرِبْتِ | إنتوشْرِبْتُوا | أناشْرِبْت | نِحناشْرِبْنا | هوَّيشْرِب | هيَّتِشْرِب | هُمَّيِشْرِبُوا | إنتَتِشْرِب | إنتيتِشْرِبِي | إنتوتِشْرِبُوا | أناأَشْرِب | نِحنانِشْرِب | هوَّبِشْرِب | هيَّبْتِشْرِب | هُمَّبِشْرِبُوا | إنتَبْتِشْرِب | إنتيبْتِشْرِبِي | إنتوبْتِشْرِبُوا | أنابَشْرِب | نِحنامْنِشْرِب
Food,beginner,طَبَخ,Tabakh,To cook,verb,طَبَخ (Tabakh),,,,Active participleطابِخ | Passive participleمَطْبُوخ | Masdarطَبْخ | هوَّطَبَخ | هيَّطَبَخَتْ | هُمَّطَبَخُوا | إنتَطَبَخْت | إنتيطَبَخْتِ | إنتوطَبَخْتُوا | أناطَبَخْت | نِحناطَبَخْنا | هوَّيُطْبُخ | هيَّتُطْبُخ | هُمَّيُطْبُخُوا | إنتَتُطْبُخ | إنتيتُطْبُخِي | إنتوتُطْبُخُوا | أناأُطْبُخ | نِحنانُطْبُخ | هوَّبُطْبُخ | هيَّبْتُطْبُخ | هُمَّبُطْبُخُوا | إنتَبْتُطْبُخ | إنتيبْتُطْبُخِي | إنتوبْتُطْبُخُوا | أنابَطْبُخ | نِحنامْنُطْبُخ
Food,beginner,ذاق,dhaq,To taste,verb,ذاق (dhaq),,,,Active participleذايِق | Passive participleمَذُوق | Masdarذَوْق | هوَّذاق | هيَّذاقَتْ | هُمَّذاقُوا | إنتَذُقْت | إنتيذُقْتِ | إنتوذُقْتُوا | أناذُقْت | نِحناذُقْنا | هوَّيذُوق | هيَّتْذُوق | هُمَّيذُوقُوا | إنتَتْذُوق | إنتيتْذُوقِي | إنتوتْذُوقُوا | أناأَذُوق | نِحنانْذُوق | هوَّبِذُوق | هيَّبِتْذُوق | هُمَّبِذُوقُوا | إنتَبِتْذُوق | إنتيبِتْذُوقِي | إنتوبِتْذُوقُوا | أنابَذُوق | نِحنامِنْذُوق
Food,beginner,شَمّ,shamm,To smell,verb,شَمّ (shamm),,,,Active participleشامِم | Passive participleمَشْمُوم | Masdarشُمّ | هوَّشَمّ | هيَّشَمَّتْ | هُمَّشَمُّوا | إنتَشَمَّيْت | إنتيشَمَّيْتِ | إنتوشَمَّيْتُوا | أناشَمَّيْت | نِحناشَمَّيْنا | هوَّيشِمّ | هيَّتْشِمّ | هُمَّيشِمُّوا | إنتَتْشِمّ | إنتيتْشِمِّي | إنتوتْشِمُّوا | أناأَشِمّ | نِحنانْشِمّ | هوَّبِشِمّ | هيَّبِتْشِمّ | هُمَّبِشِمُّوا | إنتَبِتْشِمّ | إنتيبِتْشِمِّي | إنتوبِتْشِمُّوا | أنابَشِمّ | نِحنامِنْشِمّ
Food,beginner,قَطَف,qaTaf,To harvest / gather / pick,verb,قَطَف (qaTaf),,,,Active participleقاطِف | Passive participleمَقْطُوف | Masdarقَطْف | هوَّقَطَف | هيَّقَطَفَتْ | هُمَّقَطَفُوا | إنتَقَطَفْت | إنتيقَطَفْتِ | إنتوقَطَفْتُوا | أناقَطَفْت | نِحناقَطَفْنا | هوَّيُقْطُف | هيَّتُقْطُف | هُمَّيُقْطُفُوا | إنتَتُقْطُف | إنتيتُقْطُفِي | إنتوتُقْطُفُوا | أناأُقْطُف | نِحنانُقْطُف | هوَّبُقْطُف | هيَّبْتُقْطُف | هُمَّبُقْطُفُوا | إنتَبْتُقْطُف | إنتيبْتُقْطُفِي | إنتوبْتُقْطُفُوا | أنابَقْطُف | نِحنامْنُقْطُف
Food,beginner,جَلى,jala,To wash (dishes e.t.c.),verb,جَلى (jala),,,,Active participleجالِي | Passive participleمَجْلِي | Masdarجَلِي | هوَّجَلى | هيَّجَلَت | هُمَّجَلُوا | إنتَجَلَيْت | إنتيجَلَيْتِ | إنتوجَلَيْتُوا | أناجَلَيْت | نِحناجَلَيْنا | هوَّيِجْلِي | هيَّتِجْلِي | هُمَّيِجْلُوا | إنتَتِجْلِي | إنتيتِجْلِي | إنتوتِجْلُوا | أناأَجْلِي | نِحنانِجْلِي | هوَّبِجْلِي | هيَّبْتِجْلِي | هُمَّبِجْلُوا | إنتَبْتِجْلِي | إنتيبْتِجْلِي | إنتوبْتِجْلُوا | أنابَجْلِي | نِحنامْنِجْلِي
Food,beginner,كَبّ,kabb,To throw away / spill,verb,كَبّ (kabb),,,,Active participleكابِب | Passive participleمَكْبُوب | Masdarكَبّ | هوَّكَبّ | هيَّكَبَّتْ | هُمَّكَبُّوا | إنتَكَبَّيْت | إنتيكَبَّيْتِ | إنتوكَبَّيْتُوا | أناكَبَّيْت | نِحناكَبَّيْنا | هوَّيكُبّ | هيَّتْكُبّ | هُمَّيكُبُّوا | إنتَتْكُبّ | إنتيتْكُبِّي | إنتوتْكُبُّوا | أناأَكُبّ | نِحنانْكُبّ | هوَّبِكُبّ | هيَّبِتْكُبّ | هُمَّبِكُبُّوا | إنتَبِتْكُبّ | إنتيبِتْكُبِّي | إنتوبِتْكُبُّوا | أنابَكُبّ | نِحنامِنْكُبّ
Food,beginner,غَسَل,ghasal,To wash (your hands e.t.c.),verb,غَسَل (ghasal),,,,Active participleغاسِل | Passive participleمَغْسُول | Masdarغَسِل | هوَّغَسَل | هيَّغَسَلَتْ | هُمَّغَسَلُوا | إنتَغَسَلْت | إنتيغَسَلْتِ | إنتوغَسَلْتُوا | أناغَسَلْت | نِحناغَسَلْنا | هوَّيغْسِل | هيَّتِغْسِل | هُمَّيِغْسِلُوا | إنتَتِغْسِل | إنتيتِغْسِلِي | إنتوتِغْسِلُوا | أناأَغْسِل | نِحنانِغْسِل | هوَّبِغْسِل | هيَّبْتِغْسِل | هُمَّبِغْسِلُوا | إنتَبْتِغْسِل | إنتيبْتِغْسِلِي | إنتوبْتِغْسِلُوا | أنابَغْسِل | نِحنامْنِغْسِل
Food,beginner,قَطَع,qaTa3,To cut,verb,قَطَع (qaTa3),,,,Active participleقاطِع | Passive participleمَقْطُوع | Masdarقَطِع | هوَّقَطَع | هيَّقَطَعَتْ | هُمَّقَطَعُوا | إنتَقَطَعْت | إنتيقَطَعْتِ | إنتوقَطَعْتُوا | أناقَطَعْت | نِحناقَطَعْنا | هوَّيِقْطَع | هيَّتِقْطَع | هُمَّيِقْطَعُوا | إنتَتِقْطَع | إنتيتِقْطَعِي | إنتوتِقْطَعُوا | أناأَقْطَع | نِحنانِقْطَع | هوَّبِقْطَع | هيَّبْتِقْطَع | هُمَّبِقْطَعُوا | إنتَبْتِقْطَع | إنتيبْتِقْطَعِي | إنتوبْتِقْطَعُوا | أنابَقْطَع | نِحنامْنِقْطَع
Food,beginner,أَفْطَر,afTar,To eat breakfast,verb,أَفْطَر (afTar),,,,Active participleمِفْطِر | Masdarإِفْطار | هوَّأَفْطَر | هيَّأَفْطَرَتْ | هُمَّأَفْطَرُوا | إنتَأَفْطَرْت | إنتيأَفْطَرْتِ | إنتوأَفْطَرْتُوا | أناأَفْطَرْت | نِحناأَفْطَرْنا | هوَّيفْطِر | هيَّتِفْطِر | هُمَّيِفْطِرُوا | إنتَتِفْطِر | إنتيتِفْطِرِي | إنتوتِفْطِرُوا | أناأَفْطِر | نِحنانِفْطِر | هوَّبِفْطِر | هيَّبْتِفْطِر | هُمَّبِفْطِرُوا | إنتَبْتِفْطِر | إنتيبْتِفْطِرِي | إنتوبْتِفْطِرُوا | أنابَفْطِر | نِحنامْنِفْطِر
Food,beginner,تَغَدّى,taghadda,To eat lunch,verb,تَغَدّى (taghadda),,,,Active participleمِتْغَدِّي | Masdarتَغَدِي | هوَّتَغَدّى | هيَّتَغَدَّت | هُمَّتَغَدُّوا | إنتَتْغَدِّيْت | إنتيتْغَدِّيْتِ | إنتوتْغَدِّيْتُوا | أناتْغَدِّيْت | نِحناتْغَدِّيْنا | هوَّيتْغَدَّى | هيَّتِتْغَدَّى | هُمَّيِتْغَدُّوا | إنتَتِتْغَدَّى | إنتيتِتْغَدِّي | إنتوتِتْغَدُّوا | أناأَتْغَدَّى | نِحنانِتْغَدَّى | هوَّبِتْغَدَّى | هيَّبْتِتْغَدَّى | هُمَّبِتْغَدُّوا | إنتَبْتِتْغَدَّى | إنتيبْتِتْغَدِّي | إنتوبْتِتْغَدُّوا | أنابَتْغَدَّى | نِحنامْنِتْغَدَّى
Food,beginner,تَعَشّى,ta3ashsha,To eat dinner,verb,تَعَشّى (ta3ashsha),,,,Active participleمِتْعَشِّي | Masdarتَعَشِي | هوَّتَعَشّى | هيَّتَعَشَّت | هُمَّتَعَشُّوا | إنتَتْعَشِّيْت | إنتيتْعَشِّيْتِ | إنتوتْعَشِّيْتُوا | أناتْعَشِّيْت | نِحناتْعَشِّيْنا | هوَّيتْعَشَّى | هيَّتِتْعَشَّى | هُمَّيِتْعَشُّوا | إنتَتِتْعَشَّى | إنتيتِتْعَشِّي | إنتوتِتْعَشُّوا | أناأَتْعَشَّى | نِحنانِتْعَشَّى | هوَّبِتْعَشَّى | هيَّبْتِتْعَشَّى | هُمَّبِتْعَشُّوا | إنتَبْتِتْعَشَّى | إنتيبْتِتْعَشِّي | إنتوبْتِتْعَشُّوا | أنابَتْعَشَّى | نِحنامْنِتْعَشَّى
Food,beginner,جاع,ja3,To become hungry,verb,جاع (ja3),,,,Active participleجايِع | Passive participleمَجُوع | Masdarجَوْع | هوَّجاع | هيَّجاعَتْ | هُمَّجاعُوا | إنتَجُعْت | إنتيجُعْتِ | إنتوجُعْتُوا | أناجُعْت | نِحناجُعْنا | هوَّيجُوع | هيَّتْجُوع | هُمَّيجُوعُوا | إنتَتْجُوع | إنتيتْجُوعِي | إنتوتْجُوعُوا | أناأَجُوع | نِحنانْجُوع | هوَّبِجُوع | هيَّبِتْجُوع | هُمَّبِجُوعُوا | إنتَبِتْجُوع | إنتيبِتْجُوعِي | إنتوبِتْجُوعُوا | أنابَجُوع | نِحنامِنْجُوع
Food,beginner,حَلو,Haloo,Sweet,adjective,حَلو (Haloo),حَلوة (Halooa),حَلوين (Halooeen),أحلى (aHla),
Food,beginner,حامِض,HamiD,Sour,adjective,حامِض (HamiD),حامِضة (HamiDa),,,
Food,beginner,مُرّ,moorr,Bitter,adjective,مُرّ (moorr),مُرّة (moorra),,,
Food,beginner,مالِح,maliH,Salty,adjective,مالِح (maliH),مالِحة (maliHa),,,
Food,beginner,حَرّ,Harr,Spicy,adjective,حَرّ (Harr),حَرّة (Harra),,,
Food,beginner,زَاكي,zakee,Tasty,adjective,زَاكي (zakee),زَاكية (zakeea),,,
Food,intermediate,زِبدة,zibda,Butter,noun,,,,,My butter زِبدَتي | Your f. butter زِبدَتِك | Your m. butter زِبدَتَك | Your pl. butter زِبدَتكُم | His butter زِبدَتُه | Her butter زِبدَتها | Their butter زِبدَتهُم | Our butter زِبدَتنا
Food,intermediate,سَلَطة,salaTa,Salad,noun,,,,,My salad سَلَطَتي | Your f. salad سَلَطَتِك | Your m. salad سَلَطَتَك | Your pl. salad سَلَطَتكُم | His salad سَلَطَتُه | Her salad سَلَطَتها | Their salad سَلَطَتهُم | Our salad سَلَطَتنا
Food,intermediate,أكلة,akla,Food (meal),noun,أكلة (akla),,,,My food (meal) أكلَتي | Your f. food (meal) أكلَتِك | Your m. food (meal) أكلَتَك | Your pl. food (meal) أكلَتكُم | His food (meal) أكلَتُه | Her food (meal) أكلَتها | Their food (meal) أكلَتهُم | Our food (meal) أكلَتنا
Food,intermediate,بحارات,bHarat,Spices,noun,بحارات (bHarat),,,,My spices بحاراتي | Your f. spices بحاراتِك | Your m. spices بحاراتَك | Your pl. spices بحاراتكُم | His spices بحاراتُه | Her spices بحاراتها | Their spices بحاراتهُم | Our spices بحاراتنا
Food,intermediate,هَيل,hayl,Cardamon,noun,,,,,My cardamon هَيلي | Your f. cardamon هَيلِك | Your m. cardamon هَيلَك | Your pl. cardamon هَيلكُم | His cardamon هَيلُه | Her cardamon هَيلها | Their cardamon هَيلهُم | Our cardamon هَيلنا
Food,intermediate,نَعنَع,na3na3,Mint,noun,,,,,My mint نَعنَعي | Your f. mint نَعنَعِك | Your m. mint نَعنَعَك | Your pl. mint نَعنَعكُم | His mint نَعنَعُه | Her mint نَعنَعها | Their mint نَعنَعهُم | Our mint نَعنَعنا
Food,intermediate,بَقدونِس,baqdoonis,Parsley,noun,,,,,My parsley بَقدونِسي | Your f. parsley بَقدونِسِك | Your m. parsley بَقدونِسَك | Your pl. parsley بَقدونِسكُم | His parsley بَقدونِسُه | Her parsley بَقدونِسها | Their parsley بَقدونِسهُم | Our parsley بَقدونِسنا
Food,intermediate,عَصير,3aSeer,Juice,noun,عَصير (3aSeer),,,,My juice عَصيري | Your f. juice عَصيرِك | Your m. juice عَصيرَك | Your pl. juice عَصيركُم | His juice عَصيرُه | Her juice عَصيرها | Their juice عَصيرهُم | Our juice عَصيرنا
Food,intermediate,كولا,koola,Cola,noun,,,,,My cola كولاي | Your f. cola كولاِك | Your m. cola كولاَك | Your pl. cola كولاكُم | His cola كولاُه | Her cola كولاها | Their cola كولاهُم | Our cola كولانا
Food,intermediate,مَشروبات,mashroobat,Drinks,noun,مَشروبات (mashroobat),,,,My drinks مَشروباتي | Your f. drinks مَشروباتِك | Your m. drinks مَشروباتَك | Your pl. drinks مَشروباتكُم | His drinks مَشروباتُه | Her drinks مَشروباتها | Their drinks مَشروباتهُم | Our drinks مَشروباتنا
Food,intermediate,مِشمِش,mishmish,Apricots,noun,,,,,My apricots مِشمِشي | Your f. apricots مِشمِشِك | Your m. apricots مِشمِشَك | Your pl. apricots مِشمِشكُم | His apricots مِشمِشُه | Her apricots مِشمِشها | Their apricots مِشمِشهُم | Our apricots مِشمِشنا
Food,intermediate,أناناس,ananas,Pineapple,noun,,,,,My pineapple أناناسي | Your f. pineapple أناناسِك | Your m. pineapple أناناسَك | Your pl. pineapple أناناسكُم | His pineapple أناناسُه | Her pineapple أناناسها | Their pineapple أناناسهُم | Our pineapple أناناسنا
Food,intermediate,تَمر,tamr,Dates,noun,,,,,My dates تَمري | Your f. dates تَمرِك | Your m. dates تَمرَك | Your pl. dates تَمركُم | His dates تَمرُه | Her dates تَمرها | Their dates تَمرهُم | Our dates تَمرنا
Food,intermediate,كَرَز,karaz,Cherry,noun,,,,,My cherry كَرَزي | Your f. cherry كَرَزِك | Your m. cherry كَرَزَك | Your pl. cherry كَرَزكُم | His cherry كَرَزُه | Her cherry كَرَزها | Their cherry كَرَزهُم | Our cherry كَرَزنا
Food,intermediate,خَسّ,khass,Lettuce,noun,,,,,My lettuce خَسّي | Your f. lettuce خَسِّك | Your m. lettuce خَسَّك | Your pl. lettuce خَسّكُم | His lettuce خَسُّه | Her lettuce خَسّها | Their lettuce خَسّهُم | Our lettuce خَسّنا
Food,intermediate,خيار,kheear,Cucumber,noun,,,,,My cucumber خياري | Your f. cucumber خيارِك | Your m. cucumber خيارَك | Your pl. cucumber خياركُم | His cucumber خيارُه | Her cucumber خيارها | Their cucumber خيارهُم | Our cucumber خيارنا
Food,intermediate,فلَيفلة خُضرا,flayfla,Green pepper,noun,,,,,
Food,intermediate,فلَيفلة حَمرا,flayfla,Red pepper,noun,,,,,
Food,intermediate,كوسا,koosa,"Courgette, zucchini",noun,,,,,"My courgette, zucchini كوساي | Your f. courgette, zucchini كوساِك | Your m. courgette, zucchini كوساَك | Your pl. courgette, zucchini كوساكُم | His courgette, zucchini كوساُه | Her courgette, zucchini كوساها | Their courgette, zucchini كوساهُم | Our courgette, zucchini كوسانا"
Food,intermediate,باذِنجان,badhinjan,"Aubergine, eggplant",noun,,,,,"My aubergine, eggplant باذِنجاني | Your f. aubergine, eggplant باذِنجانِك | Your m. aubergine, eggplant باذِنجانَك | Your pl. aubergine, eggplant باذِنجانكُم | His aubergine, eggplant باذِنجانُه | Her aubergine, eggplant باذِنجانها | Their aubergine, eggplant باذِنجانهُم | Our aubergine, eggplant باذِنجاننا"
Food,intermediate,مَلفوف,malfoof,Cabbage,noun,,,,,My cabbage مَلفوفي | Your f. cabbage مَلفوفِك | Your m. cabbage مَلفوفَك | Your pl. cabbage مَلفوفكُم | His cabbage مَلفوفُه | Her cabbage مَلفوفها | Their cabbage مَلفوفهُم | Our cabbage مَلفوفنا
Food,intermediate,زَيت زَيتون,zayt,Olive oil,noun,,,,,
Food,intermediate,خَل,khal,Vinegar,noun,,,,,My vinegar خَلي | Your f. vinegar خَلِك | Your m. vinegar خَلَك | Your pl. vinegar خَلكُم | His vinegar خَلُه | Her vinegar خَلها | Their vinegar خَلهُم | Our vinegar خَلنا
Food,intermediate,سِمسِم,simsim,Sesame,noun,,,,,My sesame سِمسِمي | Your f. sesame سِمسِمِك | Your m. sesame سِمسِمَك | Your pl. sesame سِمسِمكُم | His sesame سِمسِمُه | Her sesame سِمسِمها | Their sesame سِمسِمهُم | Our sesame سِمسِمنا
Food,intermediate,مُكَسَرات,mookasarat,Nuts,noun,مُكَسَرات (mookasarat),,,,My nuts مُكَسَراتي | Your f. nuts مُكَسَراتِك | Your m. nuts مُكَسَراتَك | Your pl. nuts مُكَسَراتكُم | His nuts مُكَسَراتُه | Her nuts مُكَسَراتها | Their nuts مُكَسَراتهُم | Our nuts مُكَسَراتنا
Food,intermediate,عَدَس,3adas,Lentil,noun,,,,,My lentil عَدَسي | Your f. lentil عَدَسِك | Your m. lentil عَدَسَك | Your pl. lentil عَدَسكُم | His lentil عَدَسُه | Her lentil عَدَسها | Their lentil عَدَسهُم | Our lentil عَدَسنا
Food,intermediate,فُستُق حَلَبي,foostooq,Pistachio,noun,,,,,
Food,intermediate,فُستُق,foostooq,Peanut,noun,,,,,My peanut فُستُقي | Your f. peanut فُستُقِك | Your m. peanut فُستُقَك | Your pl. peanut فُستُقكُم | His peanut فُستُقُه | Her peanut فُستُقها | Their peanut فُستُقهُم | Our peanut فُستُقنا
Food,intermediate,طَحين,TaHeen,Flour,noun,طَحين (TaHeen),,,,My flour طَحيني | Your f. flour طَحينِك | Your m. flour طَحينَك | Your pl. flour طَحينكُم | His flour طَحينُه | Her flour طَحينها | Their flour طَحينهُم | Our flour طَحيننا
Food,intermediate,فول,fool,Beans,noun,,,,,My beans فولي | Your f. beans فولِك | Your m. beans فولَك | Your pl. beans فولكُم | His beans فولُه | Her beans فولها | Their beans فولهُم | Our beans فولنا
Food,intermediate,فاصوليا,faSooleea,Green beans,noun,,,,,My green beans فاصولياي | Your f. green beans فاصولياِك | Your m. green beans فاصولياَك | Your pl. green beans فاصولياكُم | His green beans فاصولياُه | Her green beans فاصولياها | Their green beans فاصولياهُم | Our green beans فاصوليانا
Food,intermediate,عَسل,3asl,Honey,noun,,,,,My honey عَسلي | Your f. honey عَسلِك | Your m. honey عَسلَك | Your pl. honey عَسلكُم | His honey عَسلُه | Her honey عَسلها | Their honey عَسلهُم | Our honey عَسلنا
Food,intermediate,حَلويات,Halooeeat,Sweets,noun,حَلويات (Halooeeat),,,,My sweets حَلوياتي | Your f. sweets حَلوياتِك | Your m. sweets حَلوياتَك | Your pl. sweets حَلوياتكُم | His sweets حَلوياتُه | Her sweets حَلوياتها | Their sweets حَلوياتهُم | Our sweets حَلوياتنا
Food,intermediate,بوزة,booza,Ice Cream,noun,,,,,My ice cream بوزَتي | Your f. ice cream بوزَتِك | Your m. ice cream بوزَتَك | Your pl. ice cream بوزَتكُم | His ice cream بوزَتُه | Her ice cream بوزَتها | Their ice cream بوزَتهُم | Our ice cream بوزَتنا
Food,intermediate,طَعم,Ta3m,Taste,noun,طَعم (Ta3m),,,,My taste طَعمي | Your f. taste طَعمِك | Your m. taste طَعمَك | Your pl. taste طَعمكُم | His taste طَعمُه | Her taste طَعمها | Their taste طَعمهُم | Our taste طَعمنا
Food,intermediate,نَكهة,nakha,Flavour,noun,,,,,My flavour نَكهَتي | Your f. flavour نَكهَتِك | Your m. flavour نَكهَتَك | Your pl. flavour نَكهَتكُم | His flavour نَكهَتُه | Her flavour نَكهَتها | Their flavour نَكهَتهُم | Our flavour نَكهَتنا
Food,intermediate,نَشِف,nashif,To become dried up,verb,نَشِف (nashif),,,,Active participle ناشِف | Passive participle مَنْشُوف | Masdar نَشِف
Food,intermediate,انْقَلى,anqala,To be fried,verb,انْقَلى (anqala),,,,Active participle مِنْقَلِي
Food,intermediate,انْشَوى,anshawa,To be grilled,verb,انْشَوى (anshawa),,,,Active participle مِنْشَوِي
Food,intermediate,حَرَق,Haraq,To burn,verb,حَرَق (Haraq),,,,Active participle حارِق | Passive participle مَحْرُوق | Masdar حَرِق
Food,intermediate,غَلى,ghala,To boil,verb,غَلى (ghala),,,,Active participle غالِي | Passive participle مَغْلِي | Masdar غَلِي
Food,intermediate,قَصّ,qaSS,To cut a piece out of,verb,قَصّ (qaSS),,,,Active participle قاصِص | Passive participle مَقْصُوص | Masdar قَصّ
Food,intermediate,عَضّ,3aDD,To bite,verb,عَضّ (3aDD),,,,Active participle عاضِض | Passive participle مَعْضُوض | Masdar عَضّ
Food,intermediate,شَرَّب,sharrab,To give a drink,verb,شَرَّب (sharrab),,,,Active participle مْشَرِّب | Passive participle مْشَرَّب | Masdar تَشْرِيب
Food,intermediate,طَعْمَى,Ta3maa,To feed,verb,طَعْمَى (Ta3maa),,,,Active participle مْطَعْمِي
Food,intermediate,مَقلي,maqlee,Fried,adjective,مَقلي (maqlee),مَقلية (maqleea),,,
Food,intermediate,مَشوي,mashooee,Grilled,adjective,مَشوي (mashooee),مَشوية (mashooeea),,,
Food,intermediate,مِستوي,mistooee,Ripe,adjective,مِستوي (mistooee),مِستوية (mistooeea),,,
Food,intermediate,طازة,Taza,Fresh,adjective,طازة (Taza),,,,
Food,intermediate,يابِس,yabis,Stale (dry),adjective,يابِس (yabis),يابِسة (yabisa),,,
Food,intermediate,ناشِف,nashif,Dry,adjective,ناشِف (nashif),ناشِفة (nashifa),,,
Food,intermediate,سُخُن,sookhoon,"Hot (surfaces, drinks, food)",adjective,سُخُن (sookhoon),سُخُنة (sookhoona),,,
Food,advanced,لَحم خَروف,laHm,Lamb (meat),noun,,,,,
Food,advanced,لَحم بَقر,laHm,Beef,noun,,,,,
Food,advanced,لَحم خَنزير,laHm,Pork,noun,,,,,
Food,advanced,كِبدة,kibda,Liver,noun,,,,,My liver كِبدَتي | Your f. liver كِبدَتِك | Your m. liver كِبدَتَك | Your pl. liver كِبدَتكُم | His liver كِبدَتُه | Her liver كِبدَتها | Their liver كِبدَتهُم | Our liver كِبدَتنا
Food,advanced,ريحان,reeHan,Basil,noun,,,,,My basil ريحاني | Your f. basil ريحانِك | Your m. basil ريحانَك | Your pl. basil ريحانكُم | His basil ريحانُه | Her basil ريحانها | Their basil ريحانهُم | Our basil ريحاننا
Food,advanced,كُزبُرة,koozboora,Coriander,noun,,,,,My coriander كُزبُرَتي | Your f. coriander كُزبُرَتِك | Your m. coriander كُزبُرَتَك | Your pl. coriander كُزبُرَتكُم | His coriander كُزبُرَتُه | Her coriander كُزبُرَتها | Their coriander كُزبُرَتهُم | Our coriander كُزبُرَتنا
Food,advanced,زَنجَبيل,zanjabeel,Ginger,noun,,,,,My ginger زَنجَبيلي | Your f. ginger زَنجَبيلِك | Your m. ginger زَنجَبيلَك | Your pl. ginger زَنجَبيلكُم | His ginger زَنجَبيلُه | Her ginger زَنجَبيلها | Their ginger زَنجَبيلهُم | Our ginger زَنجَبيلنا
Food,advanced,نَبيذ,nabeedh,Wine,noun,,,,,My wine نَبيذي | Your f. wine نَبيذِك | Your m. wine نَبيذَك | Your pl. wine نَبيذكُم | His wine نَبيذُه | Her wine نَبيذها | Their wine نَبيذهُم | Our wine نَبيذنا
Food,advanced,فريز,freez,Strawberries,noun,,,,,My strawberries فريزي | Your f. strawberries فريزِك | Your m. strawberries فريزَك | Your pl. strawberries فريزكُم | His strawberries فريزُه | Her strawberries فريزها | Their strawberries فريزهُم | Our strawberries فريزنا
Food,advanced,فراولة,fraoola,Strawberry,noun,,,,,My strawberry فراولَتي | Your f. strawberry فراولَتِك | Your m. strawberry فراولَتَك | Your pl. strawberry فراولَتكُم | His strawberry فراولَتُه | Her strawberry فراولَتها | Their strawberry فراولَتهُم | Our strawberry فراولَتنا
Food,advanced,شَمام,shamam,Melon,noun,,,,,My melon شَمامي | Your f. melon شَمامِك | Your m. melon شَمامَك | Your pl. melon شَمامكُم | His melon شَمامُه | Her melon شَمامها | Their melon شَمامهُم | Our melon شَمامنا
Food,advanced,نِجاص,nijaS,Pears,noun,,,,,My pears نِجاصي | Your f. pears نِجاصِك | Your m. pears نِجاصَك | Your pl. pears نِجاصكُم | His pears نِجاصُه | Her pears نِجاصها | Their pears نِجاصهُم | Our pears نِجاصنا
Food,advanced,نَباتي,nabatee,Vegetarian,noun,,,,,My vegetarian نَباتيي | Your f. vegetarian نَباتيِك | Your m. vegetarian نَباتيَك | Your pl. vegetarian نَباتيكُم | His vegetarian نَباتيُه | Her vegetarian نَباتيها | Their vegetarian نَباتيهُم | Our vegetarian نَباتينا
Food,advanced,بازيلا,bazeela,Peas,noun,,,,,My peas بازيلاي | Your f. peas بازيلاِك | Your m. peas بازيلاَك | Your pl. peas بازيلاكُم | His peas بازيلاُه | Her peas بازيلاها | Their peas بازيلاهُم | Our peas بازيلانا
Food,advanced,بامية,bameea,Okra,noun,,,,,My okra باميَتي | Your f. okra باميَتِك | Your m. okra باميَتَك | Your pl. okra باميَتكُم | His okra باميَتُه | Her okra باميَتها | Their okra باميَتهُم | Our okra باميَتنا
Food,advanced,فِطر,fiTr,Mushroom,noun,,,,,My mushroom فِطري | Your f. mushroom فِطرِك | Your m. mushroom فِطرَك | Your pl. mushroom فِطركُم | His mushroom فِطرُه | Her mushroom فِطرها | Their mushroom فِطرهُم | Our mushroom فِطرنا
Food,advanced,جلاب,jlab,Dates syrup,noun,,,,,My dates syrup جلابي | Your f. dates syrup جلابِك | Your m. dates syrup جلابَك | Your pl. dates syrup جلابكُم | His dates syrup جلابُه | Her dates syrup جلابها | Their dates syrup جلابهُم | Our dates syrup جلابنا
Food,advanced,بُندُق,boondooq,Hazelnut,noun,,,,,My hazelnut بُندُقي | Your f. hazelnut بُندُقِك | Your m. hazelnut بُندُقَك | Your pl. hazelnut بُندُقكُم | His hazelnut بُندُقُه | Her hazelnut بُندُقها | Their hazelnut بُندُقهُم | Our hazelnut بُندُقنا
Food,advanced,كاشو,kashoo,Cashew,noun,,,,,My cashew كاشوي | Your f. cashew كاشوِك | Your m. cashew كاشوَك | Your pl. cashew كاشوكُم | His cashew كاشوُه | Her cashew كاشوها | Their cashew كاشوهُم | Our cashew كاشونا
Food,advanced,شوفان,shoofan,Oatmeal,noun,,,,,My oatmeal شوفاني | Your f. oatmeal شوفانِك | Your m. oatmeal شوفانَك | Your pl. oatmeal شوفانكُم | His oatmeal شوفانُه | Her oatmeal شوفانها | Their oatmeal شوفانهُم | Our oatmeal شوفاننا
Food,advanced,قَمح,qamH,Wheat,noun,قَمح (qamH),,,,My wheat قَمحي | Your f. wheat قَمحِك | Your m. wheat قَمحَك | Your pl. wheat قَمحكُم | His wheat قَمحُه | Her wheat قَمحها | Their wheat قَمحهُم | Our wheat قَمحنا
Food,advanced,بُرغُل,boorghool,Bulgur wheat,noun,بُرغُل (boorghool),,,,My bulgur wheat بُرغُلي | Your f. bulgur wheat بُرغُلِك | Your m. bulgur wheat بُرغُلَك | Your pl. bulgur wheat بُرغُلكُم | His bulgur wheat بُرغُلُه | Her bulgur wheat بُرغُلها | Their bulgur wheat بُرغُلهُم | Our bulgur wheat بُرغُلنا
Food,advanced,دِبس,dibs,Jam,noun,,,,,My jam دِبسي | Your f. jam دِبسِك | Your m. jam دِبسَك | Your pl. jam دِبسكُم | His jam دِبسُه | Her jam دِبسها | Their jam دِبسهُم | Our jam دِبسنا
Food,advanced,بطاطا مقليّة,bTaTa,Chips,noun,,,,,
Food,advanced,نَفِس,nafis,Appetite,noun,,,,,My appetite نَفِسي | Your f. appetite نَفِسِك | Your m. appetite نَفِسَك | Your pl. appetite نَفِسكُم | His appetite نَفِسُه | Her appetite نَفِسها | Their appetite نَفِسهُم | Our appetite نَفِسنا
Food,advanced,ذاب,dhab,To melt / disolve,verb,ذاب (dhab),,,,Active participle ذايِب | Passive participle مَذُوب | Masdar ذَوْب
Politics,beginner,قانون,qanoon,Law,noun,قانون (qanoon),,,,My law قانوني | Your f. law قانونِك | Your m. law قانونَك | Your pl. law قانونكُم | His law قانونُه | Her law قانونها | Their law قانونهُم | Our law قانوننا
Politics,beginner,حَق,Haq,Right,noun,حَق (Haq),,حَقوق (Haqooq),,My right حَقي | Your f. right حَقِك | Your m. right حَقَك | Your pl. right حَقكُم | His right حَقُه | Her right حَقها | Their right حَقهُم | Our right حَقنا
Politics,beginner,حَرب,Harb,War,noun,,,,,My war حَربي | Your f. war حَربِك | Your m. war حَربَك | Your pl. war حَربكُم | His war حَربُه | Her war حَربها | Their war حَربهُم | Our war حَربنا
Politics,beginner,سَلام,salam,Peace,noun,,,,,My peace سَلامي | Your f. peace سَلامِك | Your m. peace سَلامَك | Your pl. peace سَلامكُم | His peace سَلامُه | Her peace سَلامها | Their peace سَلامهُم | Our peace سَلامنا
Politics,beginner,دَولة,dawla,State,noun,دَولة (dawla),,,,My state دَولَتي | Your f. state دَولَتِك | Your m. state دَولَتَك | Your pl. state دَولَتكُم | His state دَولَتُه | Her state دَولَتها | Their state دَولَتهُم | Our state دَولَتنا
Politics,beginner,حَكومة,Hakooma,Government,noun,حَكومة (Hakooma),,,,My government حَكومَتي | Your f. government حَكومَتِك | Your m. government حَكومَتَك | Your pl. government حَكومَتكُم | His government حَكومَتُه | Her government حَكومَتها | Their government حَكومَتهُم | Our government حَكومَتنا
Politics,beginner,رَئيس,ra2ees,president,noun,رَئيس (ra2ees),,,,My president رَئيسي | Your f. president رَئيسِك | Your m. president رَئيسَك | Your pl. president رَئيسكُم | His president رَئيسُه | Her president رَئيسها | Their president رَئيسهُم | Our president رَئيسنا
Politics,beginner,أرض,arD,Land,noun,أرض (arD),,,,My land أرضي | Your f. land أرضِك | Your m. land أرضَك | Your pl. land أرضكُم | His land أرضُه | Her land أرضها | Their land أرضهُم | Our land أرضنا
Politics,beginner,حَدود,Hadood,Border,noun,حَدود (Hadood),,,,My border حَدودي | Your f. border حَدودِك | Your m. border حَدودَك | Your pl. border حَدودكُم | His border حَدودُه | Her border حَدودها | Their border حَدودهُم | Our border حَدودنا
Politics,beginner,دين,deen,Religion,noun,دين (deen),,,,My religion ديني | Your f. religion دينِك | Your m. religion دينَك | Your pl. religion دينكُم | His religion دينُه | Her religion دينها | Their religion دينهُم | Our religion ديننا
Politics,beginner,حُرّية,Hoorreea,Freedom,noun,حُرّية (Hoorreea),,,,My freedom حُرّيَتي | Your f. freedom حُرّيَتِك | Your m. freedom حُرّيَتَك | Your pl. freedom حُرّيَتكُم | His freedom حُرّيَتُه | Her freedom حُرّيَتها | Their freedom حُرّيَتهُم | Our freedom حُرّيَتنا
Politics,beginner,بَلَد,balad,Country,noun,,,بِلاد (bilad),,My country بَلَدي | Your f. country بَلَدِك | Your m. country بَلَدَك | Your pl. country بَلَدكُم | His country بَلَدُه | Her country بَلَدها | Their country بَلَدهُم | Our country بَلَدنا
Politics,beginner,سياسة,seeasa,Politics,noun,سياسة (seeasa),,,,My politics سياسَتي | Your f. politics سياسَتِك | Your m. politics سياسَتَك | Your pl. politics سياسَتكُم | His politics سياسَتُه | Her politics سياسَتها | Their politics سياسَتهُم | Our politics سياسَتنا
Politics,intermediate,أكثَرية,akthareea,majority,noun,أكثَرية (akthareea),,,,My majority أكثَريَتي | Your f. majority أكثَريَتِك | Your m. majority أكثَريَتَك | Your pl. majority أكثَريَتكُم | His majority أكثَريَتُه | Her majority أكثَريَتها | Their majority أكثَريَتهُم | Our majority أكثَريَتنا
Politics,intermediate,أقَلية,aqaleea,minority,noun,أقَلية (aqaleea),,,,My minority أقَليَتي | Your f. minority أقَليَتِك | Your m. minority أقَليَتَك | Your pl. minority أقَليَتكُم | His minority أقَليَتُه | Her minority أقَليَتها | Their minority أقَليَتهُم | Our minority أقَليَتنا
Politics,intermediate,إنتِخاب,intikhab,election,noun,إنتِخاب (intikhab),,,,My election إنتِخابي | Your f. election إنتِخابِك | Your m. election إنتِخابَك | Your pl. election إنتِخابكُم | His election إنتِخابُه | Her election إنتِخابها | Their election إنتِخابهُم | Our election إنتِخابنا
Politics,intermediate,ثَورة,thawra,Revolution,noun,,,,,My revolution ثَورَتي | Your f. revolution ثَورَتِك | Your m. revolution ثَورَتَك | Your pl. revolution ثَورَتكُم | His revolution ثَورَتُه | Her revolution ثَورَتها | Their revolution ثَورَتهُم | Our revolution ثَورَتنا
Politics,intermediate,مُظاهَرة,mooZahara,Demonstration,noun,,,,,My demonstration مُظاهَرَتي | Your f. demonstration مُظاهَرَتِك | Your m. demonstration مُظاهَرَتَك | Your pl. demonstration مُظاهَرَتكُم | His demonstration مُظاهَرَتُه | Her demonstration مُظاهَرَتها | Their demonstration مُظاهَرَتهُم | Our demonstration مُظاهَرَتنا
Politics,intermediate,إحتِجاج,iHtijaj,Protest,noun,,,احتجاجات (aHtjajat),,My protest إحتِجاجي | Your f. protest إحتِجاجِك | Your m. protest إحتِجاجَك | Your pl. protest إحتِجاجكُم | His protest إحتِجاجُه | Her protest إحتِجاجها | Their protest إحتِجاجهُم | Our protest إحتِجاجنا
Politics,intermediate,مُحتَجّ,mooHtajj,Protestor,noun,,,,,My protestor مُحتَجّي | Your f. protestor مُحتَجِّك | Your m. protestor مُحتَجَّك | Your pl. protestor مُحتَجّكُم | His protestor مُحتَجُّه | Her protestor مُحتَجّها | Their protestor مُحتَجّهُم | Our protestor مُحتَجّنا
Politics,intermediate,إنقِلاب,inqilab,Coup,noun,,,,,My coup إنقِلابي | Your f. coup إنقِلابِك | Your m. coup إنقِلابَك | Your pl. coup إنقِلابكُم | His coup إنقِلابُه | Her coup إنقِلابها | Their coup إنقِلابهُم | Our coup إنقِلابنا
Politics,intermediate,إجتِمَاع,ijtima3,Society,noun,إجتِمَاع (ijtima3),,,,My society إجتِمَاعي | Your f. society إجتِمَاعِك | Your m. society إجتِمَاعَك | Your pl. society إجتِمَاعكُم | His society إجتِمَاعُه | Her society إجتِمَاعها | Their society إجتِمَاعهُم | Our society إجتِمَاعنا
Politics,intermediate,شَعب,sha3b,People (political sense),noun,شَعب (sha3b),,شْعُوْب (sh3oob),,My people (political sense) شَعبي | Your f. people (political sense) شَعبِك | Your m. people (political sense) شَعبَك | Your pl. people (political sense) شَعبكُم | His people (political sense) شَعبُه | Her people (political sense) شَعبها | Their people (political sense) شَعبهُم | Our people (political sense) شَعبنا
Politics,intermediate,طَبَقة,Tabaqa,Class (social category),noun,طَبَقة (Tabaqa),,,,My class (social category) طَبَقَتي | Your f. class (social category) طَبَقَتِك | Your m. class (social category) طَبَقَتَك | Your pl. class (social category) طَبَقَتكُم | His class (social category) طَبَقَتُه | Her class (social category) طَبَقَتها | Their class (social category) طَبَقَتهُم | Our class (social category) طَبَقَتنا
Politics,intermediate,حِضارة,HiDara,Civilisation,noun,حِضارة (HiDara),,,,My civilisation حِضارَتي | Your f. civilisation حِضارَتِك | Your m. civilisation حِضارَتَك | Your pl. civilisation حِضارَتكُم | His civilisation حِضارَتُه | Her civilisation حِضارَتها | Their civilisation حِضارَتهُم | Our civilisation حِضارَتنا
Politics,intermediate,حاجِز,Hajiz,Checkpoint,noun,,,,,My checkpoint حاجِزي | Your f. checkpoint حاجِزِك | Your m. checkpoint حاجِزَك | Your pl. checkpoint حاجِزكُم | His checkpoint حاجِزُه | Her checkpoint حاجِزها | Their checkpoint حاجِزهُم | Our checkpoint حاجِزنا
Politics,intermediate,حِصار,HiSar,Blockade / siege,noun,,,,,My blockade / siege حِصاري | Your f. blockade / siege حِصارِك | Your m. blockade / siege حِصارَك | Your pl. blockade / siege حِصاركُم | His blockade / siege حِصارُه | Her blockade / siege حِصارها | Their blockade / siege حِصارهُم | Our blockade / siege حِصارنا
Politics,intermediate,مُستوطنة,moostooTna,Settlement,noun,,,,,My settlement مُستوطنَتي | Your f. settlement مُستوطنَتِك | Your m. settlement مُستوطنَتَك | Your pl. settlement مُستوطنَتكُم | His settlement مُستوطنَتُه | Her settlement مُستوطنَتها | Their settlement مُستوطنَتهُم | Our settlement مُستوطنَتنا
Politics,intermediate,مُستَوطِن,moostawTin,Settler,noun,,,,,My settler مُستَوطِني | Your f. settler مُستَوطِنِك | Your m. settler مُستَوطِنَك | Your pl. settler مُستَوطِنكُم | His settler مُستَوطِنُه | Her settler مُستَوطِنها | Their settler مُستَوطِنهُم | Our settler مُستَوطِننا
Politics,intermediate,قاضي,qaDee,Judge,noun,قاضي (qaDee),,,,My judge قاضيي | Your f. judge قاضيِك | Your m. judge قاضيَك | Your pl. judge قاضيكُم | His judge قاضيُه | Her judge قاضيها | Their judge قاضيهُم | Our judge قاضينا
Politics,intermediate,مُحَامِي,mooHami,Lawyer,noun,مُحَامِي (mooHami),,,,My lawyer مُحَامِيي | Your f. lawyer مُحَامِيِك | Your m. lawyer مُحَامِيَك | Your pl. lawyer مُحَامِيكُم | His lawyer مُحَامِيُه | Her lawyer مُحَامِيها | Their lawyer مُحَامِيهُم | Our lawyer مُحَامِينا
Politics,intermediate,أسير,aseer,Prisoner,noun,,,,,My prisoner أسيري | Your f. prisoner أسيرِك | Your m. prisoner أسيرَك | Your pl. prisoner أسيركُم | His prisoner أسيرُه | Her prisoner أسيرها | Their prisoner أسيرهُم | Our prisoner أسيرنا
Politics,intermediate,حَرب أهلية,Harb,Civil war,noun,,,,,
Politics,intermediate,حَليف,Haleef,Ally,noun,,,,,My ally حَليفي | Your f. ally حَليفِك | Your m. ally حَليفَك | Your pl. ally حَليفكُم | His ally حَليفُه | Her ally حَليفها | Their ally حَليفهُم | Our ally حَليفنا
Politics,intermediate,عَدو,3adoo,Enemy,noun,,,,,My enemy عَدوي | Your f. enemy عَدوِك | Your m. enemy عَدوَك | Your pl. enemy عَدوكُم | His enemy عَدوُه | Her enemy عَدوها | Their enemy عَدوهُم | Our enemy عَدونا
Politics,intermediate,دُبابة,doobaba,Tank,noun,,,,,My tank دُبابَتي | Your f. tank دُبابَتِك | Your m. tank دُبابَتَك | Your pl. tank دُبابَتكُم | His tank دُبابَتُه | Her tank دُبابَتها | Their tank دُبابَتهُم | Our tank دُبابَتنا
Politics,intermediate,رُصاص,rooSaS,Bullets,noun,,,,,My bullets رُصاصي | Your f. bullets رُصاصِك | Your m. bullets رُصاصَك | Your pl. bullets رُصاصكُم | His bullets رُصاصُه | Her bullets رُصاصها | Their bullets رُصاصهُم | Our bullets رُصاصنا
Politics,intermediate,سلاح,slaH,Weapon / gun,noun,,,أسلحة (aslHa),,My weapon / gun سلاحي | Your f. weapon / gun سلاحِك | Your m. weapon / gun سلاحَك | Your pl. weapon / gun سلاحكُم | His weapon / gun سلاحُه | Her weapon / gun سلاحها | Their weapon / gun سلاحهُم | Our weapon / gun سلاحنا
Politics,intermediate,سيّاسي,seeeeasee,politician,noun,سيّاسي (seeeeasee),,,,My politician سيّاسيي | Your f. politician سيّاسيِك | Your m. politician سيّاسيَك | Your pl. politician سيّاسيكُم | His politician سيّاسيُه | Her politician سيّاسيها | Their politician سيّاسيهُم | Our politician سيّاسينا
Politics,intermediate,نِظام,niZam,Regime / system,noun,نِظام (niZam),,,,My regime / system نِظامي | Your f. regime / system نِظامِك | Your m. regime / system نِظامَك | Your pl. regime / system نِظامكُم | His regime / system نِظامُه | Her regime / system نِظامها | Their regime / system نِظامهُم | Our regime / system نِظامنا
Politics,intermediate,بَرلمَان,barlman,parliament,noun,,,,,My parliament بَرلمَاني | Your f. parliament بَرلمَانِك | Your m. parliament بَرلمَانَك | Your pl. parliament بَرلمَانكُم | His parliament بَرلمَانُه | Her parliament بَرلمَانها | Their parliament بَرلمَانهُم | Our parliament بَرلمَاننا
Politics,intermediate,رَئيس وزراء,ra2ees,prime minister,noun,رَئيس (ra2ees),,,,
Politics,intermediate,وَزير,wazeer,Minister,noun,وَزير (wazeer),,,,My minister وَزيري | Your f. minister وَزيرِك | Your m. minister وَزيرَك | Your pl. minister وَزيركُم | His minister وَزيرُه | Her minister وَزيرها | Their minister وَزيرهُم | Our minister وَزيرنا
Politics,intermediate,وَزارة,wazara,Ministry,noun,وَزارة (wazara),,,,My ministry وَزارَتي | Your f. ministry وَزارَتِك | Your m. ministry وَزارَتَك | Your pl. ministry وَزارَتكُم | His ministry وَزارَتُه | Her ministry وَزارَتها | Their ministry وَزارَتهُم | Our ministry وَزارَتنا
Politics,intermediate,إقتِصاد,iqtiSad,Economy,noun,إقتِصاد (iqtiSad),,,,My economy إقتِصادي | Your f. economy إقتِصادِك | Your m. economy إقتِصادَك | Your pl. economy إقتِصادكُم | His economy إقتِصادُه | Her economy إقتِصادها | Their economy إقتِصادهُم | Our economy إقتِصادنا
Politics,intermediate,أُمّة,oomma,Nation,noun,أُمّة (oomma),,,,My nation أُمَّتي | Your f. nation أُمَّتِك | Your m. nation أُمَّتَك | Your pl. nation أُمَّتكُم | His nation أُمَّتُه | Her nation أُمَّتها | Their nation أُمَّتهُم | Our nation أُمَّتنا
Politics,intermediate,مُحَافَظة,mooHafaZa,District,noun,مُحَافَظة (mooHafaZa),,,,My district مُحَافَظَتي | Your f. district مُحَافَظَتِك | Your m. district مُحَافَظَتَك | Your pl. district مُحَافَظَتكُم | His district مُحَافَظَتُه | Her district مُحَافَظَتها | Their district مُحَافَظَتهُم | Our district مُحَافَظَتنا
Politics,intermediate,جُمهوريّة,joomhooreeeea,Republic,noun,جُمهوريّة (joomhooreeeea),,,,My republic جُمهوريَّتي | Your f. republic جُمهوريَّتِك | Your m. republic جُمهوريَّتَك | Your pl. republic جُمهوريَّتكُم | His republic جُمهوريَّتُه | Her republic جُمهوريَّتها | Their republic جُمهوريَّتهُم | Our republic جُمهوريَّتنا
Politics,intermediate,ديمُقراطية,deemooqraTeea,Democracy,noun,,,,,My democracy ديمُقراطيَتي | Your f. democracy ديمُقراطيَتِك | Your m. democracy ديمُقراطيَتَك | Your pl. democracy ديمُقراطيَتكُم | His democracy ديمُقراطيَتُه | Her democracy ديمُقراطيَتها | Their democracy ديمُقراطيَتهُم | Our democracy ديمُقراطيَتنا
Politics,intermediate,أوتوقراطية,aootooqraTeea,Autocracy,noun,,,,,My autocracy أوتوقراطيَتي | Your f. autocracy أوتوقراطيَتِك | Your m. autocracy أوتوقراطيَتَك | Your pl. autocracy أوتوقراطيَتكُم | His autocracy أوتوقراطيَتُه | Her autocracy أوتوقراطيَتها | Their autocracy أوتوقراطيَتهُم | Our autocracy أوتوقراطيَتنا
Politics,intermediate,دِكتاتور,diktatoor,Dictator,noun,,,,,My dictator دِكتاتوري | Your f. dictator دِكتاتورِك | Your m. dictator دِكتاتورَك | Your pl. dictator دِكتاتوركُم | His dictator دِكتاتورُه | Her dictator دِكتاتورها | Their dictator دِكتاتورهُم | Our dictator دِكتاتورنا
Politics,intermediate,وَعد,wa3d,Promise,noun,,,,,My promise وَعدي | Your f. promise وَعدِك | Your m. promise وَعدَك | Your pl. promise وَعدكُم | His promise وَعدُه | Her promise وَعدها | Their promise وَعدهُم | Our promise وَعدنا
Politics,intermediate,إتفاق,itfaq,Agreement,noun,,,,,My agreement إتفاقي | Your f. agreement إتفاقِك | Your m. agreement إتفاقَك | Your pl. agreement إتفاقكُم | His agreement إتفاقُه | Her agreement إتفاقها | Their agreement إتفاقهُم | Our agreement إتفاقنا
Politics,intermediate,إنهيار,inheear,Collapse,noun,,,,,My collapse إنهياري | Your f. collapse إنهيارِك | Your m. collapse إنهيارَك | Your pl. collapse إنهياركُم | His collapse إنهيارُه | Her collapse إنهيارها | Their collapse إنهيارهُم | Our collapse إنهيارنا
Politics,intermediate,صحّافة,SHHafa,"Press, Media",noun,,,,,"My press, media صحّافَتي | Your f. press, media صحّافَتِك | Your m. press, media صحّافَتَك | Your pl. press, media صحّافَتكُم | His press, media صحّافَتُه | Her press, media صحّافَتها | Their press, media صحّافَتهُم | Our press, media صحّافَتنا"
Politics,intermediate,حَكَم,Hakam,To govern / rule over,verb,حَكَم (Hakam),,,,Active participle حاكِم | Passive participle مَحْكُوم | Masdar حَكْم
Politics,intermediate,ثار,thar,To rebel against,verb,ثار (thar),,,,Active participle ثايِر | Passive participle مَثُور | Masdar ثَوْر
Politics,intermediate,قَسَم,qasam,To divide,verb,قَسَم (qasam),,,,Active participle قاسِم | Passive participle مَقْسُوم | Masdar قَسِم
Politics,intermediate,هَزَم,hazam,To defeat,verb,هَزَم (hazam),,,,Active participle هازِم | Passive participle مَهْزُوم | Masdar هَزْم
Politics,intermediate,حَكَم,Hakam,To govern / rule over,verb,حَكَم (Hakam),,,,Active participle حاكِم | Passive participle مَحْكُوم | Masdar حَكْم
Politics,intermediate,ثار,thar,To rebel against,verb,ثار (thar),,,,Active participle ثايِر | Passive participle مَثُور | Masdar ثَوْر
Politics,advanced,إستيراد,isteerad,Import,noun,,,,,My import إستيرادي | Your f. import إستيرادِك | Your m. import إستيرادَك | Your pl. import إستيرادكُم | His import إستيرادُه | Her import إستيرادها | Their import إستيرادهُم | Our import إستيرادنا
Politics,advanced,تَصدير,taSdeer,Export,noun,,,,,My export تَصديري | Your f. export تَصديرِك | Your m. export تَصديرَك | Your pl. export تَصديركُم | His export تَصديرُه | Her export تَصديرها | Their export تَصديرهُم | Our export تَصديرنا
Politics,advanced,قَبيلة,qabeela,Tribe,noun,,,قبائل (qba2l),,My tribe قَبيلَتي | Your f. tribe قَبيلَتِك | Your m. tribe قَبيلَتَك | Your pl. tribe قَبيلَتكُم | His tribe قَبيلَتُه | Her tribe قَبيلَتها | Their tribe قَبيلَتهُم | Our tribe قَبيلَتنا
Politics,advanced,حَكم ذاتي,Hakm,Autonomy,noun,حَكم (Hakm),,,,
Politics,advanced,ضَم أراضي,Dam,Annexation of territory,noun,,,,,
Politics,advanced,إعتِقال إداري,i3tiqal,Administrative detention,noun,,,,,
Politics,advanced,عَدلة,3adla,Justice,noun,,,,,My justice عَدلَتي | Your f. justice عَدلَتِك | Your m. justice عَدلَتَك | Your pl. justice عَدلَتكُم | His justice عَدلَتُه | Her justice عَدلَتها | Their justice عَدلَتهُم | Our justice عَدلَتنا
Politics,advanced,مرافِعة,mrafi3a,Advocacy,noun,,,,,My advocacy مرافِعَتي | Your f. advocacy مرافِعَتِك | Your m. advocacy مرافِعَتَك | Your pl. advocacy مرافِعَتكُم | His advocacy مرافِعَتُه | Her advocacy مرافِعَتها | Their advocacy مرافِعَتهُم | Our advocacy مرافِعَتنا
Politics,advanced,حَملة,Hamla,Campaign,noun,,,,,My campaign حَملَتي | Your f. campaign حَملَتِك | Your m. campaign حَملَتَك | Your pl. campaign حَملَتكُم | His campaign حَملَتُه | Her campaign حَملَتها | Their campaign حَملَتهُم | Our campaign حَملَتنا
Politics,advanced,مَجزَرة,majzara,Massacre,noun,,,,,My massacre مَجزَرَتي | Your f. massacre مَجزَرَتِك | Your m. massacre مَجزَرَتَك | Your pl. massacre مَجزَرَتكُم | His massacre مَجزَرَتُه | Her massacre مَجزَرَتها | Their massacre مَجزَرَتهُم | Our massacre مَجزَرَتنا
Politics,advanced,قَنبِلة,qanbila,Bomb,noun,,,قنابل (qnabl),,My bomb قَنبِلَتي | Your f. bomb قَنبِلَتِك | Your m. bomb قَنبِلَتَك | Your pl. bomb قَنبِلَتكُم | His bomb قَنبِلَتُه | Her bomb قَنبِلَتها | Their bomb قَنبِلَتهُم | Our bomb قَنبِلَتنا
Politics,advanced,مُجابِهة,moojabiha,Confrontation,noun,,,,,My confrontation مُجابِهَتي | Your f. confrontation مُجابِهَتِك | Your m. confrontation مُجابِهَتَك | Your pl. confrontation مُجابِهَتكُم | His confrontation مُجابِهَتُه | Her confrontation مُجابِهَتها | Their confrontation مُجابِهَتهُم | Our confrontation مُجابِهَتنا
Politics,advanced,سُلطة,soolTa,Authority,noun,سُلطة (soolTa),,,,My authority سُلطَتي | Your f. authority سُلطَتِك | Your m. authority سُلطَتَك | Your pl. authority سُلطَتكُم | His authority سُلطَتُه | Her authority سُلطَتها | Their authority سُلطَتهُم | Our authority سُلطَتنا
Politics,advanced,إضطِهاد,iDTihad,Oppression,noun,إضطِهاد (iDTihad),,,,My oppression إضطِهادي | Your f. oppression إضطِهادِك | Your m. oppression إضطِهادَك | Your pl. oppression إضطِهادكُم | His oppression إضطِهادُه | Her oppression إضطِهادها | Their oppression إضطِهادهُم | Our oppression إضطِهادنا
Politics,advanced,ميثاق حَقوق,meethaq,Bill of Rights,noun,,,,,
Politics,advanced,تَنوِير,tanwir,Enlightenment,noun,تَنوِير (tanwir),,,,My enlightenment تَنوِيري | Your f. enlightenment تَنوِيرِك | Your m. enlightenment تَنوِيرَك | Your pl. enlightenment تَنوِيركُم | His enlightenment تَنوِيرُه | Her enlightenment تَنوِيرها | Their enlightenment تَنوِيرهُم | Our enlightenment تَنوِيرنا
Politics,advanced,راسمالية,rasmaleea,Capitalism,noun,راسمالية (rasmaleea),,,,My capitalism راسماليَتي | Your f. capitalism راسماليَتِك | Your m. capitalism راسماليَتَك | Your pl. capitalism راسماليَتكُم | His capitalism راسماليَتُه | Her capitalism راسماليَتها | Their capitalism راسماليَتهُم | Our capitalism راسماليَتنا
Politics,advanced,شُيوعيّة,shooeeoo3eeeea,Communism,noun,شُيوعيّة (shooeeoo3eeeea),,,,My communism شُيوعيَّتي | Your f. communism شُيوعيَّتِك | Your m. communism شُيوعيَّتَك | Your pl. communism شُيوعيَّتكُم | His communism شُيوعيَّتُه | Her communism شُيوعيَّتها | Their communism شُيوعيَّتهُم | Our communism شُيوعيَّتنا
Politics,advanced,إستِعمار,isti3mar,Colonialism,noun,إستِعمار (isti3mar),,,,My colonialism إستِعماري | Your f. colonialism إستِعمارِك | Your m. colonialism إستِعمارَك | Your pl. colonialism إستِعماركُم | His colonialism إستِعمارُه | Her colonialism إستِعمارها | Their colonialism إستِعمارهُم | Our colonialism إستِعمارنا
Politics,advanced,واقِع,waqi3,Reality,noun,واقِع (waqi3),,,,My reality واقِعي | Your f. reality واقِعِك | Your m. reality واقِعَك | Your pl. reality واقِعكُم | His reality واقِعُه | Her reality واقِعها | Their reality واقِعهُم | Our reality واقِعنا
Politics,advanced,تَميِّز,tameeeeiz,Discrimination,noun,تَميِّز (tameeeeiz),,,,My discrimination تَميِّزي | Your f. discrimination تَميِّزِك | Your m. discrimination تَميِّزَك | Your pl. discrimination تَميِّزكُم | His discrimination تَميِّزُه | Her discrimination تَميِّزها | Their discrimination تَميِّزهُم | Our discrimination تَميِّزنا
Politics,advanced,مُتساوي,mootsaooee,Equal,noun,مُتساوي (mootsaooee),,,,
Politics,advanced,مُساواة,moosaooaa,Equality,noun,مُساواة (moosaooaa),,,,My equality مُساواَتي | Your f. equality مُساواَتِك | Your m. equality مُساواَتَك | Your pl. equality مُساواَتكُم | His equality مُساواَتُه | Her equality مُساواَتها | Their equality مُساواَتهُم | Our equality مُساواَتنا
Politics,advanced,إشتِراكيّة,ishtirakeeeea,Socialism,noun,إشتِراكيّة (ishtirakeeeea),,,,My socialism إشتِراكيَّتي | Your f. socialism إشتِراكيَّتِك | Your m. socialism إشتِراكيَّتَك | Your pl. socialism إشتِراكيَّتكُم | His socialism إشتِراكيَّتُه | Her socialism إشتِراكيَّتها | Their socialism إشتِراكيَّتهُم | Our socialism إشتِراكيَّتنا
Politics,advanced,إشتراكي,ishtrakee,Socialist,noun,إشتراكي (ishtrakee),,,,
Politics,advanced,شَفافية,shafafeea,Transparency,noun,شَفافية (shafafeea),,,,My transparency شَفافيَتي | Your f. transparency شَفافيَتِك | Your m. transparency شَفافيَتَك | Your pl. transparency شَفافيَتكُم | His transparency شَفافيَتُه | Her transparency شَفافيَتها | Their transparency شَفافيَتهُم | Our transparency شَفافيَتنا
Politics,advanced,الوَضَع الراهِن,il-waDa3,The Status Quo,noun,,,,,
Politics,advanced,إتفاقية,itfaqeea,Agreement,noun,,,,,My agreement إتفاقيَتي | Your f. agreement إتفاقيَتِك | Your m. agreement إتفاقيَتَك | Your pl. agreement إتفاقيَتكُم | His agreement إتفاقيَتُه | Her agreement إتفاقيَتها | Their agreement إتفاقيَتهُم | Our agreement إتفاقيَتنا
Politics,advanced,تُسامِح,toosamiH,Tolerance,noun,,,,,My tolerance تُسامِحي | Your f. tolerance تُسامِحِك | Your m. tolerance تُسامِحَك | Your pl. tolerance تُسامِحكُم | His tolerance تُسامِحُه | Her tolerance تُسامِحها | Their tolerance تُسامِحهُم | Our tolerance تُسامِحنا
Politics,advanced,صَلّة,Salla,Connection,noun,,,,,My connection صَلَّتي | Your f. connection صَلَّتِك | Your m. connection صَلَّتَك | Your pl. connection صَلَّتكُم | His connection صَلَّتُه | Her connection صَلَّتها | Their connection صَلَّتهُم | Our connection صَلَّتنا
Politics,advanced,دول نامية,dool,Developing countries,noun,,,,,
Politics,advanced,دول متقدمة,dool,Developed countries,noun,,,,,
Politics,advanced,خيّانة,kheeeeana,Betrayal,noun,,,,,My betrayal خيّانَتي | Your f. betrayal خيّانَتِك | Your m. betrayal خيّانَتَك | Your pl. betrayal خيّانَتكُم | His betrayal خيّانَتُه | Her betrayal خيّانَتها | Their betrayal خيّانَتهُم | Our betrayal خيّانَتنا
Politics,advanced,خاين,khaeen,Traitor,noun,,,,,My traitor خايني | Your f. traitor خاينِك | Your m. traitor خاينَك | Your pl. traitor خاينكُم | His traitor خاينُه | Her traitor خاينها | Their traitor خاينهُم | Our traitor خايننا
Politics,advanced,أَوْصى,awSa,To command,verb,أَوْصى (awSa),,,,Active participle مِوْصِي | Passive participle مُوْصى | Masdar إِوْصاء
Politics,advanced,اتَّحَد,attaHad,To unite,verb,اتَّحَد (attaHad),,,,Active participle مِتَّحِد | Passive participle مُتَّحَد | Masdar اتِّحاد
Politics,advanced,أَعْلَن,a3lan,To announce / declare / proclaim,verb,أَعْلَن (a3lan),,,,Active participle مِعْلِن | Masdar إِعْلان
Politics,advanced,انْتَمى,antama,To belong to / be associated with,verb,انْتَمى (antama),,,,Active participle مِنْتَمِي
Politics,advanced,اسْتَقَلّ,astaqall,To become independent,verb,اسْتَقَلّ (astaqall),,,,Active participle مِسْتَقِلّ | Passive participle مُسْتَقَلّ | Masdar اسْتِقْلال
Politics,advanced,أَضْرَب,aDrab,To go on strike,verb,أَضْرَب (aDrab),,,,Active participle مِضْرِب | Masdar إِضْراب
Politics,advanced,احْتَلّ,aHtall,To occupy,verb,احْتَلّ (aHtall),,,,Active participle مِحْتَلّ | Passive participle مُحْتَلّ | Masdar احْتِلال
Politics,advanced,اجْتاح,ajtaH,To invade,verb,اجْتاح (ajtaH),,,,Active participle مِجْتَاح | Passive participle مُجْتاح | Masdar اجْتِياح
Politics,advanced,اسْتَسْلَم,astaslam,To surrender,verb,اسْتَسْلَم (astaslam),,,,Active participle مِسْتَسْلِم | Passive participle مُسْتَسْلَم | Masdar اسْتِسْلام
Time,beginner,الأحَد,il-aHad,Sunday,noun,الأحَد (il-aHad),,,,
Time,beginner,الإتنَين,il-itnayn,Monday,noun,الإتنَين (il-itnayn),,,,
Time,beginner,التَلاتة,it-talata,Tuesday,noun,التَلاتة (it-talata),,,,
Time,beginner,الأربِعاء,il-arbi3a2,Wednesday,noun,الأربِعاء (il-arbi3a2),,,,
Time,beginner,الخَميس,il-khamees,Thursday,noun,الخَميس (il-khamees),,,,
Time,beginner,الجُمعة,il-joom3a,Friday,noun,الجُمعة (il-joom3a),,,,
Time,beginner,السَبت,is-sabt,Saturday,noun,السَبت (is-sabt),,,,
Time,beginner,ثَانِيِّة,thaniia,Second,noun,,,ثَوَاْنِي (thawani),,My second ثَانِيَِّتي | Your f. second ثَانِيَِّتِك | Your m. second ثَانِيَِّتَك | Your pl. second ثَانِيَِّتكُم | His second ثَانِيَِّتُه | Her second ثَانِيَِّتها | Their second ثَانِيَِّتهُم | Our second ثَانِيَِّتنا
Time,beginner,دَقِيقة,daqiqa,Minute,noun,,,دَقَايِق (daqayiq),,My minute دَقِيقَتي | Your f. minute دَقِيقَتِك | Your m. minute دَقِيقَتَك | Your pl. minute دَقِيقَتكُم | His minute دَقِيقَتُه | Her minute دَقِيقَتها | Their minute دَقِيقَتهُم | Our minute دَقِيقَتنا
Time,beginner,ساعة,sa3a,Hour,noun,,,ساعات (sa3at),,My hour ساعَتي | Your f. hour ساعَتِك | Your m. hour ساعَتَك | Your pl. hour ساعَتكُم | His hour ساعَتُه | Her hour ساعَتها | Their hour ساعَتهُم | Our hour ساعَتنا
Time,beginner,يُوم,yoom,Day,noun,,,ايام (aeeam),,My day يُومي | Your f. day يُومِك | Your m. day يُومَك | Your pl. day يُومكُم | His day يُومُه | Her day يُومها | Their day يُومهُم | Our day يُومنا
Time,beginner,أُسبُوع,oosboo3,Week,noun,,,,,My week أُسبُوعي | Your f. week أُسبُوعِك | Your m. week أُسبُوعَك | Your pl. week أُسبُوعكُم | His week أُسبُوعُه | Her week أُسبُوعها | Their week أُسبُوعهُم | Our week أُسبُوعنا
Time,beginner,شَهِر,shahir,Month,noun,,,أُشْهُر (ooshhoor),,My month شَهِري | Your f. month شَهِرِك | Your m. month شَهِرَك | Your pl. month شَهِركُم | His month شَهِرُه | Her month شَهِرها | Their month شَهِرهُم | Our month شَهِرنا
Time,beginner,سَنة,sana,Year,noun,,,سَنين (saneen),,My year سَنَتي | Your f. year سَنَتِك | Your m. year سَنَتَك | Your pl. year سَنَتكُم | His year سَنَتُه | Her year سَنَتها | Their year سَنَتهُم | Our year سَنَتنا
Time,beginner,مبارِح,mbariH,Yesterday,noun,,,,,
Time,beginner,أوَّل مْبارِح,aooooal,The day before yesterday,noun,,,,,
Time,beginner,اليوم,il-eeoom,Today,noun,,,,,
Time,beginner,بُكرَا,bookra,Tomorrow,noun,,,,,
Time,beginner,بَعد بُكرا,ba3d,The day after tomorrow,noun,,,,,
Time,beginner,صُبح,SoobH,Morning,noun,صُبح (SoobH),,,,My morning صُبحي | Your f. morning صُبحِك | Your m. morning صُبحَك | Your pl. morning صُبحكُم | His morning صُبحُه | Her morning صُبحها | Their morning صُبحهُم | Our morning صُبحنا
Time,beginner,مَسا,masa,Evening,noun,,,مَسَاْوَاْت (masawat),,My evening مَساي | Your f. evening مَساِك | Your m. evening مَساَك | Your pl. evening مَساكُم | His evening مَساُه | Her evening مَساها | Their evening مَساهُم | Our evening مَسانا
Time,beginner,لَيل,layl,Nighttime,noun,,,,,My nighttime لَيلي | Your f. nighttime لَيلِك | Your m. nighttime لَيلَك | Your pl. nighttime لَيلكُم | His nighttime لَيلُه | Her nighttime لَيلها | Their nighttime لَيلهُم | Our nighttime لَيلنا
Time,beginner,لَيلة,layla,Night,noun,,,لَيَاْلِي (layali),,My night لَيلَتي | Your f. night لَيلَتِك | Your m. night لَيلَتَك | Your pl. night لَيلَتكُم | His night لَيلَتُه | Her night لَيلَتها | Their night لَيلَتهُم | Our night لَيلَتنا
Time,beginner,المَسَا,il-masa,This evening,noun,,,,,
Time,beginner,وَقت,waqt,Time,noun,,,,,My time وَقتي | Your f. time وَقتِك | Your m. time وَقتَك | Your pl. time وَقتكُم | His time وَقتُه | Her time وَقتها | Their time وَقتهُم | Our time وَقتنا
Time,beginner,بَكير,bakeer,Early,adjective,بَكير (bakeer),,,,
Time,beginner,بَدري,badree,Early,adjective,بَدري (badree),,,,
Time,beginner,مُتأخِر,mootakhir,Late,adjective,مُتأخِر (mootakhir),,,,
Time,beginner,اليوم,il-eeoom,Today,functional,,,,,
Time,beginner,مبَارِح,mbariH,Yesterday,functional,,,,,
Time,beginner,بُكرة,bookra,Tomorrow,functional,,,,,
Time,beginner,هَلَّأ,hallaa,Now,functional,,,,,
Time,beginner,قَبل,qabl,Before,functional,,,,,
Time,beginner,بَعد,ba3d,After,functional,,,,,After me بَعدي | After you f. بَعدِك | After you m. بَعدَك | After you pl. بَعدكُم | After him بَعدُه | After her بَعدها | After them بَعدهُم | After us بَعدنا
Time,beginner,بَعدَين,ba3dayn,Later,functional,,,,,
Time,intermediate,اليُوم الصُبِح,il-yoom,This morning,noun,,,,,
Time,intermediate,اليُوم بَعد الظُهر,il-yoom,This afternoon,noun,,,,,
Time,intermediate,لَيلة مْبارِح,layla,Last night,noun,,,,,
Time,intermediate,الاُسْبُوع الماضِي,il-oosboo3,Last week,noun,,,,,
Time,intermediate,الشَهِر الماضي,ish-shahir,Last month,noun,,,,,
Time,intermediate,السَنة الماضِية,is-sana,Last year,noun,,,,,
Time,intermediate,الاُسْبُوع الجاي,il-oosboo3,Next week,noun,,,,,
Time,intermediate,الشَهِر الجاي,ish-shahir,Next month,noun,,,,,
Time,intermediate,السَنة الجاية,is-sana,Next year,noun,,,,,
Time,intermediate,الدوحة,id-dooHa,Doha,noun,الدوحة (id-dooHa),,,,
Time,intermediate,ظُهر,Zoohr,Noon,noun,ظُهر (Zoohr),,ظهور (Zhoor),,My back ظُهري | Your f. back ظُهرِك | Your m. back ظُهرَك | Your pl. back ظُهركُم | His back ظُهرُه | Her back ظُهرها | Their back ظُهرهُم | Our back ظُهرنا
Time,intermediate,بَعد الظُهر,ba3d,Afternoon,noun,,,,,
Time,intermediate,نُص اللَيل,nooS,Midnight,noun,,,,,
Time,intermediate,دايماً,daeeman,Always,functional,,,,,
Time,intermediate,عادةً,3adtan,Usually,functional,,,,,
Time,intermediate,مِن زَمان,min,since long ago,functional,,,,,
Time,intermediate,مِن لَحظة,min,since a moment,functional,,,,,
Time,intermediate,مِن شَهر,min,since a month,functional,,,,,
Time,intermediate,مِن مُدّة,min,since a short time,functional,,,,,
Time,intermediate,مِن أُسبوع,min,since a week,functional,,,,,
Time,intermediate,مِن شوَي,min,since a while,functional,,,,,
Time,intermediate,مِن سَنة,min,since a year,functional,,,,,
Time,intermediate,زَمان,zaman,A long time ago,functional,,,,,
Time,intermediate,قَريباً,qareeban,Soon / recently,functional,,,,,
Time,intermediate,بَدري,badree,Early,functional,,,,,
Time,intermediate,مِتأَخِّر,mitakhkhir,Late,functional,,,,,
Time,advanced,غالِباً,ghaliban,"Usually, mostly",functional,,,,,
Time,advanced,أحياناً,aHeeanan,Sometimes,functional,,,,,
Time,advanced,نادِراً,nadiran,Rarely,functional,,,,,
Time,advanced,أبَداً,abadan,Never,functional,,,,,
Time,advanced,أَخِيراً,akhiran,Finally,functional,,,,,
Time,advanced,فَوراً,fawran,Immediately,functional,,,,,
Time,advanced,عَلى وَقت,3ala,On time,functional,,,,,
Body,beginner,إِيد,id,Hand / arm,noun,إِيد (id),,,,My hand / arm إِيدي | Your f. hand / arm إِيدِك | Your m. hand / arm إِيدَك | Your pl. hand / arm إِيدكُم | His hand / arm إِيدُه | Her hand / arm إِيدها | Their hand / arm إِيدهُم | Our hand / arm إِيدنا
Body,beginner,أُصبِع,ooSbi3,Finger,noun,أُصبِع (ooSbi3),,أصابع (aSab3),,My finger أُصبِعي | Your f. finger أُصبِعِك | Your m. finger أُصبِعَك | Your pl. finger أُصبِعكُم | His finger أُصبِعُه | Her finger أُصبِعها | Their finger أُصبِعهُم | Our finger أُصبِعنا
Body,beginner,قَلب,qalb,Heart,noun,قَلب (qalb),,,,My heart قَلبي | Your f. heart قَلبِك | Your m. heart قَلبَك | Your pl. heart قَلبكُم | His heart قَلبُه | Her heart قَلبها | Their heart قَلبهُم | Our heart قَلبنا
Body,beginner,جِسم,jism,Body,noun,جِسم (jism),,,,My body جِسمي | Your f. body جِسمِك | Your m. body جِسمَك | Your pl. body جِسمكُم | His body جِسمُه | Her body جِسمها | Their body جِسمهُم | Our body جِسمنا
Body,beginner,راس,ras,Head,noun,راس (ras),,روس (roos),,My head راسي | Your f. head راسِك | Your m. head راسَك | Your pl. head راسكُم | His head راسُه | Her head راسها | Their head راسهُم | Our head راسنا
Body,beginner,صِدر,Sidr,Chest,noun,صِدر (Sidr),,صدور (Sdoor),,My chest صِدري | Your f. chest صِدرِك | Your m. chest صِدرَك | Your pl. chest صِدركُم | His chest صِدرُه | Her chest صِدرها | Their chest صِدرهُم | Our chest صِدرنا
Body,beginner,رِجْل,rijl,Leg / foot,noun,,,رِجْلَيْن (rijlayn),,My leg / foot رِجْلي | Your f. leg / foot رِجْلِك | Your m. leg / foot رِجْلَك | Your pl. leg / foot رِجْلكُم | His leg / foot رِجْلُه | Her leg / foot رِجْلها | Their leg / foot رِجْلهُم | Our leg / foot رِجْلنا
Body,beginner,قَدم,qadm,foot,noun,قَدم (qadm),,أقدام (aqdam),,My foot قَدمي | Your f. foot قَدمِك | Your m. foot قَدمَك | Your pl. foot قَدمكُم | His foot قَدمُه | Her foot قَدمها | Their foot قَدمهُم | Our foot قَدمنا
Body,beginner,وِجْه,wijh,Face,noun,وِجْه (wijh),,وجوه (wjooh),,My face وِجْهي | Your f. face وِجْهِك | Your m. face وِجْهَك | Your pl. face وِجْهكُم | His face وِجْهُه | Her face وِجْهها | Their face وِجْههُم | Our face وِجْهنا
Body,beginner,عَين,3ayn,Eye,noun,عَين (3ayn),,عيون (3eeoon),,My eye عَيني | Your f. eye عَينِك | Your m. eye عَينَك | Your pl. eye عَينكُم | His eye عَينُه | Her eye عَينها | Their eye عَينهُم | Our eye عَيننا
Body,beginner,مَنخار,mankhar,Nose,noun,,,,,My nose مَنخاري | Your f. nose مَنخارِك | Your m. nose مَنخارَك | Your pl. nose مَنخاركُم | His nose مَنخارُه | Her nose مَنخارها | Their nose مَنخارهُم | Our nose مَنخارنا
Body,beginner,أُذن,oodhn,Ear,noun,أُذن (oodhn),,,,My ear أُذني | Your f. ear أُذنِك | Your m. ear أُذنَك | Your pl. ear أُذنكُم | His ear أُذنُه | Her ear أُذنها | Their ear أُذنهُم | Our ear أُذننا
Body,beginner,ثِم,thim,Mouth,noun,ثِم (thim),,اثمام (athmam),,My mouth ثِمي | Your f. mouth ثِمِك | Your m. mouth ثِمَك | Your pl. mouth ثِمكُم | His mouth ثِمُه | Her mouth ثِمها | Their mouth ثِمهُم | Our mouth ثِمنا
Body,beginner,سِن,sin,Tooth,noun,سِن (sin),,سْنان (snan),,My tooth سِني | Your f. tooth سِنِك | Your m. tooth سِنَك | Your pl. tooth سِنكُم | His tooth سِنُه | Her tooth سِنها | Their tooth سِنهُم | Our tooth سِننا
Body,beginner,شَعر,sha3r,Hair,noun,شَعر (sha3r),,,,My hair شَعري | Your f. hair شَعرِك | Your m. hair شَعرَك | Your pl. hair شَعركُم | His hair شَعرُه | Her hair شَعرها | Their hair شَعرهُم | Our hair شَعرنا
Body,intermediate,ذِراع,dhira3,Arm,noun,ذِراع (dhira3),,اذرع (adhr3),,My arm ذِراعي | Your f. arm ذِراعِك | Your m. arm ذِراعَك | Your pl. arm ذِراعكُم | His arm ذِراعُه | Her arm ذِراعها | Their arm ذِراعهُم | Our arm ذِراعنا
Body,intermediate,كَف,kaf,Palm,noun,,,كفوف (kfoof),,My palm كَفي | Your f. palm كَفِك | Your m. palm كَفَك | Your pl. palm كَفكُم | His palm كَفُه | Her palm كَفها | Their palm كَفهُم | Our palm كَفنا
Body,intermediate,مُخ,mookh,Brain,noun,,,مخاخ (mkhakh),,My brain مُخي | Your f. brain مُخِك | Your m. brain مُخَك | Your pl. brain مُخكُم | His brain مُخُه | Her brain مُخها | Their brain مُخهُم | Our brain مُخنا
Body,intermediate,عَضلة,3aDla,Muscle,noun,,,,,My muscle عَضلَتي | Your f. muscle عَضلَتِك | Your m. muscle عَضلَتَك | Your pl. muscle عَضلَتكُم | His muscle عَضلَتُه | Her muscle عَضلَتها | Their muscle عَضلَتهُم | Our muscle عَضلَتنا
Body,intermediate,جِلد,jild,skin,noun,,,جلود (jlood),,My skin جِلدي | Your f. skin جِلدِك | Your m. skin جِلدَك | Your pl. skin جِلدكُم | His skin جِلدُه | Her skin جِلدها | Their skin جِلدهُم | Our skin جِلدنا
Body,intermediate,دَم,dam,Blood,noun,,,,,My blood دَمي | Your f. blood دَمِك | Your m. blood دَمَك | Your pl. blood دَمكُم | His blood دَمُه | Her blood دَمها | Their blood دَمهُم | Our blood دَمنا
Body,intermediate,ظُهر,Zoohr,Back,noun,ظُهر (Zoohr),,ظهور (Zhoor),,My back ظُهري | Your f. back ظُهرِك | Your m. back ظُهرَك | Your pl. back ظُهركُم | His back ظُهرُه | Her back ظُهرها | Their back ظُهرهُم | Our back ظُهرنا
Body,intermediate,كَتف,katf,Shoulder,noun,كَتف (katf),,كتاف (ktaf),,My shoulder كَتفي | Your f. shoulder كَتفِك | Your m. shoulder كَتفَك | Your pl. shoulder كَتفكُم | His shoulder كَتفُه | Her shoulder كَتفها | Their shoulder كَتفهُم | Our shoulder كَتفنا
Body,intermediate,بَطن,baTn,Abdomen,noun,بَطن (baTn),,بطون (bToon),,My abdomen بَطني | Your f. abdomen بَطنِك | Your m. abdomen بَطنَك | Your pl. abdomen بَطنكُم | His abdomen بَطنُه | Her abdomen بَطنها | Their abdomen بَطنهُم | Our abdomen بَطننا
Body,intermediate,معِدة,m3ida,Stomach,noun,,,معد (m3d),,My stomach معِدَتي | Your f. stomach معِدَتِك | Your m. stomach معِدَتَك | Your pl. stomach معِدَتكُم | His stomach معِدَتُه | Her stomach معِدَتها | Their stomach معِدَتهُم | Our stomach معِدَتنا
Body,intermediate,طيز,Teez,Buttocks,noun,,,,,My buttocks طيزي | Your f. buttocks طيزِك | Your m. buttocks طيزَك | Your pl. buttocks طيزكُم | His buttocks طيزُه | Her buttocks طيزها | Their buttocks طيزهُم | Our buttocks طيزنا
Body,intermediate,فَخذ,fakhdh,Thigh,noun,,,أفخاذ (afkhadh),,My thigh فَخذي | Your f. thigh فَخذِك | Your m. thigh فَخذَك | Your pl. thigh فَخذكُم | His thigh فَخذُه | Her thigh فَخذها | Their thigh فَخذهُم | Our thigh فَخذنا
Body,intermediate,كاحِل,kaHil,Ankle,noun,,,,,My ankle كاحِلي | Your f. ankle كاحِلِك | Your m. ankle كاحِلَك | Your pl. ankle كاحِلكُم | His ankle كاحِلُه | Her ankle كاحِلها | Their ankle كاحِلهُم | Our ankle كاحِلنا
Body,intermediate,أُنف,oonf,Nose (more fusHa),noun,أُنف (oonf),,,,My nose (more fusha) أُنفي | Your f. nose (more fusha) أُنفِك | Your m. nose (more fusha) أُنفَك | Your pl. nose (more fusha) أُنفكُم | His nose (more fusha) أُنفُه | Her nose (more fusha) أُنفها | Their nose (more fusha) أُنفهُم | Our nose (more fusha) أُنفنا
Body,intermediate,شِفّة,shiffa,Lip,noun,,,شفايف (shfaeef),,My lip شِفَّتي | Your f. lip شِفَّتِك | Your m. lip شِفَّتَك | Your pl. lip شِفَّتكُم | His lip شِفَّتُه | Her lip شِفَّتها | Their lip شِفَّتهُم | Our lip شِفَّتنا
Body,intermediate,لِسان,lisan,Tongue,noun,,,,,My tongue لِساني | Your f. tongue لِسانِك | Your m. tongue لِسانَك | Your pl. tongue لِسانكُم | His tongue لِسانُه | Her tongue لِسانها | Their tongue لِسانهُم | Our tongue لِساننا
Body,intermediate,دَقن,daqn,Beard / chin,noun,,,,,My beard / chin دَقني | Your f. beard / chin دَقنِك | Your m. beard / chin دَقنَك | Your pl. beard / chin دَقنكُم | His beard / chin دَقنُه | Her beard / chin دَقنها | Their beard / chin دَقنهُم | Our beard / chin دَقننا
Body,intermediate,شارِب,sharib,Moustache,noun,شارِب (sharib),,شوارب (shooarb),,My moustache شارِبي | Your f. moustache شارِبِك | Your m. moustache شارِبَك | Your pl. moustache شارِبكُم | His moustache شارِبُه | Her moustache شارِبها | Their moustache شارِبهُم | Our moustache شارِبنا
Body,intermediate,خَد,khad,cheek,noun,,,خدود (khdood),,My cheek خَدي | Your f. cheek خَدِك | Your m. cheek خَدَك | Your pl. cheek خَدكُم | His cheek خَدُه | Her cheek خَدها | Their cheek خَدهُم | Our cheek خَدنا
Body,intermediate,جَبين,jabeen,forehead,noun,,,,,My forehead جَبيني | Your f. forehead جَبينِك | Your m. forehead جَبينَك | Your pl. forehead جَبينكُم | His forehead جَبينُه | Her forehead جَبينها | Their forehead جَبينهُم | Our forehead جَبيننا
Body,advanced,كُوع,koo3,Elbow,noun,,,كواع (kooa3),,My elbow كُوعي | Your f. elbow كُوعِك | Your m. elbow كُوعَك | Your pl. elbow كُوعكُم | His elbow كُوعُه | Her elbow كُوعها | Their elbow كُوعهُم | Our elbow كُوعنا
Body,advanced,رُسغ,roosgh,wrist,noun,,,أرساغ (arsagh),,My wrist رُسغي | Your f. wrist رُسغِك | Your m. wrist رُسغَك | Your pl. wrist رُسغكُم | His wrist رُسغُه | Her wrist رُسغها | Their wrist رُسغهُم | Our wrist رُسغنا
Body,advanced,عَظمة,3aZma,Bone,noun,,,عظم (3Zm),,My bone عَظمَتي | Your f. bone عَظمَتِك | Your m. bone عَظمَتَك | Your pl. bone عَظمَتكُم | His bone عَظمَتُه | Her bone عَظمَتها | Their bone عَظمَتهُم | Our bone عَظمَتنا
Body,advanced,مَفصِل,mafSil,Joint,noun,مَفصِل (mafSil),,مفاصل (mfaSl),,My joint مَفصِلي | Your f. joint مَفصِلِك | Your m. joint مَفصِلَك | Your pl. joint مَفصِلكُم | His joint مَفصِلُه | Her joint مَفصِلها | Their joint مَفصِلهُم | Our joint مَفصِلنا
Body,advanced,رَقبة,raqba,Neck,noun,,,رقاب (rqab),,My neck رَقبَتي | Your f. neck رَقبَتِك | Your m. neck رَقبَتَك | Your pl. neck رَقبَتكُم | His neck رَقبَتُه | Her neck رَقبَتها | Their neck رَقبَتهُم | Our neck رَقبَتنا
Body,advanced,رُكبة,rookba,Knee,noun,رُكبة (rookba),,ركب (rkb),,My knee رُكبَتي | Your f. knee رُكبَتِك | Your m. knee رُكبَتَك | Your pl. knee رُكبَتكُم | His knee رُكبَتُه | Her knee رُكبَتها | Their knee رُكبَتهُم | Our knee رُكبَتنا
Body,advanced,صابونة رِجل,Saboona,kneecap,noun,,,,,
Body,advanced,فَرقَد,farqad,Calf,noun,,,بطات (bTat),,My calf فَرقَدي | Your f. calf فَرقَدِك | Your m. calf فَرقَدَك | Your pl. calf فَرقَدكُم | His calf فَرقَدُه | Her calf فَرقَدها | Their calf فَرقَدهُم | Our calf فَرقَدنا
Body,advanced,إصبَع قَدم,iSba3,Toe,noun,إصبَع (iSba3),,اصابع (aSab3),,
Body,advanced,جَبهة,jabha,Forehead,noun,جَبهة (jabha),,جباه (jbah),,My forehead جَبهَتي | Your f. forehead جَبهَتِك | Your m. forehead جَبهَتَك | Your pl. forehead جَبهَتكُم | His forehead جَبهَتُه | Her forehead جَبهَتها | Their forehead جَبهَتهُم | Our forehead جَبهَتنا
Body,advanced,حاجِب,Hajib,eyebrow,noun,حاجِب (Hajib),,حواجب (Hooajb),,My eyebrow حاجِبي | Your f. eyebrow حاجِبِك | Your m. eyebrow حاجِبَك | Your pl. eyebrow حاجِبكُم | His eyebrow حاجِبُه | Her eyebrow حاجِبها | Their eyebrow حاجِبهُم | Our eyebrow حاجِبنا
Body,advanced,هَدب,hadb,eyelash,noun,هَدب (hadb),,,,My eyelash هَدبي | Your f. eyelash هَدبِك | Your m. eyelash هَدبَك | Your pl. eyelash هَدبكُم | His eyelash هَدبُه | Her eyelash هَدبها | Their eyelash هَدبهُم | Our eyelash هَدبنا
Body,advanced,فَك,fak,Jaw,noun,,,,,My jaw فَكي | Your f. jaw فَكِك | Your m. jaw فَكَك | Your pl. jaw فَككُم | His jaw فَكُه | Her jaw فَكها | Their jaw فَكهُم | Our jaw فَكنا
People,beginner,مَرة,mara,Woman,noun,,,,,My woman مَرَتي | Your f. woman مَرَتِك | Your m. woman مَرَتَك | Your pl. woman مَرَتكُم | His woman مَرَتُه | Her woman مَرَتها | Their woman مَرَتهُم | Our woman مَرَتنا
People,beginner,رَجُل,rajool,Man,noun,رَجُل (rajool),,رِجَاْل (rijal),,My man رَجُلي | Your f. man رَجُلِك | Your m. man رَجُلَك | Your pl. man رَجُلكُم | His man رَجُلُه | Her man رَجُلها | Their man رَجُلهُم | Our man رَجُلنا
People,beginner,ناس,nas,People,noun,ناس (nas),,,,My people ناسي | Your f. people ناسِك | Your m. people ناسَك | Your pl. people ناسكُم | His people ناسُه | Her people ناسها | Their people ناسهُم | Our people ناسنا
People,beginner,كَبِير,kabir,Old,adjective,كَبِير (kabir),كَبِيرة (kabira),كْبار (kbar),أَكْبَر (akbar),
People,beginner,صغِير,Sghir,Young,adjective,صغِير (Sghir),صغِيرة (Sghira),صغار (Sghar),أصغَر (aSghar),
People,beginner,طَوِيل,Tawil,Tall / long,adjective,طَوِيل (Tawil),طَوِيلة (Tawila),طوال (Tooal),أطوَل (aTwal),
People,beginner,قَصِير,qaSir,Short,adjective,قَصِير (qaSir),قَصِيرة (qaSira),قصار (qSar),أقْصَر (aqSar),
People,beginner,بِشَع,bisha3,Ugly,adjective,بِشَع (bisha3),بِشَعة (bisha3a),,أبشَع (absha3),
People,beginner,حَلو,Haloo,Beautiful,adjective,حَلو (Haloo),حَلوة (Halooa),حَلوين (Halooeen),أحلى (aHla),
People,beginner,ضَعِيف,Da3if,Skinny / Weak,adjective,ضَعِيف (Da3if),ضَعِيفة (Da3ifa),ضْعاف (D3af),أَضْعَف (aD3af),
People,beginner,ناصِح,naSiH,Fat,adjective,ناصِح (naSiH),ناصِحة (naSiHa),,أنصَح (anSaH),
People,beginner,كوَيس,kways,Good,adjective,,كوَيسة (kwaysa),,أحسَن (aHsan),
People,beginner,مِتعَلِّم,mit3allim,Educated,adjective,مِتعَلِّم (mit3allim),مِتعَلِّمة (mit3allima),,,
People,beginner,كِذّاب,kidhdhab,Liar,adjective,كِذّاب (kidhdhab),كِذّابة (kidhdhaba),,,
People,intermediate,نِسوان,nisooan,Women,noun,,,,,My women نِسواني | Your f. women نِسوانِك | Your m. women نِسوانَك | Your pl. women نِسوانكُم | His women نِسوانُه | Her women نِسوانها | Their women نِسوانهُم | Our women نِسواننا
People,intermediate,شَخص,shakhS,Person,noun,شَخص (shakhS),,أشخاص (ashkhaS),,My person شَخصي | Your f. person شَخصِك | Your m. person شَخصَك | Your pl. person شَخصكُم | His person شَخصُه | Her person شَخصها | Their person شَخصهُم | Our person شَخصنا
People,intermediate,أُستاذة,oostadha,Miss,noun,,,,,My miss أُستاذَتي | Your f. miss أُستاذَتِك | Your m. miss أُستاذَتَك | Your pl. miss أُستاذَتكُم | His miss أُستاذَتُه | Her miss أُستاذَتها | Their miss أُستاذَتهُم | Our miss أُستاذَتنا
People,intermediate,أُستاذ,oostadh,Mr,noun,,,,,My mr أُستاذي | Your f. mr أُستاذِك | Your m. mr أُستاذَك | Your pl. mr أُستاذكُم | His mr أُستاذُه | Her mr أُستاذها | Their mr أُستاذهُم | Our mr أُستاذنا
People,intermediate,غَنِي,ghani,Rich,adjective,,,,,
People,intermediate,فَقِير,faqir,Poor,adjective,فَقِير (faqir),فَقِيرة (faqira),فُقَرَا (fooqara),,
People,intermediate,نَحِيف,naHif,Thin (human),adjective,نَحِيف (naHif),نَحِيفة (naHifa),نْحاف (nHaf),أَنْحَف (anHaf),
People,intermediate,ذَكي,dhakee,Clever,adjective,ذَكي (dhakee),ذَكية (dhakeea),,أَذْكى (adhka),
People,intermediate,غَبي,ghabee,Stupid,adjective,غَبي (ghabee),غَبية (ghabeea),,أغْبى (aghba),
People,intermediate,مُمِلّ,moomill,Boring,adjective,مُمِلّ (moomill),مُمِلّة (moomilla),,,
People,intermediate,عَنِيف,3anif,Violent,adjective,عَنِيف (3anif),عَنِيفة (3anifa),,,
People,intermediate,مَجنون,majnoon,Crazy / mad,adjective,مَجنون (majnoon),مَجنونة (majnoona),مجانين (mjaneen),,
People,intermediate,طَبوش,Taboosh,Chubby,adjective,طَبوش (Taboosh),طَبوشة (Taboosha),,,
People,intermediate,شاطِر,shaTir,Studious,adjective,شاطِر (shaTir),شاطِرة (shaTira),,أَشْطَر (ashTar),
People,intermediate,قَوي,qawee,Strong,adjective,قَوي (qawee),قَوية (qaweea),,أَقْوى (aqooa),
People,intermediate,غَلطان,ghalTan,Wrong (person),adjective,غَلطان (ghalTan),غَلطانة (ghalTana),,,
People,intermediate,حَسود,Hasood,Envious,adjective,حَسود (Hasood),حَسودة (Hasooda),,,
People,intermediate,مَشهور,mashhoor,Famous,adjective,مَشهور (mashhoor),مَشهورة (mashhoora),,,
People,intermediate,ناصِح,naSiH,fat,adjective,ناصِح (naSiH),ناصِحة (naSiHa),,أنصَح (anSaH),
People,intermediate,لَيِّن,layyin,Flexible,adjective,لَيِّن (layyin),لَيِّنة (layyina),,,
People,intermediate,غَيور,ghayoor,Jealous,adjective,غَيور (ghayoor),غَيورة (ghayoora),,,
People,intermediate,فاشِل,fashil,Loser,adjective,فاشِل (fashil),فاشِلة (fashila),,,
People,intermediate,مِسكِين,miskin,Pitiful Person,adjective,مِسكِين (miskin),مِسكِينة (miskina),,,
People,intermediate,حَسّاسِيّ,Hassasi,Sensitive,adjective,حَسّاسِيّ (Hassasi),حَسّاسِيّة (Hassasia),,,
People,intermediate,ساكِت,sakit,Silent,adjective,ساكِت (sakit),ساكِتة (sakita),,,
People,advanced,مِفطِر,mifTir,Has eaten breakfast,adjective,مِفطِر (mifTir),مِفطِرة (mifTira),,,
People,advanced,مِتغَدي,mitghadee,Has eaten lunch,adjective,مِتغَدي (mitghadee),مِتغَدية (mitghadeea),,,
People,advanced,مِتعَشي,mit3ashee,Has eaten dinner,adjective,مِتعَشي (mit3ashee),مِتعَشية (mit3asheea),,,
People,advanced,أشقَر,ashqar,Blond,adjective,أشقَر (ashqar),شَقرا (shaqra),,,
People,advanced,مِبتَسِم,mibtasim,Smiling,adjective,مِبتَسِم (mibtasim),مِبتَسِمة (mibtasima),,,
People,advanced,ناجِح,najiH,Successful,adjective,ناجِح (najiH),ناجِحة (najiHa),,,
City,beginner,مَدينة,madeena,City,noun,مَدينة (madeena),,مُدُن (moodoon),,My city مَدينَتي | Your f. city مَدينَتِك | Your m. city مَدينَتَك | Your pl. city مَدينَتكُم | His city مَدينَتُه | Her city مَدينَتها | Their city مَدينَتهُم | Our city مَدينَتنا
City,beginner,شارِع,shari3,Street,noun,شارِع (shari3),,شوارع (shooar3),,My street شارِعي | Your f. street شارِعِك | Your m. street شارِعَك | Your pl. street شارِعكُم | His street شارِعُه | Her street شارِعها | Their street شارِعهُم | Our street شارِعنا
City,beginner,مَركِز,markiz,Center,noun,مَركِز (markiz),,مراكز (mrakz),,My center مَركِزي | Your f. center مَركِزِك | Your m. center مَركِزَك | Your pl. center مَركِزكُم | His center مَركِزُه | Her center مَركِزها | Their center مَركِزهُم | Our center مَركِزنا
City,beginner,حارة,Hara,Neighbourhood,noun,,,حارات (Harat),,My neighbourhood حارَتي | Your f. neighbourhood حارَتِك | Your m. neighbourhood حارَتَك | Your pl. neighbourhood حارَتكُم | His neighbourhood حارَتُه | Her neighbourhood حارَتها | Their neighbourhood حارَتهُم | Our neighbourhood حارَتنا
City,beginner,جِسر,jisr,Bridge,noun,,,جسور (jsoor),,My bridge جِسري | Your f. bridge جِسرِك | Your m. bridge جِسرَك | Your pl. bridge جِسركُم | His bridge جِسرُه | Her bridge جِسرها | Their bridge جِسرهُم | Our bridge جِسرنا
City,beginner,آي تي ام,aaee,ATM,noun,,,,,My atm آي تي امي | Your f. atm آي تي امِك | Your m. atm آي تي امَك | Your pl. atm آي تي امكُم | His atm آي تي امُه | Her atm آي تي امها | Their atm آي تي امهُم | Our atm آي تي امنا
City,beginner,إشارة,ishara,Sign,noun,,,يافطات (yafTat),,My sign إشارَتي | Your f. sign إشارَتِك | Your m. sign إشارَتَك | Your pl. sign إشارَتكُم | His sign إشارَتُه | Her sign إشارَتها | Their sign إشارَتهُم | Our sign إشارَتنا
City,beginner,مَطعَم,maT3am,Restaurant,noun,مَطعَم (maT3am),,,,My restaurant مَطعَمي | Your f. restaurant مَطعَمِك | Your m. restaurant مَطعَمَك | Your pl. restaurant مَطعَمكُم | His restaurant مَطعَمُه | Her restaurant مَطعَمها | Their restaurant مَطعَمهُم | Our restaurant مَطعَمنا
City,beginner,فُندُق,foondooq,Hotel,noun,,,فنادِق (fnadiq),,My hotel فُندُقي | Your f. hotel فُندُقِك | Your m. hotel فُندُقَك | Your pl. hotel فُندُقكُم | His hotel فُندُقُه | Her hotel فُندُقها | Their hotel فُندُقهُم | Our hotel فُندُقنا
City,beginner,محَطة,mHaTa,Station,noun,,,,,My station محَطَتي | Your f. station محَطَتِك | Your m. station محَطَتَك | Your pl. station محَطَتكُم | His station محَطَتُه | Her station محَطَتها | Their station محَطَتهُم | Our station محَطَتنا
City,beginner,مَسجِد,masjid,Mosque,noun,مَسجِد (masjid),,مساجد (msajd),,My mosque مَسجِدي | Your f. mosque مَسجِدِك | Your m. mosque مَسجِدَك | Your pl. mosque مَسجِدكُم | His mosque مَسجِدُه | Her mosque مَسجِدها | Their mosque مَسجِدهُم | Our mosque مَسجِدنا
City,beginner,جامِع,jami3,Mosque,noun,جامِع (jami3),,جوامع (jooam3),,My mosque جامِعي | Your f. mosque جامِعِك | Your m. mosque جامِعَك | Your pl. mosque جامِعكُم | His mosque جامِعُه | Her mosque جامِعها | Their mosque جامِعهُم | Our mosque جامِعنا
City,beginner,دُكّان,dookkan,Small shop,noun,,,دكاكين (dkakeen),,My small shop دُكّاني | Your f. small shop دُكّانِك | Your m. small shop دُكّانَك | Your pl. small shop دُكّانكُم | His small shop دُكّانُه | Her small shop دُكّانها | Their small shop دُكّانهُم | Our small shop دُكّاننا
City,beginner,فُندُق,foondooq,Hotel,noun,,,فنادِق (fnadiq),,My hotel فُندُقي | Your f. hotel فُندُقِك | Your m. hotel فُندُقَك | Your pl. hotel فُندُقكُم | His hotel فُندُقُه | Her hotel فُندُقها | Their hotel فُندُقهُم | Our hotel فُندُقنا
City,beginner,بَنك,bank,Bank,noun,,,بنوك (bnook),,My bank بَنكي | Your f. bank بَنكِك | Your m. bank بَنكَك | Your pl. bank بَنككُم | His bank بَنكُه | Her bank بَنكها | Their bank بَنكهُم | Our bank بَنكنا
City,beginner,مَخبَز,makhbaz,Bakery,noun,مَخبَز (makhbaz),,مخابز (mkhabz),,My bakery مَخبَزي | Your f. bakery مَخبَزِك | Your m. bakery مَخبَزَك | Your pl. bakery مَخبَزكُم | His bakery مَخبَزُه | Her bakery مَخبَزها | Their bakery مَخبَزهُم | Our bakery مَخبَزنا
City,beginner,مُستَشفى,moostashfa,Hospital,noun,مُستَشفى (moostashfa),,مستشفيات (mstshfeeat),,My hospital مُستَشفىي | Your f. hospital مُستَشفىِك | Your m. hospital مُستَشفىَك | Your pl. hospital مُستَشفىكُم | His hospital مُستَشفىُه | Her hospital مُستَشفىها | Their hospital مُستَشفىهُم | Our hospital مُستَشفىنا
City,beginner,جامِعة,jami3a,University,noun,جامِعة (jami3a),,,,My university جامِعَتي | Your f. university جامِعَتِك | Your m. university جامِعَتَك | Your pl. university جامِعَتكُم | His university جامِعَتُه | Her university جامِعَتها | Their university جامِعَتهُم | Our university جامِعَتنا
City,beginner,نادي,nadee,Gym,noun,,,,,My gym ناديي | Your f. gym ناديِك | Your m. gym ناديَك | Your pl. gym ناديكُم | His gym ناديُه | Her gym ناديها | Their gym ناديهُم | Our gym نادينا
City,beginner,مَطار,maTar,airport,noun,مَطار (maTar),,مطارات (mTarat),,My airport مَطاري | Your f. airport مَطارِك | Your m. airport مَطارَك | Your pl. airport مَطاركُم | His airport مَطارُه | Her airport مَطارها | Their airport مَطارهُم | Our airport مَطارنا
City,beginner,مَصنَع,maSna3,Factory,noun,مَصنَع (maSna3),,,,My factory مَصنَعي | Your f. factory مَصنَعِك | Your m. factory مَصنَعَك | Your pl. factory مَصنَعكُم | His factory مَصنَعُه | Her factory مَصنَعها | Their factory مَصنَعهُم | Our factory مَصنَعنا
City,beginner,بُرج,boorj,Tower,noun,,,أبراج (abraj),,My tower بُرجي | Your f. tower بُرجِك | Your m. tower بُرجَك | Your pl. tower بُرجكُم | His tower بُرجُه | Her tower بُرجها | Their tower بُرجهُم | Our tower بُرجنا
City,beginner,حَديقة,Hadeeqa,Park,noun,,,,,My park حَديقَتي | Your f. park حَديقَتِك | Your m. park حَديقَتَك | Your pl. park حَديقَتكُم | His park حَديقَتُه | Her park حَديقَتها | Their park حَديقَتهُم | Our park حَديقَتنا
City,beginner,زبالة,zbala,"Trash, garbage",noun,,,,,"My trash, garbage زبالَتي | Your f. trash, garbage زبالَتِك | Your m. trash, garbage زبالَتَك | Your pl. trash, garbage زبالَتكُم | His trash, garbage زبالَتُه | Her trash, garbage زبالَتها | Their trash, garbage زبالَتهُم | Our trash, garbage زبالَتنا"
City,beginner,مَقهى,maqha,"Cafe, coffee shop",noun,,,مقهاة (mqhaa),,"My cafe, coffee shop مَقهىي | Your f. cafe, coffee shop مَقهىِك | Your m. cafe, coffee shop مَقهىَك | Your pl. cafe, coffee shop مَقهىكُم | His cafe, coffee shop مَقهىُه | Her cafe, coffee shop مَقهىها | Their cafe, coffee shop مَقهىهُم | Our cafe, coffee shop مَقهىنا"
City,beginner,مَحَلّ,maHall,Shop,noun,مَحَلّ (maHall),,محلات (mHlat),,My shop مَحَلّي | Your f. shop مَحَلِّك | Your m. shop مَحَلَّك | Your pl. shop مَحَلّكُم | His shop مَحَلُّه | Her shop مَحَلّها | Their shop مَحَلّهُم | Our shop مَحَلّنا
City,intermediate,وَسط البَلد,wasT,Downtown,noun,,,,,
City,intermediate,طَريق,Tareeq,Road,noun,طَريق (Tareeq),,طرق (Trq),,My road طَريقي | Your f. road طَريقِك | Your m. road طَريقَك | Your pl. road طَريقكُم | His road طَريقُه | Her road طَريقها | Their road طَريقهُم | Our road طَريقنا
City,intermediate,ساحة,saHa,Public square,noun,,,,,My public square ساحَتي | Your f. public square ساحَتِك | Your m. public square ساحَتَك | Your pl. public square ساحَتكُم | His public square ساحَتُه | Her public square ساحَتها | Their public square ساحَتهُم | Our public square ساحَتنا
City,intermediate,مَيدان,maydan,Public square,noun,,,,,My public square مَيداني | Your f. public square مَيدانِك | Your m. public square مَيدانَك | Your pl. public square مَيدانكُم | His public square مَيدانُه | Her public square مَيدانها | Their public square مَيدانهُم | Our public square مَيداننا
City,intermediate,مَقبَرة,maqbara,Graveyard,noun,مَقبَرة (maqbara),,مقابر (mqabr),,My graveyard مَقبَرَتي | Your f. graveyard مَقبَرَتِك | Your m. graveyard مَقبَرَتَك | Your pl. graveyard مَقبَرَتكُم | His graveyard مَقبَرَتُه | Her graveyard مَقبَرَتها | Their graveyard مَقبَرَتهُم | Our graveyard مَقبَرَتنا
City,intermediate,نَهر,nahr,River,noun,,,,,My river نَهري | Your f. river نَهرِك | Your m. river نَهرَك | Your pl. river نَهركُم | His river نَهرُه | Her river نَهرها | Their river نَهرهُم | Our river نَهرنا
City,intermediate,مَقعَد,maq3ad,Bench,noun,مَقعَد (maq3ad),,مقاعد (mqa3d),,My bench مَقعَدي | Your f. bench مَقعَدِك | Your m. bench مَقعَدَك | Your pl. bench مَقعَدكُم | His bench مَقعَدُه | Her bench مَقعَدها | Their bench مَقعَدهُم | Our bench مَقعَدنا
City,intermediate,رَصيف,raSeef,"Sidewalk, pavement; train platform",noun,,,,,"My sidewalk, pavement; train platform رَصيفي | Your f. sidewalk, pavement; train platform رَصيفِك | Your m. sidewalk, pavement; train platform رَصيفَك | Your pl. sidewalk, pavement; train platform رَصيفكُم | His sidewalk, pavement; train platform رَصيفُه | Her sidewalk, pavement; train platform رَصيفها | Their sidewalk, pavement; train platform رَصيفهُم | Our sidewalk, pavement; train platform رَصيفنا"
City,intermediate,مَجاري,majaree,Sewage,noun,مَجاري (majaree),,,,My sewage مَجاريي | Your f. sewage مَجاريِك | Your m. sewage مَجاريَك | Your pl. sewage مَجاريكُم | His sewage مَجاريُه | Her sewage مَجاريها | Their sewage مَجاريهُم | Our sewage مَجارينا
City,intermediate,حُفرة,Hoofra,Hole,noun,حُفرة (Hoofra),,حفر (Hfr),,My hole حُفرَتي | Your f. hole حُفرَتِك | Your m. hole حُفرَتَك | Your pl. hole حُفرَتكُم | His hole حُفرَتُه | Her hole حُفرَتها | Their hole حُفرَتهُم | Our hole حُفرَتنا
City,intermediate,عَلامات مُرور,3alamat,Traffic signs,noun,عَلامات (3alamat),,,,
City,intermediate,مُرور,mooroor,Traffic,noun,,,,,My traffic مُروري | Your f. traffic مُرورِك | Your m. traffic مُرورَك | Your pl. traffic مُروركُم | His traffic مُرورُه | Her traffic مُرورها | Their traffic مُرورهُم | Our traffic مُرورنا
City,intermediate,عِمارة,3imara,Building (more than 2 stories),noun,,,عمارات (3marat),,My building (more than 2 stories) عِمارَتي | Your f. building (more than 2 stories) عِمارَتِك | Your m. building (more than 2 stories) عِمارَتَك | Your pl. building (more than 2 stories) عِمارَتكُم | His building (more than 2 stories) عِمارَتُه | Her building (more than 2 stories) عِمارَتها | Their building (more than 2 stories) عِمارَتهُم | Our building (more than 2 stories) عِمارَتنا
City,intermediate,مَصرَف,maSraf,Bank,noun,مَصرَف (maSraf),,,,My bank مَصرَفي | Your f. bank مَصرَفِك | Your m. bank مَصرَفَك | Your pl. bank مَصرَفكُم | His bank مَصرَفُه | Her bank مَصرَفها | Their bank مَصرَفهُم | Our bank مَصرَفنا
City,intermediate,مَتحَف,matHaf,Museum,noun,مَتحَف (matHaf),,,,My museum مَتحَفي | Your f. museum مَتحَفِك | Your m. museum مَتحَفَك | Your pl. museum مَتحَفكُم | His museum مَتحَفُه | Her museum مَتحَفها | Their museum مَتحَفهُم | Our museum مَتحَفنا
City,intermediate,مَسرَح,masraH,Theatre,noun,مَسرَح (masraH),,,,My theatre مَسرَحي | Your f. theatre مَسرَحِك | Your m. theatre مَسرَحَك | Your pl. theatre مَسرَحكُم | His theatre مَسرَحُه | Her theatre مَسرَحها | Their theatre مَسرَحهُم | Our theatre مَسرَحنا
City,intermediate,بَقالة,baqala,Small grocery shop,noun,,,بقالات (bqalat),,My small grocery shop بَقالَتي | Your f. small grocery shop بَقالَتِك | Your m. small grocery shop بَقالَتَك | Your pl. small grocery shop بَقالَتكُم | His small grocery shop بَقالَتُه | Her small grocery shop بَقالَتها | Their small grocery shop بَقالَتهُم | Our small grocery shop بَقالَتنا
City,intermediate,سينِما,seenima,Cinema,noun,,,سينمات (seenmat),,My cinema سينِماي | Your f. cinema سينِماِك | Your m. cinema سينِماَك | Your pl. cinema سينِماكُم | His cinema سينِماُه | Her cinema سينِماها | Their cinema سينِماهُم | Our cinema سينِمانا
City,intermediate,حَديقة حَيوان,Hadeeqa,Zoo,noun,,,,,
City,intermediate,كَنيسة,kaneesa,Church,noun,كَنيسة (kaneesa),,كنايس (knaees),,My church كَنيسَتي | Your f. church كَنيسَتِك | Your m. church كَنيسَتَك | Your pl. church كَنيسَتكُم | His church كَنيسَتُه | Her church كَنيسَتها | Their church كَنيسَتهُم | Our church كَنيسَتنا
City,intermediate,كنيس,knees,Synagogue,noun,كنيس (knees),,,,My synagogue كنيسي | Your f. synagogue كنيسِك | Your m. synagogue كنيسَك | Your pl. synagogue كنيسكُم | His synagogue كنيسُه | Her synagogue كنيسها | Their synagogue كنيسهُم | Our synagogue كنيسنا
City,intermediate,مَركِز شُرطة,markiz,Police station,noun,,,,,
City,intermediate,قَصر,qaSr,Palace,noun,قَصر (qaSr),,قصور (qSoor),,My palace قَصري | Your f. palace قَصرِك | Your m. palace قَصرَك | Your pl. palace قَصركُم | His palace قَصرُه | Her palace قَصرها | Their palace قَصرهُم | Our palace قَصرنا
City,intermediate,صَيدَلية,Saydaleea,Pharmacy,noun,صَيدَلية (Saydaleea),,صيدليات (Seedleeat),,My pharmacy صَيدَليَتي | Your f. pharmacy صَيدَليَتِك | Your m. pharmacy صَيدَليَتَك | Your pl. pharmacy صَيدَليَتكُم | His pharmacy صَيدَليَتُه | Her pharmacy صَيدَليَتها | Their pharmacy صَيدَليَتهُم | Our pharmacy صَيدَليَتنا
City,intermediate,مَعرِض,ma3riD,"Gallery, exhibition",noun,مَعرِض (ma3riD),,معارض (m3arD),,"My gallery, exhibition مَعرِضي | Your f. gallery, exhibition مَعرِضِك | Your m. gallery, exhibition مَعرِضَك | Your pl. gallery, exhibition مَعرِضكُم | His gallery, exhibition مَعرِضُه | Her gallery, exhibition مَعرِضها | Their gallery, exhibition مَعرِضهُم | Our gallery, exhibition مَعرِضنا"
City,intermediate,مَسبَح,masbaH,Swimming pool,noun,مَسبَح (masbaH),,مسابح (msabH),,My swimming pool مَسبَحي | Your f. swimming pool مَسبَحِك | Your m. swimming pool مَسبَحَك | Your pl. swimming pool مَسبَحكُم | His swimming pool مَسبَحُه | Her swimming pool مَسبَحها | Their swimming pool مَسبَحهُم | Our swimming pool مَسبَحنا
City,intermediate,الطابِق الأوَّل,iT-Tabiq,The first floor,noun,الطابِق (iT-Tabiq),,,,
City,intermediate,الطابِق التاني,iT-Tabiq,The second floor,noun,,,,,
City,intermediate,الطابِق التالت,iT-Tabiq,The third floor,noun,,,,,
City,intermediate,الطابِق الرابِع,iT-Tabiq,The fourth floor,noun,,,,,
City,intermediate,عَقار,3aqar,Real estate,noun,,,عقارات (3qarat),,My real estate عَقاري | Your f. real estate عَقارِك | Your m. real estate عَقارَك | Your pl. real estate عَقاركُم | His real estate عَقارُه | Her real estate عَقارها | Their real estate عَقارهُم | Our real estate عَقارنا
City,intermediate,صَرَّافة,Sarrafa,Exchange (currency),noun,صَرَّافة (Sarrafa),,,,My exchange (currency) صَرَّافَتي | Your f. exchange (currency) صَرَّافَتِك | Your m. exchange (currency) صَرَّافَتَك | Your pl. exchange (currency) صَرَّافَتكُم | His exchange (currency) صَرَّافَتُه | Her exchange (currency) صَرَّافَتها | Their exchange (currency) صَرَّافَتهُم | Our exchange (currency) صَرَّافَتنا
City,intermediate,سوق,sooq,Market,noun,سوق (sooq),,,,My market سوقي | Your f. market سوقِك | Your m. market سوقَك | Your pl. market سوقكُم | His market سوقُه | Her market سوقها | Their market سوقهُم | Our market سوقنا
City,intermediate,مَكتَب,maktab,Office,noun,مَكتَب (maktab),,مكاتب (mkatb),,My office مَكتَبي | Your f. office مَكتَبِك | Your m. office مَكتَبَك | Your pl. office مَكتَبكُم | His office مَكتَبُه | Her office مَكتَبها | Their office مَكتَبهُم | Our office مَكتَبنا
City,intermediate,بيّاع,beeeea3,Salesman,noun,بيّاع (beeeea3),,,,My salesman بيّاعي | Your f. salesman بيّاعِك | Your m. salesman بيّاعَك | Your pl. salesman بيّاعكُم | His salesman بيّاعُه | Her salesman بيّاعها | Their salesman بيّاعهُم | Our salesman بيّاعنا
City,intermediate,مَكتَبة,maktaba,"Library, bookshop",noun,مَكتَبة (maktaba),,,,"My library, bookshop مَكتَبَتي | Your f. library, bookshop مَكتَبَتِك | Your m. library, bookshop مَكتَبَتَك | Your pl. library, bookshop مَكتَبَتكُم | His library, bookshop مَكتَبَتُه | Her library, bookshop مَكتَبَتها | Their library, bookshop مَكتَبَتهُم | Our library, bookshop مَكتَبَتنا"
City,advanced,نَفَق,nafaq,Tunnel,noun,,,انفاق (anfaq),,My tunnel نَفَقي | Your f. tunnel نَفَقِك | Your m. tunnel نَفَقَك | Your pl. tunnel نَفَقكُم | His tunnel نَفَقُه | Her tunnel نَفَقها | Their tunnel نَفَقهُم | Our tunnel نَفَقنا
City,advanced,سور,soor,Fence,noun,سور (soor),,أسوار (asooar),,My fence سوري | Your f. fence سورِك | Your m. fence سورَك | Your pl. fence سوركُم | His fence سورُه | Her fence سورها | Their fence سورهُم | Our fence سورنا
City,advanced,مَطَبّ,maTabb,Speed bump,noun,,,مطبّات (mTbbat),,My speed bump مَطَبّي | Your f. speed bump مَطَبِّك | Your m. speed bump مَطَبَّك | Your pl. speed bump مَطَبّكُم | His speed bump مَطَبُّه | Her speed bump مَطَبّها | Their speed bump مَطَبّهُم | Our speed bump مَطَبّنا
City,advanced,بَلُّوْعة,balloo3a,"Sewer, drain",noun,,,,,"My sewer, drain بَلُّوْعَتي | Your f. sewer, drain بَلُّوْعَتِك | Your m. sewer, drain بَلُّوْعَتَك | Your pl. sewer, drain بَلُّوْعَتكُم | His sewer, drain بَلُّوْعَتُه | Her sewer, drain بَلُّوْعَتها | Their sewer, drain بَلُّوْعَتهُم | Our sewer, drain بَلُّوْعَتنا"
City,advanced,سَفارة,safara,Embassy,noun,سَفارة (safara),,,,My embassy سَفارَتي | Your f. embassy سَفارَتِك | Your m. embassy سَفارَتَك | Your pl. embassy سَفارَتكُم | His embassy سَفارَتُه | Her embassy سَفارَتها | Their embassy سَفارَتهُم | Our embassy سَفارَتنا
City,advanced,مَكتَب بَريد,maktab,Post office,noun,مَكتَب (maktab),,,,
City,advanced,نادي,nadee,Club,noun,,,,,My gym ناديي | Your f. gym ناديِك | Your m. gym ناديَك | Your pl. gym ناديكُم | His gym ناديُه | Her gym ناديها | Their gym ناديهُم | Our gym نادينا
City,advanced,مَعبَد,ma3bad,Temple,noun,مَعبَد (ma3bad),,معابد (m3abd),,My temple مَعبَدي | Your f. temple مَعبَدِك | Your m. temple مَعبَدَك | Your pl. temple مَعبَدكُم | His temple مَعبَدُه | Her temple مَعبَدها | Their temple مَعبَدهُم | Our temple مَعبَدنا
City,advanced,عيادة,3eeada,Clinic,noun,,,عيادات (3eeadat),,My clinic عيادَتي | Your f. clinic عيادَتِك | Your m. clinic عيادَتَك | Your pl. clinic عيادَتكُم | His clinic عيادَتُه | Her clinic عيادَتها | Their clinic عيادَتهُم | Our clinic عيادَتنا
City,advanced,مُدَرِّج,moodarrij,"Auditorium, amphitheater",noun,مُدَرِّج (moodarrij),,مدرّجات (mdrrjat),,"My auditorium, amphitheater مُدَرِّجي | Your f. auditorium, amphitheater مُدَرِّجِك | Your m. auditorium, amphitheater مُدَرِّجَك | Your pl. auditorium, amphitheater مُدَرِّجكُم | His auditorium, amphitheater مُدَرِّجُه | Her auditorium, amphitheater مُدَرِّجها | Their auditorium, amphitheater مُدَرِّجهُم | Our auditorium, amphitheater مُدَرِّجنا"
City,advanced,قَلعة,qal3a,Citadel,noun,,,قلوع (qloo3),,My citadel قَلعَتي | Your f. citadel قَلعَتِك | Your m. citadel قَلعَتَك | Your pl. citadel قَلعَتكُم | His citadel قَلعَتُه | Her citadel قَلعَتها | Their citadel قَلعَتهُم | Our citadel قَلعَتنا
City,advanced,ناصية,naSeea,Corner (at an intersection),noun,,,نواص (nooaS),,My corner (at an intersection) ناصيَتي | Your f. corner (at an intersection) ناصيَتِك | Your m. corner (at an intersection) ناصيَتَك | Your pl. corner (at an intersection) ناصيَتكُم | His corner (at an intersection) ناصيَتُه | Her corner (at an intersection) ناصيَتها | Their corner (at an intersection) ناصيَتهُم | Our corner (at an intersection) ناصيَتنا
City,advanced,تَلَوُّث,talawwooth,Pollution,noun,,,,,My pollution تَلَوُّثي | Your f. pollution تَلَوُّثِك | Your m. pollution تَلَوُّثَك | Your pl. pollution تَلَوُّثكُم | His pollution تَلَوُّثُه | Her pollution تَلَوُّثها | Their pollution تَلَوُّثهُم | Our pollution تَلَوُّثنا
City,advanced,هَرجَلة,harjala,Mess,noun,,,,,My mess هَرجَلَتي | Your f. mess هَرجَلَتِك | Your m. mess هَرجَلَتَك | Your pl. mess هَرجَلَتكُم | His mess هَرجَلَتُه | Her mess هَرجَلَتها | Their mess هَرجَلَتهُم | Our mess هَرجَلَتنا
Things,beginner,كتير,kteer,A lot,adjective,كتير (kteer),كتيرة (kteera),كتار (ktar),أَكتَر (aktar),
Things,beginner,شوَي,shway,A Little,adjective,,شوَية (shwaya),,,
Things,beginner,كَبير,kabeer,Big,adjective,كَبير (kabeer),كَبيرة (kabeera),كبار (kbar),أكبَر (akbar),
Things,beginner,صغِير,Sghir,Small,adjective,صغِير (Sghir),صغِيرة (Sghira),صغار (Sghar),أصغَر (aSghar),
Things,beginner,طَوِيل,Tawil,Tall / long,adjective,طَوِيل (Tawil),طَوِيلة (Tawila),طوال (Tooal),أطوَل (aTwal),
Things,beginner,قَصِير,qaSir,Short,adjective,قَصِير (qaSir),قَصِيرة (qaSira),قصار (qSar),أقْصَر (aqSar),
Things,beginner,قدِيم,qdim,Old,adjective,قدِيم (qdim),قدِيمة (qdima),قدام (qdam),أَقدَم (aqdam),
Things,beginner,جدِيد,jdid,New,adjective,جدِيد (jdid),جدِيدة (jdida),جداد (jdad),أَجدَد (ajdad),
Things,beginner,ثقِيل,thqil,Heavy,adjective,ثقِيل (thqil),ثقِيلة (thqila),ثقال (thqal),أَثقَل (athqal),
Things,beginner,كوَيس,kways,Good,adjective,,كوَيسة (kwaysa),,أحسَن (aHsan),
Things,beginner,قَبيح,qabeeH,Ugly,adjective,قَبيح (qabeeH),قَبيحة (qabeeHa),,,
Things,beginner,وِسخ,wiskh,Dirty,adjective,وِسخ (wiskh),وِسخة (wiskha),,أوْسَخ (aoosakh),
Things,beginner,مَكسور,maksoor,Broken,adjective,مَكسور (maksoor),مَكسورة (maksoora),,,
Things,beginner,فاضي,faDee,Empty,adjective,فاضي (faDee),فاضية (faDeea),,,
Things,beginner,مَليان,maleean,Full,adjective,,مَليانة (maleeana),,,
Things,beginner,خَفِيف,khafif,Light (Weight),adjective,خَفِيف (khafif),خَفِيفة (khafifa),خفاف (khfaf),أَخفَف (akhfaf),
Things,beginner,بَطِيء,baTi2,Slow,adjective,بَطِيء (baTi2),بَطِيءة (baTi2a),بطاء (bTa2),أَبطَء (abTa2),
Things,beginner,سَرِيع,sari3,Fast,adjective,سَرِيع (sari3),سَرِيعة (sari3a),سراع (sra3),أَسرَع (asra3),
Things,beginner,صَعِب,Sa3ib,Difficult,adjective,صَعِب (Sa3ib),صَعِبة (Sa3iba),,أَصعَب (aS3ab),
Things,beginner,سَهِل,sahil,Easy,adjective,سَهِل (sahil),سَهِلة (sahila),,أَسهَل (ashal),
Things,beginner,رَخِيص,rakhiS,Cheap,adjective,رَخِيص (rakhiS),رَخِيصة (rakhiSa),رخاص (rkhaS),أَرخَص (arkhaS),
Things,beginner,غالِي,ghali,Expensive,adjective,غالِي (ghali),غالِية (ghalia),,,
Things,beginner,بارِد,barid,Cold,adjective,بارِد (barid),بارِدة (barida),,,
Things,beginner,شَوب,shawb,Hot,adjective,شَوب (shawb),شَوبة (shawba),,,
Things,beginner,ضاوي,Daooee,Light,adjective,ضاوي (Daooee),ضاوية (Daooeea),,,
Things,beginner,هادي,hadee,Quiet,adjective,هادي (hadee),هادية (hadeea),,,
Things,beginner,عالي,3alee,Loud,adjective,عالي (3alee),عالية (3aleea),عاليين (3aleeeen),أعلى (a3la),
Things,beginner,سَيء,say2,Bad,adjective,سَيء (say2),سَيئة (say2a),,أَسْوَأ (aswaa),
Things,beginner,منِيح,mniH,Good,adjective,منِيح (mniH),منِيحة (mniHa),,أَمْنَح (amnaH),
Things,intermediate,سْمِيك,smik,Thick (non-human),adjective,سْمِيك (smik),سْمِيكة (smika),,,
Things,intermediate,رَقِيق,raqiq,Delicate / gentle,adjective,رَقِيق (raqiq),رَقِيقة (raqiqa),,,
Things,intermediate,واسِع,wasi3,Loose,adjective,واسِع (wasi3),واسِعة (wasi3a),,,
Things,intermediate,واضِح,waDiH,Clear,adjective,واضِح (waDiH),واضِحة (waDiHa),,,
Things,intermediate,تَقلِيدِيّ,taqlidi,Traditional,adjective,تَقلِيدِيّ (taqlidi),تَقلِيدِيّة (taqlidia),,,
Things,intermediate,مُرِيح,mooriH,Comfortable (thing),adjective,مُرِيح (mooriH),مُرِيحة (mooriHa),,,
Things,intermediate,مُمِلّ,moomill,Boring,adjective,مُمِلّ (moomill),مُمِلّة (moomilla),,,
Things,intermediate,عَنِيف,3anif,Violent,adjective,عَنِيف (3anif),عَنِيفة (3anifa),,,
Things,intermediate,مُتَعِّب,moota33ib,Tiring,adjective,مُتَعِّب (moota33ib),مُتَعِّبة (moota33iba),,,
Things,intermediate,عَظيم,3aZeem,Great,adjective,عَظيم (3aZeem),عَظيمة (3aZeema),,,
Things,intermediate,مُمتاز,moomtaz,Excellent,adjective,مُمتاز (moomtaz),مُمتازة (moomtaza),,,
Things,intermediate,مُناسِب,moonasib,Convenient,adjective,مُناسِب (moonasib),مُناسِبة (moonasiba),,,
Things,intermediate,ضَرورِي,Daroori,Necessary,adjective,ضَرورِي (Daroori),ضَرورِية (Darooria),,,
Things,intermediate,مَمنوع,mamnoo3,Forbidden,adjective,مَمنوع (mamnoo3),مَمنوعة (mamnoo3a),,,
Things,intermediate,مُهِمّ,moohimm,Important,adjective,مُهِمّ (moohimm),مُهِمّة (moohimma),مُهِمِّيْن (moohimmin),,
Things,intermediate,مُستَحِيل,moostaHil,Impossible,adjective,مُستَحِيل (moostaHil),مُستَحِيلة (moostaHila),,,
Things,intermediate,مَسموح,masmooH,Permitted / allowed,adjective,مَسموح (masmooH),مَسموحة (masmooHa),,,
Things,intermediate,مَعقُول,ma3qool,"Possible, plausible",adjective,مَعقُول (ma3qool),مَعقُولة (ma3qoola),,,
Things,intermediate,فَوضَوي,fawDawee,Chaotic,adjective,فَوضَوي (fawDawee),فَوضَوية (fawDaweea),,,
Things,intermediate,نظيف,nZeef,clean,adjective,نظيف (nZeef),نظيفة (nZeefa),,,
Things,intermediate,كامِل,kamil,Complete/Perfect,adjective,كامِل (kamil),كامِلة (kamila),,,
Things,intermediate,خَطير,khaTeer,Dangerous,adjective,خَطير (khaTeer),خَطيرة (khaTeera),,,
Things,intermediate,مَليل,maleel,Dark,adjective,مَليل (maleel),مَليلة (maleela),,,
Things,intermediate,مُشَوَّه,mooshawwah,Deformed,adjective,مُشَوَّه (mooshawwah),مُشَوَّهة (mooshawwaha),,,
Things,intermediate,مُقرِف,mooqrif,Disgusting,adjective,مُقرِف (mooqrif),مُقرِفة (mooqrifa),,,
Things,intermediate,ساخِن,sakhin,Hot (Objects),adjective,ساخِن (sakhin),ساخِنة (sakhina),,,
Things,intermediate,ضَخم,Dakhm,Huge,adjective,ضَخم (Dakhm),ضَخمة (Dakhma),,,
Things,intermediate,ناقِص,naqiS,Incomplete,adjective,ناقِص (naqiS),ناقِصة (naqiSa),,,
Things,intermediate,دافي,dafee,Lukewarm,adjective,,دافية (dafeea),,,
Things,intermediate,فاتِر,fatir,Lukewarm / tepid,adjective,فاتِر (fatir),فاتِرة (fatira),,,
Things,intermediate,مرَتَّب,mrattab,Neat/Tidy,adjective,مرَتَّب (mrattab),مرَتَّبة (mrattaba),,,
Things,intermediate,معَفِّن,m3affin,Rotten,adjective,معَفِّن (m3affin),معَفِّنة (m3affina),,,
Things,intermediate,ناعِم,na3im,Soft/Smooth,adjective,ناعِم (na3im),ناعِمة (na3ima),,,
Things,intermediate,بَسيط,baseeT,Simple,adjective,بَسيط (baseeT),بَسيطة (baseeTa),,,
Things,advanced,حَدِيث,Hadith,Modern,adjective,حَدِيث (Hadith),حَدِيثة (Haditha),,,
Things,advanced,فَاخِر,fakhir,Luxurious,adjective,فَاخِر (fakhir),فَاخِرة (fakhira),,,
Things,advanced,مِتسَلّي,mitsallee,Entertaining,adjective,مِتسَلّي (mitsallee),مِتسَلّية (mitsalleea),,,
Things,advanced,مُفِيد,moofid,Useful,adjective,مُفِيد (moofid),مُفِيدة (moofida),,,
Things,advanced,رَقِيق,raqiq,"Thin, fine, delicate",adjective,رَقِيق (raqiq),رَقِيقة (raqiqa),,,
Things,advanced,شَدِيد,shadid,"Severe, intense",adjective,شَدِيد (shadid),شَدِيدة (shadida),,,
Things,advanced,متفوق,mtfooq,Superior,adjective,متفوق (mtfooq),متفوقة (mtfooqa),,,
Things,advanced,رَفيع,rafee3,Thin (thing),adjective,رَفيع (rafee3),رَفيعة (rafee3a),,,
Things,advanced,تافِه,tafih,Trivial/worthless,adjective,تافِه (tafih),تافِهة (tafiha),,,
Things,advanced,مَبلول,mablool,Wet,adjective,مَبلول (mablool),مَبلولة (mabloola),,,
Things,advanced,قَيم,qaym,Worthy/precious,adjective,قَيم (qaym),قَيمة (qayma),,,
Work,beginner,مَصنَع,maSna3,Factory,noun,مَصنَع (maSna3),,,,My factory مَصنَعي | Your f. factory مَصنَعِك | Your m. factory مَصنَعَك | Your pl. factory مَصنَعكُم | His factory مَصنَعُه | Her factory مَصنَعها | Their factory مَصنَعهُم | Our factory مَصنَعنا
Work,beginner,دُكتور,dooktoor,Doctor,noun,,,,,My doctor دُكتوري | Your f. doctor دُكتورِك | Your m. doctor دُكتورَك | Your pl. doctor دُكتوركُم | His doctor دُكتورُه | Her doctor دُكتورها | Their doctor دُكتورهُم | Our doctor دُكتورنا
Work,beginner,غَلِط,ghaliT,To make a mistake,verb,غَلِط (ghaliT),,,,Active participle غالِط | Passive participle مَغْلُوط | Masdar غَلِط
Work,beginner,اشْتَغَل,ashtaghal,To work,verb,اشْتَغَل (ashtaghal),,,,Active participle مِشْتَغِل | Passive participle مُشْتَغَل | Masdar اشْتِغال
Work,beginner,بَطَّل,baTTal,To quit,verb,بَطَّل (baTTal),,,,Active participle مْبَطِّل | Passive participle مْبَطَّل | Masdar تَبْطِيل
Work,intermediate,مُهَندَس,moohandas,Engineer,noun,,,,,My engineer مُهَندَسي | Your f. engineer مُهَندَسِك | Your m. engineer مُهَندَسَك | Your pl. engineer مُهَندَسكُم | His engineer مُهَندَسُه | Her engineer مُهَندَسها | Their engineer مُهَندَسهُم | Our engineer مُهَندَسنا
Work,intermediate,سائق,sa2q,Driver,noun,سائق (sa2q),,,,My driver سائقي | Your f. driver سائقِك | Your m. driver سائقَك | Your pl. driver سائقكُم | His driver سائقُه | Her driver سائقها | Their driver سائقهُم | Our driver سائقنا
Work,intermediate,طَبّاخ,Tabbakh,Chef,noun,طَبّاخ (Tabbakh),,,,My chef طَبّاخي | Your f. chef طَبّاخِك | Your m. chef طَبّاخَك | Your pl. chef طَبّاخكُم | His chef طَبّاخُه | Her chef طَبّاخها | Their chef طَبّاخهُم | Our chef طَبّاخنا
Work,intermediate,موَظَّف,mwaZZaf,Office worker,noun,موَظَّف (mwaZZaf),,,,My office worker موَظَّفي | Your f. office worker موَظَّفِك | Your m. office worker موَظَّفَك | Your pl. office worker موَظَّفكُم | His office worker موَظَّفُه | Her office worker موَظَّفها | Their office worker موَظَّفهُم | Our office worker موَظَّفنا
Work,intermediate,محاسِب,mHasib,Accountant,noun,محاسِب (mHasib),,,,My accountant محاسِبي | Your f. accountant محاسِبِك | Your m. accountant محاسِبَك | Your pl. accountant محاسِبكُم | His accountant محاسِبُه | Her accountant محاسِبها | Their accountant محاسِبهُم | Our accountant محاسِبنا
Work,intermediate,مُمَرِّض,moomarriD,Nurse,noun,مُمَرِّض (moomarriD),,,,My nurse مُمَرِّضي | Your f. nurse مُمَرِّضِك | Your m. nurse مُمَرِّضَك | Your pl. nurse مُمَرِّضكُم | His nurse مُمَرِّضُه | Her nurse مُمَرِّضها | Their nurse مُمَرِّضهُم | Our nurse مُمَرِّضنا
Work,intermediate,مُمَثِّل,moomaththil,Actor,noun,مُمَثِّل (moomaththil),,,,My actor مُمَثِّلي | Your f. actor مُمَثِّلِك | Your m. actor مُمَثِّلَك | Your pl. actor مُمَثِّلكُم | His actor مُمَثِّلُه | Her actor مُمَثِّلها | Their actor مُمَثِّلهُم | Our actor مُمَثِّلنا
Work,intermediate,شَركة,sharka,Company,noun,شَركة (sharka),,,,My company شَركَتي | Your f. company شَركَتِك | Your m. company شَركَتَك | Your pl. company شَركَتكُم | His company شَركَتُه | Her company شَركَتها | Their company شَركَتهُم | Our company شَركَتنا
Work,intermediate,شُغل,shooghl,Work,noun,شُغل (shooghl),,,,My work شُغلي | Your f. work شُغلِك | Your m. work شُغلَك | Your pl. work شُغلكُم | His work شُغلُه | Her work شُغلها | Their work شُغلهُم | Our work شُغلنا
Work,intermediate,صُحُفيّ,SooHoofeeee,Journalist,noun,صُحُفيّ (SooHoofeeee),,,,My journalist صُحُفيّي | Your f. journalist صُحُفيِّك | Your m. journalist صُحُفيَّك | Your pl. journalist صُحُفيّكُم | His journalist صُحُفيُّه | Her journalist صُحُفيّها | Their journalist صُحُفيّهُم | Our journalist صُحُفيّنا
Work,intermediate,محلل,mHll,Analyst,noun,,,,,My analyst محللي | Your f. analyst محللِك | Your m. analyst محللَك | Your pl. analyst محللكُم | His analyst محللُه | Her analyst محللها | Their analyst محللهُم | Our analyst محللنا
Work,intermediate,باحِث,baHith,Researcher,noun,,,,,My researcher باحِثي | Your f. researcher باحِثِك | Your m. researcher باحِثَك | Your pl. researcher باحِثكُم | His researcher باحِثُه | Her researcher باحِثها | Their researcher باحِثهُم | Our researcher باحِثنا
Work,intermediate,مُدير,moodeer,Manager,noun,,,,,My manager مُديري | Your f. manager مُديرِك | Your m. manager مُديرَك | Your pl. manager مُديركُم | His manager مُديرُه | Her manager مُديرها | Their manager مُديرهُم | Our manager مُديرنا
Work,intermediate,إجتِماع,ijtima3,Meeting,noun,إجتِماع (ijtima3),,إجتماعات (ijtma3at),,My meeting إجتِماعي | Your f. meeting إجتِماعِك | Your m. meeting إجتِماعَك | Your pl. meeting إجتِماعكُم | His meeting إجتِماعُه | Her meeting إجتِماعها | Their meeting إجتِماعهُم | Our meeting إجتِماعنا
Work,intermediate,كاتِب,katib,Writer,noun,كاتِب (katib),,,,My writer كاتِبي | Your f. writer كاتِبِك | Your m. writer كاتِبَك | Your pl. writer كاتِبكُم | His writer كاتِبُه | Her writer كاتِبها | Their writer كاتِبهُم | Our writer كاتِبنا
Work,intermediate,عامِل,3amil,Worker,noun,عامِل (3amil),,عُمال (3oomal),,My worker عامِلي | Your f. worker عامِلِك | Your m. worker عامِلَك | Your pl. worker عامِلكُم | His worker عامِلُه | Her worker عامِلها | Their worker عامِلهُم | Our worker عامِلنا
Work,intermediate,مَكتَب,maktab,Office,noun,مَكتَب (maktab),,مكاتب (mkatb),,My office مَكتَبي | Your f. office مَكتَبِك | Your m. office مَكتَبَك | Your pl. office مَكتَبكُم | His office مَكتَبُه | Her office مَكتَبها | Their office مَكتَبهُم | Our office مَكتَبنا
Work,intermediate,بيّاع,beeeea3,Salesman,noun,بيّاع (beeeea3),,,,My salesman بيّاعي | Your f. salesman بيّاعِك | Your m. salesman بيّاعَك | Your pl. salesman بيّاعكُم | His salesman بيّاعُه | Her salesman بيّاعها | Their salesman بيّاعهُم | Our salesman بيّاعنا
Work,intermediate,تَلِفون,talifoon,Telephone,noun,,,تلفونات (tlfoonat),,My telephone تَلِفوني | Your f. telephone تَلِفونِك | Your m. telephone تَلِفونَك | Your pl. telephone تَلِفونكُم | His telephone تَلِفونُه | Her telephone تَلِفونها | Their telephone تَلِفونهُم | Our telephone تَلِفوننا
Work,intermediate,كُمبيوتَر,koombeeootar,Computer,noun,,,كمبيوترات (kmbeeootrat),,My computer كُمبيوتَري | Your f. computer كُمبيوتَرِك | Your m. computer كُمبيوتَرَك | Your pl. computer كُمبيوتَركُم | His computer كُمبيوتَرُه | Her computer كُمبيوتَرها | Their computer كُمبيوتَرهُم | Our computer كُمبيوتَرنا
Work,intermediate,أُستاز,oostaz,Professor,noun,,,,,My professor أُستازي | Your f. professor أُستازِك | Your m. professor أُستازَك | Your pl. professor أُستازكُم | His professor أُستازُه | Her professor أُستازها | Their professor أُستازهُم | Our professor أُستازنا
Work,intermediate,مَلِكة,malika,Queen,noun,,,,,My queen مَلِكَتي | Your f. queen مَلِكَتِك | Your m. queen مَلِكَتَك | Your pl. queen مَلِكَتكُم | His queen مَلِكَتُه | Her queen مَلِكَتها | Their queen مَلِكَتهُم | Our queen مَلِكَتنا
Work,intermediate,مُدَرِّس,moodarris,School teacher,noun,مُدَرِّس (moodarris),,,,My school teacher مُدَرِّسي | Your f. school teacher مُدَرِّسِك | Your m. school teacher مُدَرِّسَك | Your pl. school teacher مُدَرِّسكُم | His school teacher مُدَرِّسُه | Her school teacher مُدَرِّسها | Their school teacher مُدَرِّسهُم | Our school teacher مُدَرِّسنا
Work,intermediate,طَرّ,Tarr,To fire / kick out,verb,طَرّ (Tarr),,,,Active participle طارِر | Passive participle مَطْرُور | Masdar طَرّ
Work,intermediate,قابَل,qabal,To meet / interview,verb,قابَل (qabal),,,,Active participle مْقابِل | Passive participle مْقابَل | Masdar مُقابَلة
Work,intermediate,انْدَفَع,andafa3,To be paid,verb,انْدَفَع (andafa3),,,,Active participle مِنْدَفِع | Masdar انْدِفاع
Work,intermediate,فَصَل,faSal,To fire / disconnect,verb,فَصَل (faSal),,,,Active participle فاصِل | Passive participle مَفْصُول | Masdar فَصِل
Work,intermediate,دَعَم,da3am,To invest in / support,verb,دَعَم (da3am),,,,Active participle داعِم | Passive participle مَدْعُوم | Masdar دَعِم
Work,intermediate,صَنَع,Sana3,To make / manufacture,verb,صَنَع (Sana3),,,,Active participle صانِع | Passive participle مَصْنُوع | Masdar صَنْع
Work,intermediate,دار,dar,To manage,verb,دار (dar),,,,Active participle دايِر | Passive participle مَدُور | Masdar دَوْر
Work,intermediate,طَرّ,Tarr,To fire / kick out,verb,طَرّ (Tarr),,,,Active participle طارِر | Passive participle مَطْرُور | Masdar طَرّ
Work,intermediate,تَطَوَّع,taTawwa3,To volunteer,verb,تَطَوَّع (taTawwa3),,,,Active participle مِتْطَوِّع | Masdar تَطَوُع
Work,intermediate,اسْتَقال,astaqal,To resign,verb,اسْتَقال (astaqal),,,,Active participle مِسْتَقْيل | Passive participle مُسْتَقال | Masdar اسْتِقالة
Work,advanced,صَندوق,Sandooq,Cashier,noun,,,,,My cashier صَندوقي | Your f. cashier صَندوقِك | Your m. cashier صَندوقَك | Your pl. cashier صَندوقكُم | His cashier صَندوقُه | Her cashier صَندوقها | Their cashier صَندوقهُم | Our cashier صَندوقنا
Work,advanced,داوَم,dawam,To be on duty / at work,verb,داوَم (dawam),,,,Active participle مْداوِم | Passive participle مْداوَم | Masdar مُداوَمة
Work,advanced,داوَم,dawam,To be on duty / at work,verb,داوَم (dawam),,,,Active participle مْداوِم | Passive participle مْداوَم | Masdar مُداوَمة
Work,advanced,أَضْرَب,aDrab,To go on strike,verb,أَضْرَب (aDrab),,,,Active participle مِضْرِب | Masdar إِضْراب
Animals,beginner,كَلب,kalb,Dog,noun,,,كلاب (klab),,My dog كَلبي | Your f. dog كَلبِك | Your m. dog كَلبَك | Your pl. dog كَلبكُم | His dog كَلبُه | Her dog كَلبها | Their dog كَلبهُم | Our dog كَلبنا
Animals,beginner,بِسة,bisa,Cat,noun,,,بسس (bss),,My cat بِسَتي | Your f. cat بِسَتِك | Your m. cat بِسَتَك | Your pl. cat بِسَتكُم | His cat بِسَتُه | Her cat بِسَتها | Their cat بِسَتهُم | Our cat بِسَتنا
Animals,beginner,عَصفور,3aSfoor,Bird,noun,,,عصافير (3Safeer),,My bird عَصفوري | Your f. bird عَصفورِك | Your m. bird عَصفورَك | Your pl. bird عَصفوركُم | His bird عَصفورُه | Her bird عَصفورها | Their bird عَصفورهُم | Our bird عَصفورنا
Animals,beginner,أسَد,asad,Lion,noun,,,أسود (asood),,My lion أسَدي | Your f. lion أسَدِك | Your m. lion أسَدَك | Your pl. lion أسَدكُم | His lion أسَدُه | Her lion أسَدها | Their lion أسَدهُم | Our lion أسَدنا
Animals,beginner,قِرد,qird,Monkey,noun,,,قرود (qrood),,My monkey قِردي | Your f. monkey قِردِك | Your m. monkey قِردَك | Your pl. monkey قِردكُم | His monkey قِردُه | Her monkey قِردها | Their monkey قِردهُم | Our monkey قِردنا
Animals,beginner,حَيّة,Hayya,Snake,noun,,,حيايا (Heeaeea),,My snake حَيَّتي | Your f. snake حَيَّتِك | Your m. snake حَيَّتَك | Your pl. snake حَيَّتكُم | His snake حَيَّتُه | Her snake حَيَّتها | Their snake حَيَّتهُم | Our snake حَيَّتنا
Animals,beginner,جَمل,jaml,Camel,noun,,,جمال (jmal),,My camel جَملي | Your f. camel جَملِك | Your m. camel جَملَك | Your pl. camel جَملكُم | His camel جَملُه | Her camel جَملها | Their camel جَملهُم | Our camel جَملنا
Animals,beginner,سَمَكة,samaka,Fish,noun,,,سمك (smk),,My fish سَمَكَتي | Your f. fish سَمَكَتِك | Your m. fish سَمَكَتَك | Your pl. fish سَمَكَتكُم | His fish سَمَكَتُه | Her fish سَمَكَتها | Their fish سَمَكَتهُم | Our fish سَمَكَتنا
Animals,beginner,حمار,Hmar,Donkey,noun,,,حمير (Hmeer),,My donkey حماري | Your f. donkey حمارِك | Your m. donkey حمارَك | Your pl. donkey حماركُم | His donkey حمارُه | Her donkey حمارها | Their donkey حمارهُم | Our donkey حمارنا
Animals,beginner,خَنزير,khanzeer,Pig,noun,,,خنازير (khnazeer),,My pig خَنزيري | Your f. pig خَنزيرِك | Your m. pig خَنزيرَك | Your pl. pig خَنزيركُم | His pig خَنزيرُه | Her pig خَنزيرها | Their pig خَنزيرهُم | Our pig خَنزيرنا
Animals,beginner,أرنَب,arnab,Rabbit,noun,,,أرانب (aranb),,My rabbit أرنَبي | Your f. rabbit أرنَبِك | Your m. rabbit أرنَبَك | Your pl. rabbit أرنَبكُم | His rabbit أرنَبُه | Her rabbit أرنَبها | Their rabbit أرنَبهُم | Our rabbit أرنَبنا
Animals,beginner,بَطّة,baTTa,Duck,noun,,,بط (bT),,My duck بَطَّتي | Your f. duck بَطَّتِك | Your m. duck بَطَّتَك | Your pl. duck بَطَّتكُم | His duck بَطَّتُه | Her duck بَطَّتها | Their duck بَطَّتهُم | Our duck بَطَّتنا
Animals,intermediate,فِراشة,firasha,Butterfly,noun,,,فراش (frash),,My butterfly فِراشَتي | Your f. butterfly فِراشَتِك | Your m. butterfly فِراشَتَك | Your pl. butterfly فِراشَتكُم | His butterfly فِراشَتُه | Her butterfly فِراشَتها | Their butterfly فِراشَتهُم | Our butterfly فِراشَتنا
Animals,intermediate,نَملة,namla,Ant,noun,,,نمل (nml),,My ant نَملَتي | Your f. ant نَملَتِك | Your m. ant نَملَتَك | Your pl. ant نَملَتكُم | His ant نَملَتُه | Her ant نَملَتها | Their ant نَملَتهُم | Our ant نَملَتنا
Animals,intermediate,نَموسة,namoosa,Mosquito,noun,,,نموس (nmoos),,My mosquito نَموسَتي | Your f. mosquito نَموسَتِك | Your m. mosquito نَموسَتَك | Your pl. mosquito نَموسَتكُم | His mosquito نَموسَتُه | Her mosquito نَموسَتها | Their mosquito نَموسَتهُم | Our mosquito نَموسَتنا
Animals,intermediate,نَسر,nasr,Eagle,noun,,,نسور (nsoor),,My eagle نَسري | Your f. eagle نَسرِك | Your m. eagle نَسرَك | Your pl. eagle نَسركُم | His eagle نَسرُه | Her eagle نَسرها | Their eagle نَسرهُم | Our eagle نَسرنا
Animals,intermediate,حَمامة,Hamama,Pigeon,noun,,,حمام (Hmam),,My pigeon حَمامَتي | Your f. pigeon حَمامَتِك | Your m. pigeon حَمامَتَك | Your pl. pigeon حَمامَتكُم | His pigeon حَمامَتُه | Her pigeon حَمامَتها | Their pigeon حَمامَتهُم | Our pigeon حَمامَتنا
Animals,intermediate,دُب,doob,Bear,noun,,,دببة (dbba),,My bear دُبي | Your f. bear دُبِك | Your m. bear دُبَك | Your pl. bear دُبكُم | His bear دُبُه | Her bear دُبها | Their bear دُبهُم | Our bear دُبنا
Animals,intermediate,نِمر,nimr,Tiger,noun,,,نمور (nmoor),,My tiger نِمري | Your f. tiger نِمرِك | Your m. tiger نِمرَك | Your pl. tiger نِمركُم | His tiger نِمرُه | Her tiger نِمرها | Their tiger نِمرهُم | Our tiger نِمرنا
Animals,intermediate,بَقَرة,baqara,Cow,noun,,,بقر (bqr),,My cow بَقَرَتي | Your f. cow بَقَرَتِك | Your m. cow بَقَرَتَك | Your pl. cow بَقَرَتكُم | His cow بَقَرَتُه | Her cow بَقَرَتها | Their cow بَقَرَتهُم | Our cow بَقَرَتنا
Animals,intermediate,دجاج,djaj,Chicken,noun,,,,,My chicken دجاجي | Your f. chicken دجاجِك | Your m. chicken دجاجَك | Your pl. chicken دجاجكُم | His chicken دجاجُه | Her chicken دجاجها | Their chicken دجاجهُم | Our chicken دجاجنا
Animals,intermediate,حِصان,HiSan,Horse,noun,,,أحصنة (aHSna),,My horse حِصاني | Your f. horse حِصانِك | Your m. horse حِصانَك | Your pl. horse حِصانكُم | His horse حِصانُه | Her horse حِصانها | Their horse حِصانهُم | Our horse حِصاننا
Animals,intermediate,خَروف,kharoof,Sheep,noun,,,خرفان (khrfan),,My sheep خَروفي | Your f. sheep خَروفِك | Your m. sheep خَروفَك | Your pl. sheep خَروفكُم | His sheep خَروفُه | Her sheep خَروفها | Their sheep خَروفهُم | Our sheep خَروفنا
Animals,advanced,قِطّة,qiTTa,Cat,noun,,,,,My cat قِطَّتي | Your f. cat قِطَّتِك | Your m. cat قِطَّتَك | Your pl. cat قِطَّتكُم | His cat قِطَّتُه | Her cat قِطَّتها | Their cat قِطَّتهُم | Our cat قِطَّتنا
Animals,advanced,فار,far,Mouse,noun,,,فيران (feeran),,My mouse فاري | Your f. mouse فارِك | Your m. mouse فارَك | Your pl. mouse فاركُم | His mouse فارُه | Her mouse فارها | Their mouse فارهُم | Our mouse فارنا
Animals,advanced,نَحلة,naHla,Bee,noun,,,نحل (nHl),,My bee نَحلَتي | Your f. bee نَحلَتِك | Your m. bee نَحلَتَك | Your pl. bee نَحلَتكُم | His bee نَحلَتُه | Her bee نَحلَتها | Their bee نَحلَتهُم | Our bee نَحلَتنا
Animals,advanced,غراب,ghrab,Crow,noun,,,غربان (ghrban),,My crow غرابي | Your f. crow غرابِك | Your m. crow غرابَك | Your pl. crow غرابكُم | His crow غرابُه | Her crow غرابها | Their crow غرابهُم | Our crow غرابنا
Animals,advanced,صَقر,Saqr,Hawk,noun,,,صقور (Sqoor),,My hawk صَقري | Your f. hawk صَقرِك | Your m. hawk صَقرَك | Your pl. hawk صَقركُم | His hawk صَقرُه | Her hawk صَقرها | Their hawk صَقرهُم | Our hawk صَقرنا
Animals,advanced,ذئب,dh2b,Wolf,noun,,,ذئاب (dh2ab),,My wolf ذئبي | Your f. wolf ذئبِك | Your m. wolf ذئبَك | Your pl. wolf ذئبكُم | His wolf ذئبُه | Her wolf ذئبها | Their wolf ذئبهُم | Our wolf ذئبنا
Animals,advanced,ثَعلَب,tha3lab,Fox,noun,,,ثعالب (th3alb),,My fox ثَعلَبي | Your f. fox ثَعلَبِك | Your m. fox ثَعلَبَك | Your pl. fox ثَعلَبكُم | His fox ثَعلَبُه | Her fox ثَعلَبها | Their fox ثَعلَبهُم | Our fox ثَعلَبنا
Animals,advanced,جردون,jrdoon,Rat,noun,,,جرادين (jradeen),,My rat جردوني | Your f. rat جردونِك | Your m. rat جردونَك | Your pl. rat جردونكُم | His rat جردونُه | Her rat جردونها | Their rat جردونهُم | Our rat جردوننا
Animals,advanced,عَجل,3ajl,Calf,noun,,,عجول (3jool),,My calf عَجلي | Your f. calf عَجلِك | Your m. calf عَجلَك | Your pl. calf عَجلكُم | His calf عَجلُه | Her calf عَجلها | Their calf عَجلهُم | Our calf عَجلنا
Animals,advanced,صوص,SooS,Chick,noun,,,صيصان (SeeSan),,My chick صوصي | Your f. chick صوصِك | Your m. chick صوصَك | Your pl. chick صوصكُم | His chick صوصُه | Her chick صوصها | Their chick صوصهُم | Our chick صوصنا
Animals,advanced,معَزة,m3aza,Goat,noun,,,ماعز (ma3z),,My goat معَزَتي | Your f. goat معَزَتِك | Your m. goat معَزَتَك | Your pl. goat معَزَتكُم | His goat معَزَتُه | Her goat معَزَتها | Their goat معَزَتهُم | Our goat معَزَتنا
Animals,advanced,ثور,thoor,Bull,noun,,,ثيران (theeran),,My bull ثوري | Your f. bull ثورِك | Your m. bull ثورَك | Your pl. bull ثوركُم | His bull ثورُه | Her bull ثورها | Their bull ثورهُم | Our bull ثورنا
Clothes,beginner,نَظّارات,naZZarat,"Glasses, spectacles",noun,,,,,"My glasses, spectacles نَظّاراتي | Your f. glasses, spectacles نَظّاراتِك | Your m. glasses, spectacles نَظّاراتَك | Your pl. glasses, spectacles نَظّاراتكُم | His glasses, spectacles نَظّاراتُه | Her glasses, spectacles نَظّاراتها | Their glasses, spectacles نَظّاراتهُم | Our glasses, spectacles نَظّاراتنا"
Clothes,beginner,طائية,Ta2eea,Hat,noun,,,,,My hat طائيَتي | Your f. hat طائيَتِك | Your m. hat طائيَتَك | Your pl. hat طائيَتكُم | His hat طائيَتُه | Her hat طائيَتها | Their hat طائيَتهُم | Our hat طائيَتنا
Clothes,beginner,مَلابِس,malabis,clothes,noun,مَلابِس (malabis),,,,My clothes مَلابِسي | Your f. clothes مَلابِسِك | Your m. clothes مَلابِسَك | Your pl. clothes مَلابِسكُم | His clothes مَلابِسُه | Her clothes مَلابِسها | Their clothes مَلابِسهُم | Our clothes مَلابِسنا
Clothes,beginner,أواعي,aooa3ee,clothes,noun,,,,,My clothes أواعيي | Your f. clothes أواعيِك | Your m. clothes أواعيَك | Your pl. clothes أواعيكُم | His clothes أواعيُه | Her clothes أواعيها | Their clothes أواعيهُم | Our clothes أواعينا
Clothes,beginner,جَكَيت,jakayt,jacket,noun,,,,,My jacket جَكَيتي | Your f. jacket جَكَيتِك | Your m. jacket جَكَيتَك | Your pl. jacket جَكَيتكُم | His jacket جَكَيتُه | Her jacket جَكَيتها | Their jacket جَكَيتهُم | Our jacket جَكَيتنا
Clothes,beginner,قَميص,qameeS,shirt,noun,قَميص (qameeS),,قمصان (qmSan),,My shirt قَميصي | Your f. shirt قَميصِك | Your m. shirt قَميصَك | Your pl. shirt قَميصكُم | His shirt قَميصُه | Her shirt قَميصها | Their shirt قَميصهُم | Our shirt قَميصنا
Clothes,beginner,بَنَطلون,banaTloon,Trousers,noun,,,بنطلونات (bnTloonat),,My trousers بَنَطلوني | Your f. trousers بَنَطلونِك | Your m. trousers بَنَطلونَك | Your pl. trousers بَنَطلونكُم | His trousers بَنَطلونُه | Her trousers بَنَطلونها | Their trousers بَنَطلونهُم | Our trousers بَنَطلوننا
Clothes,beginner,فُستان,foostan,dress,noun,,,فساتين (fsateen),,My dress فُستاني | Your f. dress فُستانِك | Your m. dress فُستانَك | Your pl. dress فُستانكُم | His dress فُستانُه | Her dress فُستانها | Their dress فُستانهُم | Our dress فُستاننا
Clothes,intermediate,جَزمة,jazma,Boots,noun,,,,,My boots جَزمَتي | Your f. boots جَزمَتِك | Your m. boots جَزمَتَك | Your pl. boots جَزمَتكُم | His boots جَزمَتُه | Her boots جَزمَتها | Their boots جَزمَتهُم | Our boots جَزمَتنا
Clothes,intermediate,صباط,SbaT,Formal shoe,noun,,,,,My formal shoe صباطي | Your f. formal shoe صباطِك | Your m. formal shoe صباطَك | Your pl. formal shoe صباطكُم | His formal shoe صباطُه | Her formal shoe صباطها | Their formal shoe صباطهُم | Our formal shoe صباطنا
Clothes,intermediate,كُندُرة,koondoora,High-heeled shoe,noun,,,,,My high-heeled shoe كُندُرَتي | Your f. high-heeled shoe كُندُرَتِك | Your m. high-heeled shoe كُندُرَتَك | Your pl. high-heeled shoe كُندُرَتكُم | His high-heeled shoe كُندُرَتُه | Her high-heeled shoe كُندُرَتها | Their high-heeled shoe كُندُرَتهُم | Our high-heeled shoe كُندُرَتنا
Clothes,intermediate,بَدلة,badla,suit,noun,,,بدل (bdl),,My suit بَدلَتي | Your f. suit بَدلَتِك | Your m. suit بَدلَتَك | Your pl. suit بَدلَتكُم | His suit بَدلَتُه | Her suit بَدلَتها | Their suit بَدلَتهُم | Our suit بَدلَتنا
Clothes,intermediate,ثوب سِباحة,thoob,swimsuit,noun,ثوب (thoob),,,,
Clothes,intermediate,ثوب نوم,thoob,nightgown,noun,ثوب (thoob),,,,
Clothes,intermediate,بيجامة,beejama,pajamas,noun,,,بيجامات (beejamat),,My pajamas بيجامَتي | Your f. pajamas بيجامَتِك | Your m. pajamas بيجامَتَك | Your pl. pajamas بيجامَتكُم | His pajamas بيجامَتُه | Her pajamas بيجامَتها | Their pajamas بيجامَتهُم | Our pajamas بيجامَتنا
Clothes,intermediate,جِلْد,jild,Leather,noun,,,,,My leather جِلْدي | Your f. leather جِلْدِك | Your m. leather جِلْدَك | Your pl. leather جِلْدكُم | His leather جِلْدُه | Her leather جِلْدها | Their leather جِلْدهُم | Our leather جِلْدنا
Clothes,intermediate,صوف,Soof,Wool,noun,,,,,My wool صوفي | Your f. wool صوفِك | Your m. wool صوفَك | Your pl. wool صوفكُم | His wool صوفُه | Her wool صوفها | Their wool صوفهُم | Our wool صوفنا
Clothes,intermediate,قُطُن,qooToon,Cotton,noun,,,,,My cotton قُطُني | Your f. cotton قُطُنِك | Your m. cotton قُطُنَك | Your pl. cotton قُطُنكُم | His cotton قُطُنُه | Her cotton قُطُنها | Their cotton قُطُنهُم | Our cotton قُطُننا
Clothes,intermediate,زِرّ,zirr,button,noun,,,ازرار (azrar),,My button زِرّي | Your f. button زِرِّك | Your m. button زِرَّك | Your pl. button زِرّكُم | His button زِرُّه | Her button زِرّها | Their button زِرّهُم | Our button زِرّنا
Clothes,intermediate,كُم,koom,sleeve,noun,,,أكمام (akmam),,My sleeve كُمي | Your f. sleeve كُمِك | Your m. sleeve كُمَك | Your pl. sleeve كُمكُم | His sleeve كُمُه | Her sleeve كُمها | Their sleeve كُمهُم | Our sleeve كُمنا
Clothes,intermediate,جَيب,jayb,pocket,noun,,,جياب (jeeab),,My pocket جَيبي | Your f. pocket جَيبِك | Your m. pocket جَيبَك | Your pl. pocket جَيبكُم | His pocket جَيبُه | Her pocket جَيبها | Their pocket جَيبهُم | Our pocket جَيبنا
Clothes,intermediate,سِحاب,siHab,zipper,noun,سِحاب (siHab),,,,My zipper سِحابي | Your f. zipper سِحابِك | Your m. zipper سِحابَك | Your pl. zipper سِحابكُم | His zipper سِحابُه | Her zipper سِحابها | Their zipper سِحابهُم | Our zipper سِحابنا
Clothes,intermediate,خَيط,khayT,thread,noun,,,خيوط (kheeooT),,My thread خَيطي | Your f. thread خَيطِك | Your m. thread خَيطَك | Your pl. thread خَيطكُم | His thread خَيطُه | Her thread خَيطها | Their thread خَيطهُم | Our thread خَيطنا
Clothes,intermediate,لَفحة,lafHa,scarf,noun,,,أوشحة (aooshHa),,My scarf لَفحَتي | Your f. scarf لَفحَتِك | Your m. scarf لَفحَتَك | Your pl. scarf لَفحَتكُم | His scarf لَفحَتُه | Her scarf لَفحَتها | Their scarf لَفحَتهُم | Our scarf لَفحَتنا
Clothes,intermediate,حِزام,Hizam,belt,noun,,,أحزمة (aHzma),,My belt حِزامي | Your f. belt حِزامِك | Your m. belt حِزامَك | Your pl. belt حِزامكُم | His belt حِزامُه | Her belt حِزامها | Their belt حِزامهُم | Our belt حِزامنا
Clothes,intermediate,خاتِم,khatim,Ring,noun,خاتِم (khatim),,,,My ring خاتِمي | Your f. ring خاتِمِك | Your m. ring خاتِمَك | Your pl. ring خاتِمكُم | His ring خاتِمُه | Her ring خاتِمها | Their ring خاتِمهُم | Our ring خاتِمنا
Clothes,intermediate,جُزدان,joozdan,Handbag,noun,,,,,My handbag جُزداني | Your f. handbag جُزدانِك | Your m. handbag جُزدانَك | Your pl. handbag جُزدانكُم | His handbag جُزدانُه | Her handbag جُزدانها | Their handbag جُزدانهُم | Our handbag جُزداننا
Clothes,intermediate,مانطو,manToo,Coat,noun,,,,,My coat مانطوي | Your f. coat مانطوِك | Your m. coat مانطوَك | Your pl. coat مانطوكُم | His coat مانطوُه | Her coat مانطوها | Their coat مانطوهُم | Our coat مانطونا
Clothes,intermediate,بلوزة,blooza,blouse,noun,,,بلوزات (bloozat),,My blouse بلوزَتي | Your f. blouse بلوزَتِك | Your m. blouse بلوزَتَك | Your pl. blouse بلوزَتكُم | His blouse بلوزَتُه | Her blouse بلوزَتها | Their blouse بلوزَتهُم | Our blouse بلوزَتنا
Clothes,intermediate,جينز,jeenz,Jeans,noun,,,,,My jeans جينزي | Your f. jeans جينزِك | Your m. jeans جينزَك | Your pl. jeans جينزكُم | His jeans جينزُه | Her jeans جينزها | Their jeans جينزهُم | Our jeans جينزنا
Clothes,intermediate,شُرط,shoorT,shorts,noun,,,,,My shorts شُرطي | Your f. shorts شُرطِك | Your m. shorts شُرطَك | Your pl. shorts شُرطكُم | His shorts شُرطُه | Her shorts شُرطها | Their shorts شُرطهُم | Our shorts شُرطنا
Clothes,intermediate,جوب,joob,skirt,noun,,,جوبات (joobat),,My skirt جوبي | Your f. skirt جوبِك | Your m. skirt جوبَك | Your pl. skirt جوبكُم | His skirt جوبُه | Her skirt جوبها | Their skirt جوبهُم | Our skirt جوبنا
Clothes,intermediate,تَنورة,tanoora,Skirt,noun,,,,,My skirt تَنورَتي | Your f. skirt تَنورَتِك | Your m. skirt تَنورَتَك | Your pl. skirt تَنورَتكُم | His skirt تَنورَتُه | Her skirt تَنورَتها | Their skirt تَنورَتهُم | Our skirt تَنورَتنا
Clothes,intermediate,جُربَان,joorban,sock,noun,,,جَرَابِيْن (jarabin),,My sock جُربَاني | Your f. sock جُربَانِك | Your m. sock جُربَانَك | Your pl. sock جُربَانكُم | His sock جُربَانُه | Her sock جُربَانها | Their sock جُربَانهُم | Our sock جُربَاننا
Clothes,intermediate,ملابِس داخِلية,mlabis,underwear,noun,,,,,
Clothes,intermediate,كِلوت,kiloot,underpants,noun,,,,,My underpants كِلوتي | Your f. underpants كِلوتِك | Your m. underpants كِلوتَك | Your pl. underpants كِلوتكُم | His underpants كِلوتُه | Her underpants كِلوتها | Their underpants كِلوتهُم | Our underpants كِلوتنا
Clothes,intermediate,حَجم,Hajm,Size,noun,حَجم (Hajm),,,,My size حَجمي | Your f. size حَجمِك | Your m. size حَجمَك | Your pl. size حَجمكُم | His size حَجمُه | Her size حَجمها | Their size حَجمهُم | Our size حَجمنا
Clothes,advanced,أواعي صَيفية,aooa3ee,Summer clothes,noun,,,,,
Clothes,advanced,أواعي شِتاوية,aooa3ee,Winter clothes,noun,,,,,
Clothes,advanced,قُبعة,qoob3a,hat,noun,,,برانيط (braneeT),,My hat قُبعَتي | Your f. hat قُبعَتِك | Your m. hat قُبعَتَك | Your pl. hat قُبعَتكُم | His hat قُبعَتُه | Her hat قُبعَتها | Their hat قُبعَتهُم | Our hat قُبعَتنا
Clothes,advanced,كَفوف إيدَي,kafoof,gloves,noun,,,قفّازات (qffazat),,
Clothes,advanced,جرافة,jrafa,Tie,noun,,,,,My tie جرافَتي | Your f. tie جرافَتِك | Your m. tie جرافَتَك | Your pl. tie جرافَتكُم | His tie جرافَتُه | Her tie جرافَتها | Their tie جرافَتهُم | Our tie جرافَتنا
Clothes,advanced,مِعطَف,mi3Taf,Overcoat,noun,,,,,
Clothes,advanced,ملابس داخلية حريمي,mlabs,bra,noun,,,,,My bra ملابس داخلية حريميي | Your f. bra ملابس داخلية حريميِك | Your m. bra ملابس داخلية حريميَك | Your pl. bra ملابس داخلية حريميكُم | His bra ملابس داخلية حريميُه | Her bra ملابس داخلية حريميها | Their bra ملابس داخلية حريميهُم | Our bra ملابس داخلية حريمينا
The Home,beginner,تَخت,takht,Bed,noun,,,تخوت (tkhoot),,My bed تَختي | Your f. bed تَختِك | Your m. bed تَختَك | Your pl. bed تَختكُم | His bed تَختُه | Her bed تَختها | Their bed تَختهُم | Our bed تَختنا
The Home,beginner,فُرن,foorn,Oven,noun,فُرن (foorn),,أفران (afran),,My oven فُرني | Your f. oven فُرنِك | Your m. oven فُرنَك | Your pl. oven فُرنكُم | His oven فُرنُه | Her oven فُرنها | Their oven فُرنهُم | Our oven فُرننا
The Home,beginner,مَطبَخ,maTbakh,Kitchen,noun,مَطبَخ (maTbakh),,مطابخ (mTabkh),,My kitchen مَطبَخي | Your f. kitchen مَطبَخِك | Your m. kitchen مَطبَخَك | Your pl. kitchen مَطبَخكُم | His kitchen مَطبَخُه | Her kitchen مَطبَخها | Their kitchen مَطبَخهُم | Our kitchen مَطبَخنا
The Home,beginner,حَمّام,Hammam,Bathroom,noun,حَمّام (Hammam),,حمامات (Hmamat),,My bathroom حَمّامي | Your f. bathroom حَمّامِك | Your m. bathroom حَمّامَك | Your pl. bathroom حَمّامكُم | His bathroom حَمّامُه | Her bathroom حَمّامها | Their bathroom حَمّامهُم | Our bathroom حَمّامنا
The Home,beginner,باب,bab,Door,noun,باب (bab),,أبواب (abooab),,My door بابي | Your f. door بابِك | Your m. door بابَك | Your pl. door بابكُم | His door بابُه | Her door بابها | Their door بابهُم | Our door بابنا
The Home,beginner,كُرسي,koorsee,Chair,noun,,,كراسي (krasee),,My chair كُرسيي | Your f. chair كُرسيِك | Your m. chair كُرسيَك | Your pl. chair كُرسيكُم | His chair كُرسيُه | Her chair كُرسيها | Their chair كُرسيهُم | Our chair كُرسينا
The Home,beginner,مِفتاح,miftaH,Key,noun,مِفتاح (miftaH),,مفاتيح (mfateeH),,My key مِفتاحي | Your f. key مِفتاحِك | Your m. key مِفتاحَك | Your pl. key مِفتاحكُم | His key مِفتاحُه | Her key مِفتاحها | Their key مِفتاحهُم | Our key مِفتاحنا
The Home,beginner,تلفزيون,tlfzeeoon,Television,noun,,,تلفزيونات (tlfzeeoonat),,My television تلفزيوني | Your f. television تلفزيونِك | Your m. television تلفزيونَك | Your pl. television تلفزيونكُم | His television تلفزيونُه | Her television تلفزيونها | Their television تلفزيونهُم | Our television تلفزيوننا
The Home,beginner,دَرج,darj,stairs,noun,دَرج (darj),,,,My stairs دَرجي | Your f. stairs دَرجِك | Your m. stairs دَرجَك | Your pl. stairs دَرجكُم | His stairs دَرجُه | Her stairs دَرجها | Their stairs دَرجهُم | Our stairs دَرجنا
The Home,beginner,غُرفة,ghoorfa,room,noun,,,غرف (ghrf),,My room غُرفَتي | Your f. room غُرفَتِك | Your m. room غُرفَتَك | Your pl. room غُرفَتكُم | His room غُرفَتُه | Her room غُرفَتها | Their room غُرفَتهُم | Our room غُرفَتنا
The Home,beginner,بَيت,bayt,House,noun,بَيت (bayt),,بَيوت (bayoot),,My house بَيتي | Your f. house بَيتِك | Your m. house بَيتَك | Your pl. house بَيتكُم | His house بَيتُه | Her house بَيتها | Their house بَيتهُم | Our house بَيتنا
The Home,beginner,دَار,dar,Home,noun,دَار (dar),,دُوْر (door),,My home دَاري | Your f. home دَارِك | Your m. home دَارَك | Your pl. home دَاركُم | His home دَارُه | Her home دَارها | Their home دَارهُم | Our home دَارنا
The Home,beginner,شَقّة,shaqqa,Flat; appartment,noun,,,شقق (shqq),,My flat; appartment شَقَّتي | Your f. flat; appartment شَقَّتِك | Your m. flat; appartment شَقَّتَك | Your pl. flat; appartment شَقَّتكُم | His flat; appartment شَقَّتُه | Her flat; appartment شَقَّتها | Their flat; appartment شَقَّتهُم | Our flat; appartment شَقَّتنا
The Home,beginner,نَظَّف,naZZaf,To clean,verb,نَظَّف (naZZaf),,,,Active participle مْنَظِّف | Passive participle مْنَظَّف | Masdar تَنْظِيف
The Home,beginner,رَتَّب,rattab,To tidy up,verb,رَتَّب (rattab),,,,Active participle مْرَتِّب | Passive participle مْرَتَّب | Masdar تَرْتِيب
The Home,intermediate,غُرفة نوم,ghoorfa,Bed room,noun,,,,,
The Home,intermediate,غُرفة قعدة,ghoorfa,Sitting room,noun,,,,,
The Home,intermediate,غُرفة ضَيوف,ghoorfa,Reception room,noun,,,,,
The Home,intermediate,غُرفة سفرة,ghoorfa,Dining room,noun,,,,,
The Home,intermediate,صابون,Saboon,Soap,noun,,,,,My soap صابوني | Your f. soap صابونِك | Your m. soap صابونَك | Your pl. soap صابونكُم | His soap صابونُه | Her soap صابونها | Their soap صابونهُم | Our soap صابوننا
The Home,intermediate,توالَيت,tooalayt,Toilet,noun,,,تواليتات (tooaleetat),,My toilet توالَيتي | Your f. toilet توالَيتِك | Your m. toilet توالَيتَك | Your pl. toilet توالَيتكُم | His toilet توالَيتُه | Her toilet توالَيتها | Their toilet توالَيتهُم | Our toilet توالَيتنا
The Home,intermediate,كَنَبة,kanaba,sofa,noun,,,كنبات (knbat),,My sofa كَنَبَتي | Your f. sofa كَنَبَتِك | Your m. sofa كَنَبَتَك | Your pl. sofa كَنَبَتكُم | His sofa كَنَبَتُه | Her sofa كَنَبَتها | Their sofa كَنَبَتهُم | Our sofa كَنَبَتنا
The Home,intermediate,سِتارة,sitara,curtain/blinds,noun,,,ستاير (staeer),,My curtain/blinds سِتارَتي | Your f. curtain/blinds سِتارَتِك | Your m. curtain/blinds سِتارَتَك | Your pl. curtain/blinds سِتارَتكُم | His curtain/blinds سِتارَتُه | Her curtain/blinds سِتارَتها | Their curtain/blinds سِتارَتهُم | Our curtain/blinds سِتارَتنا
The Home,intermediate,طاولة,Taoola,Table,noun,,,طاولات (Taoolat),,My table طاولَتي | Your f. table طاولَتِك | Your m. table طاولَتَك | Your pl. table طاولَتكُم | His table طاولَتُه | Her table طاولَتها | Their table طاولَتهُم | Our table طاولَتنا
The Home,intermediate,خَزّانة,khazzana,Cupboard,noun,خَزّانة (khazzana),,خزاين (khzaeen),,My cupboard خَزّانَتي | Your f. cupboard خَزّانَتِك | Your m. cupboard خَزّانَتَك | Your pl. cupboard خَزّانَتكُم | His cupboard خَزّانَتُه | Her cupboard خَزّانَتها | Their cupboard خَزّانَتهُم | Our cupboard خَزّانَتنا
The Home,intermediate,شُبّاك,shoobbak,Window,noun,,,شبابيك (shbabeek),,My window شُبّاكي | Your f. window شُبّاكِك | Your m. window شُبّاكَك | Your pl. window شُبّاككُم | His window شُبّاكُه | Her window شُبّاكها | Their window شُبّاكهُم | Our window شُبّاكنا
The Home,intermediate,بُرداية,boordaeea,Curtains,noun,,,,,My curtains بُردايَتي | Your f. curtains بُردايَتِك | Your m. curtains بُردايَتَك | Your pl. curtains بُردايَتكُم | His curtains بُردايَتُه | Her curtains بُردايَتها | Their curtains بُردايَتهُم | Our curtains بُردايَتنا
The Home,intermediate,صورة,Soora,Picture,noun,صورة (Soora),,صور (Soor),,My picture صورَتي | Your f. picture صورَتِك | Your m. picture صورَتَك | Your pl. picture صورَتكُم | His picture صورَتُه | Her picture صورَتها | Their picture صورَتهُم | Our picture صورَتنا
The Home,intermediate,مَبنى,mabna,building,noun,مَبنى (mabna),,مبانئ (mban2),,My building مَبنىي | Your f. building مَبنىِك | Your m. building مَبنىَك | Your pl. building مَبنىكُم | His building مَبنىُه | Her building مَبنىها | Their building مَبنىهُم | Our building مَبنىنا
The Home,intermediate,طابَق,Tabaq,floor (building level),noun,طابَق (Tabaq),,طوابق (Tooabq),,My floor (building level) طابَقي | Your f. floor (building level) طابَقِك | Your m. floor (building level) طابَقَك | Your pl. floor (building level) طابَقكُم | His floor (building level) طابَقُه | Her floor (building level) طابَقها | Their floor (building level) طابَقهُم | Our floor (building level) طابَقنا
The Home,intermediate,سَقف,saqf,ceiling,noun,,,سقوف (sqoof),,My ceiling سَقفي | Your f. ceiling سَقفِك | Your m. ceiling سَقفَك | Your pl. ceiling سَقفكُم | His ceiling سَقفُه | Her ceiling سَقفها | Their ceiling سَقفهُم | Our ceiling سَقفنا
The Home,intermediate,أرضية,arDeea,floor,noun,,,أرضيات (arDeeat),,My floor أرضيَتي | Your f. floor أرضيَتِك | Your m. floor أرضيَتَك | Your pl. floor أرضيَتكُم | His floor أرضيَتُه | Her floor أرضيَتها | Their floor أرضيَتهُم | Our floor أرضيَتنا
The Home,intermediate,سُطح,sooTH,roof,noun,,,سطوح (sTooH),,My roof سُطحي | Your f. roof سُطحِك | Your m. roof سُطحَك | Your pl. roof سُطحكُم | His roof سُطحُه | Her roof سُطحها | Their roof سُطحهُم | Our roof سُطحنا
The Home,intermediate,كَهرِباء,kahriba2,electricity,noun,,,,,My electricity كَهرِبائي | Your f. electricity كَهرِبائِك | Your m. electricity كَهرِبائَك | Your pl. electricity كَهرِبائكُم | His electricity كَهرِبائُه | Her electricity كَهرِبائها | Their electricity كَهرِبائهُم | Our electricity كَهرِبائنا
The Home,intermediate,سِلك,silk,"cord, wire",noun,,,أسلاك (aslak),,"My cord, wire سِلكي | Your f. cord, wire سِلكِك | Your m. cord, wire سِلكَك | Your pl. cord, wire سِلككُم | His cord, wire سِلكُه | Her cord, wire سِلكها | Their cord, wire سِلكهُم | Our cord, wire سِلكنا"
The Home,intermediate,أصَنصور,aSanSoor,elevator,noun,,,اصنصيرات (aSnSeerat),,My elevator أصَنصوري | Your f. elevator أصَنصورِك | Your m. elevator أصَنصورَك | Your pl. elevator أصَنصوركُم | His elevator أصَنصورُه | Her elevator أصَنصورها | Their elevator أصَنصورهُم | Our elevator أصَنصورنا
The Home,intermediate,صاحِب شقة,SaHib,landlord,noun,صاحِب (SaHib),,,,
The Home,intermediate,إيجار,ieejar,rent or lease,noun,إيجار (ieejar),,,,My rent or lease إيجاري | Your f. rent or lease إيجارِك | Your m. rent or lease إيجارَك | Your pl. rent or lease إيجاركُم | His rent or lease إيجارُه | Her rent or lease إيجارها | Their rent or lease إيجارهُم | Our rent or lease إيجارنا
The Home,intermediate,مَفروش,mafroosh,furnished,noun,مَفروش (mafroosh),,,,
The Home,intermediate,غُرفة جَلوس,ghoorfa,living room,noun,,,,,
The Home,intermediate,حَديقة,Hadeeqa,Garden,noun,,,,,My park حَديقَتي | Your f. park حَديقَتِك | Your m. park حَديقَتَك | Your pl. park حَديقَتكُم | His park حَديقَتُه | Her park حَديقَتها | Their park حَديقَتهُم | Our park حَديقَتنا
The Home,intermediate,خَيمة,khayma,Tent,noun,,,,,My tent خَيمَتي | Your f. tent خَيمَتِك | Your m. tent خَيمَتَك | Your pl. tent خَيمَتكُم | His tent خَيمَتُه | Her tent خَيمَتها | Their tent خَيمَتهُم | Our tent خَيمَتنا
The Home,intermediate,بَلكون,balkoon,Balcony,noun,,,بلكونات (blkoonat),,My balcony بَلكوني | Your f. balcony بَلكونِك | Your m. balcony بَلكونَك | Your pl. balcony بَلكونكُم | His balcony بَلكونُه | Her balcony بَلكونها | Their balcony بَلكونهُم | Our balcony بَلكوننا
The Home,intermediate,فَرَندة,faranda,Veranda,noun,,,فرندات (frndat),,My veranda فَرَندَتي | Your f. veranda فَرَندَتِك | Your m. veranda فَرَندَتَك | Your pl. veranda فَرَندَتكُم | His veranda فَرَندَتُه | Her veranda فَرَندَتها | Their veranda فَرَندَتهُم | Our veranda فَرَندَتنا
The Home,intermediate,ضَيف,Dayf,Guest,noun,,,ضَيوف (Dayoof),,My guest ضَيفي | Your f. guest ضَيفِك | Your m. guest ضَيفَك | Your pl. guest ضَيفكُم | His guest ضَيفُه | Her guest ضَيفها | Their guest ضَيفهُم | Our guest ضَيفنا
The Home,intermediate,جار,jar,Neighbour,noun,جار (jar),,جيران (jeeran),,My neighbour جاري | Your f. neighbour جارِك | Your m. neighbour جارَك | Your pl. neighbour جاركُم | His neighbour جارُه | Her neighbour جارها | Their neighbour جارهُم | Our neighbour جارنا
The Home,intermediate,رَحَل,raHal,To move (house),verb,رَحَل (raHal),,,,Active participle راحِل | Passive participle مَرْحُول | Masdar رَحِل
The Home,intermediate,رَحَل,raHal,To move (house),verb,رَحَل (raHal),,,,Active participle راحِل | Passive participle مَرْحُول | Masdar رَحِل
The Home,intermediate,أَجَّر,ajjar,To rent out,verb,أَجَّر (ajjar),,,,Active participle مْأَجِّر | Passive participle مْأَجَّر | Masdar تَأْجِير
The Home,advanced,عَفِش,3afish,furniture,noun,,,,,My furniture عَفِشي | Your f. furniture عَفِشِك | Your m. furniture عَفِشَك | Your pl. furniture عَفِشكُم | His furniture عَفِشُه | Her furniture عَفِشها | Their furniture عَفِشهُم | Our furniture عَفِشنا
The Home,advanced,باحة,baHa,"courtyard, large open area",noun,,,,,"My courtyard, large open area باحَتي | Your f. courtyard, large open area باحَتِك | Your m. courtyard, large open area باحَتَك | Your pl. courtyard, large open area باحَتكُم | His courtyard, large open area باحَتُه | Her courtyard, large open area باحَتها | Their courtyard, large open area باحَتهُم | Our courtyard, large open area باحَتنا"
The Home,advanced,بوّابة,booooaba,gate,noun,,,بوّابات (booooabat),,My gate بوّابَتي | Your f. gate بوّابَتِك | Your m. gate بوّابَتَك | Your pl. gate بوّابَتكُم | His gate بوّابَتُه | Her gate بوّابَتها | Their gate بوّابَتهُم | Our gate بوّابَتنا
The Home,advanced,مَقبِض باب,maqbiD,doorknob/handle,noun,,,,,
The Home,advanced,حَيطة,HayTa,wall (of a room),noun,,,حيطان (HeeTan),,My wall (of a room) حَيطَتي | Your f. wall (of a room) حَيطَتِك | Your m. wall (of a room) حَيطَتَك | Your pl. wall (of a room) حَيطَتكُم | His wall (of a room) حَيطَتُه | Her wall (of a room) حَيطَتها | Their wall (of a room) حَيطَتهُم | Our wall (of a room) حَيطَتنا
The Home,advanced,ماسورة,masoora,pipe,noun,,,مواسير (mooaseer),,My pipe ماسورَتي | Your f. pipe ماسورَتِك | Your m. pipe ماسورَتَك | Your pl. pipe ماسورَتكُم | His pipe ماسورَتُه | Her pipe ماسورَتها | Their pipe ماسورَتهُم | Our pipe ماسورَتنا
The Home,advanced,مَحبَس,maHbas,valve,noun,مَحبَس (maHbas),,,,My valve مَحبَسي | Your f. valve مَحبَسِك | Your m. valve مَحبَسَك | Your pl. valve مَحبَسكُم | His valve مَحبَسُه | Her valve مَحبَسها | Their valve مَحبَسهُم | Our valve مَحبَسنا
The Home,advanced,مَخرَج كَهرِباء,makhraj,electrical outlet,noun,مَخرَج (makhraj),,,,
The Home,advanced,بَريزة,bareeza,electrical plug,noun,,,,,My electrical plug بَريزَتي | Your f. electrical plug بَريزَتِك | Your m. electrical plug بَريزَتَك | Your pl. electrical plug بَريزَتكُم | His electrical plug بَريزَتُه | Her electrical plug بَريزَتها | Their electrical plug بَريزَتهُم | Our electrical plug بَريزَتنا
The Home,advanced,رَكن,rakn,Corner (of a room),noun,,,أركان (arkan),,My corner (of a room) رَكني | Your f. corner (of a room) رَكنِك | Your m. corner (of a room) رَكنَك | Your pl. corner (of a room) رَكنكُم | His corner (of a room) رَكنُه | Her corner (of a room) رَكنها | Their corner (of a room) رَكنهُم | Our corner (of a room) رَكننا
The Home,advanced,أَثَّث,aththath,To furnish,verb,أَثَّث (aththath),,,,Active participle مْأَثِّث | Passive participle مْأَثَّث | Masdar تَأْثِيث
The Home,advanced,عَرْبَن,3arban,To put down a deposit,verb,عَرْبَن (3arban),,,,Active participle مْعَرْبِن | Passive participle مْعَرْبَن | Masdar عَرْبَنَة
Countries,beginner,أمريكا,amreeka,America (USA),noun,,,,,
Countries,beginner,روسيّا,rooseeeea,Russia,noun,,,,,
Countries,beginner,الصين,iS-Seen,China,noun,,,,,
Countries,beginner,الهِند,il-hind,India,noun,,,,,
Countries,beginner,مَصر,maSr,Egypt,noun,,,,,
Countries,beginner,تونِس,toonis,Tunisia,noun,,,,,
Countries,beginner,الجزائر,il-jza2r,Algeria,noun,,,,,
Countries,beginner,أُروبّا,ooroobba,Europe,noun,,,,,
Countries,beginner,برِيطانيا,briTaneea,Britain,noun,,,,,
Countries,beginner,فرَنسا,fransa,France,noun,,,,,
Countries,beginner,ألمانيا,almaneea,Germany,noun,,,,,
Countries,beginner,فَلَسطين,falasTeen,Palestine,noun,,,,,
Countries,beginner,بِلاد الشام,bilad,The Levant,noun,,,,,
Countries,beginner,إسرائيل,isra2eel,Israel (Palestine),noun,,,,,
Countries,beginner,سوريا,sooreea,Syria,noun,,,,,
Countries,beginner,لُبنان,loobnan,Lebanon,noun,,,,,
Countries,beginner,الأُردُن,il-oordoon,Jordan,noun,,,,,
Countries,beginner,العِراق,il-3iraq,Iraq,noun,,,,,
Countries,beginner,بَلَد,balad,Country,noun,,,بِلاد (bilad),,My country بَلَدي | Your f. country بَلَدِك | Your m. country بَلَدَك | Your pl. country بَلَدكُم | His country بَلَدُه | Her country بَلَدها | Their country بَلَدهُم | Our country بَلَدنا
Countries,intermediate,كَنَدا,kanada,Canada,noun,,,,,
Countries,intermediate,المَكسيك,il-makseek,Mexico,noun,,,,,
Countries,intermediate,برازيل,brazeel,Brazil,noun,,,,,
Countries,intermediate,الخَليج,il-khaleej,The Gulf,noun,,,,,
Countries,intermediate,كوَيت,kwayt,Kuwait,noun,,,,,
Countries,intermediate,عُمان,3ooman,Oman,noun,,,,,
Countries,intermediate,اليَمَن,il-yaman,Yemen,noun,,,,,
Countries,intermediate,السَعوديّة,is-sa3oodeeeea,Saudi Arabia,noun,,,,,
Countries,intermediate,الإمارات,il-imarat,United Arab Emirates,noun,,,,,
Countries,intermediate,بَحرَين,baHrayn,Bahrain,noun,,,,,
Countries,intermediate,تُركيّا,toorkeeeea,Turkey,noun,,,,,
Countries,intermediate,شَمال أفريقيا,shamal,North Africa,noun,,,,,
Countries,intermediate,سودان,soodan,Sudan,noun,,,,,
Countries,intermediate,ليبيا,leebeea,Libya,noun,,,,,
Countries,intermediate,المَغرَب,il-maghrab,Morocco,noun,المَغرَب (il-maghrab),,,,
Countries,intermediate,بَلجيكا,baljeeka,Belgium,noun,,,,,
Countries,intermediate,إيطاليا,ieeTaleea,Italy,noun,,,,,
Countries,intermediate,إسبانيا,isbaneea,Spain,noun,,,,,
Countries,intermediate,هُلاندا,hoolanda,The Netherlands,noun,,,,,
Countries,intermediate,الضِفّة الغَربيّة,iD-Diffa,The West Bank (Palestine),noun,,,,,
Countries,intermediate,غَزّة,ghazza,Gaza (Palestine),noun,,,,,
Countries,intermediate,إيران,ieeran,Iran,noun,,,,,
Countries,advanced,الأرجَنتينا,il-arjanteena,Argentina,noun,,,,,
Countries,advanced,كولومبيا,kooloombeea,Colombia,noun,,,,,
Countries,advanced,اليابان,il-eeaban,Japan,noun,,,,,
Countries,advanced,باكِستان,bakistan,Pakistan,noun,,,,,
Countries,advanced,أفغَنِستان,afghanistan,Afghanistan,noun,,,,,
Countries,advanced,إندونيسيا,indooneeseea,Indonesia,noun,,,,,
Countries,advanced,الصومال,iS-Soomal,Somalia,noun,,,,,
Countries,advanced,الصَحراء الغَربيّة,iS-SaHra2,Western Sahara,noun,,,,,
Countries,advanced,موريتانيا,mooreetaneea,Mauritania,noun,,,,,
Countries,advanced,مالي,malee,Mali,noun,,,,,
Countries,advanced,بُلاندا,boolanda,Poland,noun,,,,,
Countries,advanced,النِمسا,in-nimsa,Austria,noun,,,,,
Countries,advanced,اليونان,il-eeoonan,Greece,noun,,,,,
Countries,advanced,سويسرا,sooeesra,Switzerland,noun,,,,,
Countries,advanced,تَمَنية وأربَعين,tamaneea,"Forty Eight Palestine (refers to the 1948 borders of Palestine, and Palestinians often use this when talking about the land of modern day Israel)",noun,,,,,
Countries,advanced,الداخِل,id-dakhil,The inside (used by Palestinians when referring to anything inside the current state of Israel),noun,,,,,
Countries,advanced,بَرّا,barra,Outside (used by Palestinians when referring to Palestinians living outside of Palestine),noun,,,,,
Countries,advanced,الكيان الصَهيونيّ,il-keean,The Zionist entity,noun,,,,,
School,beginner,جامِعة,jami3a,University,noun,جامِعة (jami3a),,,,My university جامِعَتي | Your f. university جامِعَتِك | Your m. university جامِعَتَك | Your pl. university جامِعَتكُم | His university جامِعَتُه | Her university جامِعَتها | Their university جامِعَتهُم | Our university جامِعَتنا
School,beginner,مَدرَسة,madrasa,School,noun,مَدرَسة (madrasa),,,,My school مَدرَسَتي | Your f. school مَدرَسَتِك | Your m. school مَدرَسَتَك | Your pl. school مَدرَسَتكُم | His school مَدرَسَتُه | Her school مَدرَسَتها | Their school مَدرَسَتهُم | Our school مَدرَسَتنا
School,beginner,مُعَلِّم,moo3allim,Teacher,noun,مُعَلِّم (moo3allim),,,,My teacher مُعَلِّمي | Your f. teacher مُعَلِّمِك | Your m. teacher مُعَلِّمَك | Your pl. teacher مُعَلِّمكُم | His teacher مُعَلِّمُه | Her teacher مُعَلِّمها | Their teacher مُعَلِّمهُم | Our teacher مُعَلِّمنا
School,beginner,طالِب,Talib,Student,noun,طالِب (Talib),,,,My student طالِبي | Your f. student طالِبِك | Your m. student طالِبَك | Your pl. student طالِبكُم | His student طالِبُه | Her student طالِبها | Their student طالِبهُم | Our student طالِبنا
School,beginner,دَرس,dars,Class,noun,دَرس (dars),,,,My class دَرسي | Your f. class دَرسِك | Your m. class دَرسَك | Your pl. class دَرسكُم | His class دَرسُه | Her class دَرسها | Their class دَرسهُم | Our class دَرسنا
School,beginner,كِتاب,kitab,Book,noun,كِتاب (kitab),,,,My book كِتابي | Your f. book كِتابِك | Your m. book كِتابَك | Your pl. book كِتابكُم | His book كِتابُه | Her book كِتابها | Their book كِتابهُم | Our book كِتابنا
School,beginner,قَلم,qalm,Pen,noun,قَلم (qalm),,اقلام (aqlam),,My pen قَلمي | Your f. pen قَلمِك | Your m. pen قَلمَك | Your pl. pen قَلمكُم | His pen قَلمُه | Her pen قَلمها | Their pen قَلمهُم | Our pen قَلمنا
School,beginner,دَفتِر,daftir,Notebook,noun,دَفتِر (daftir),,,,My notebook دَفتِري | Your f. notebook دَفتِرِك | Your m. notebook دَفتِرَك | Your pl. notebook دَفتِركُم | His notebook دَفتِرُه | Her notebook دَفتِرها | Their notebook دَفتِرهُم | Our notebook دَفتِرنا
School,beginner,لُغة,loogha,Language,noun,لُغة (loogha),,لغات (lghat),,My language لُغَتي | Your f. language لُغَتِك | Your m. language لُغَتَك | Your pl. language لُغَتكُم | His language لُغَتُه | Her language لُغَتها | Their language لُغَتهُم | Our language لُغَتنا
School,beginner,تَعَلَّم,ta3allam,To learn,verb,تَعَلَّم (ta3allam),,,,Active participle مِتْعَلِّم | Masdar تَعَلُم
School,beginner,رَكَّز,rakkaz,To concentrate / focus,verb,رَكَّز (rakkaz),,,,Active participle مْرَكِّز | Passive participle مْرَكَّز | Masdar تَرْكِيز
School,beginner,قَرَأ,qaraa,To read,verb,قَرَأ (qaraa),,,,Active participle قارِئ | Passive participle مَقْرُوء | Masdar قَرَأة
School,beginner,كَتَب,katab,To write,verb,كَتَب (katab),,,,Active participle كاتِب | Passive participle مَكْتُوب | Masdar كَتْب
School,beginner,دَرَس,daras,To study,verb,دَرَس (daras),,,,Active participle دارِس | Passive participle مَدْرُوس | Masdar دَرْس
School,beginner,تَعَلَّم,ta3allam,To learn,verb,تَعَلَّم (ta3allam),,,,Active participle مِتْعَلِّم | Masdar تَعَلُم
School,beginner,عَلَّم,3allam,To teach,verb,عَلَّم (3allam),,,,Active participle مْعَلِّم | Passive participle مْعَلَّم | Masdar تَعْلِيم
School,intermediate,مُدَرِّس,moodarris,School teacher,noun,مُدَرِّس (moodarris),,,,My school teacher مُدَرِّسي | Your f. school teacher مُدَرِّسِك | Your m. school teacher مُدَرِّسَك | Your pl. school teacher مُدَرِّسكُم | His school teacher مُدَرِّسُه | Her school teacher مُدَرِّسها | Their school teacher مُدَرِّسهُم | Our school teacher مُدَرِّسنا
School,intermediate,صَفّ,Saff,Classroom,noun,صَفّ (Saff),,,,My classroom صَفّي | Your f. classroom صَفِّك | Your m. classroom صَفَّك | Your pl. classroom صَفّكُم | His classroom صَفُّه | Her classroom صَفّها | Their classroom صَفّهُم | Our classroom صَفّنا
School,intermediate,لوح,looH,Board,noun,لوح (looH),,,,My board لوحي | Your f. board لوحِك | Your m. board لوحَك | Your pl. board لوحكُم | His board لوحُه | Her board لوحها | Their board لوحهُم | Our board لوحنا
School,intermediate,وَرَقة,waraqa,Piece of paper,noun,وَرَقة (waraqa),,,,My piece of paper وَرَقَتي | Your f. piece of paper وَرَقَتِك | Your m. piece of paper وَرَقَتَك | Your pl. piece of paper وَرَقَتكُم | His piece of paper وَرَقَتُه | Her piece of paper وَرَقَتها | Their piece of paper وَرَقَتهُم | Our piece of paper وَرَقَتنا
School,intermediate,قاموس,qamoos,Dictionary,noun,قاموس (qamoos),,,,My dictionary قاموسي | Your f. dictionary قاموسِك | Your m. dictionary قاموسَك | Your pl. dictionary قاموسكُم | His dictionary قاموسُه | Her dictionary قاموسها | Their dictionary قاموسهُم | Our dictionary قاموسنا
School,intermediate,رَسم,rasm,Drawing,noun,رَسم (rasm),,,,My drawing رَسمي | Your f. drawing رَسمِك | Your m. drawing رَسمَك | Your pl. drawing رَسمكُم | His drawing رَسمُه | Her drawing رَسمها | Their drawing رَسمهُم | Our drawing رَسمنا
School,intermediate,وَظيفة,waZeefa,Homework,noun,وَظيفة (waZeefa),,,,My homework وَظيفَتي | Your f. homework وَظيفَتِك | Your m. homework وَظيفَتَك | Your pl. homework وَظيفَتكُم | His homework وَظيفَتُه | Her homework وَظيفَتها | Their homework وَظيفَتهُم | Our homework وَظيفَتنا
School,intermediate,عَمّية,3ammeea,Colloquial arabic,noun,,,,,My colloquial arabic عَمّيَتي | Your f. colloquial arabic عَمّيَتِك | Your m. colloquial arabic عَمّيَتَك | Your pl. colloquial arabic عَمّيَتكُم | His colloquial arabic عَمّيَتُه | Her colloquial arabic عَمّيَتها | Their colloquial arabic عَمّيَتهُم | Our colloquial arabic عَمّيَتنا
School,intermediate,مَكتَبة,maktaba,"Library, bookshop",noun,مَكتَبة (maktaba),,,,"My library, bookshop مَكتَبَتي | Your f. library, bookshop مَكتَبَتِك | Your m. library, bookshop مَكتَبَتَك | Your pl. library, bookshop مَكتَبَتكُم | His library, bookshop مَكتَبَتُه | Her library, bookshop مَكتَبَتها | Their library, bookshop مَكتَبَتهُم | Our library, bookshop مَكتَبَتنا"
Numbers,beginner,صِفر,Sifr,Zero,noun,,,,,My zero صِفري | Your f. zero صِفرِك | Your m. zero صِفرَك | Your pl. zero صِفركُم | His zero صِفرُه | Her zero صِفرها | Their zero صِفرهُم | Our zero صِفرنا
Numbers,beginner,واحَد,waHad,One,noun,واحَد (waHad),,,,My one واحَدي | Your f. one واحَدِك | Your m. one واحَدَك | Your pl. one واحَدكُم | His one واحَدُه | Her one واحَدها | Their one واحَدهُم | Our one واحَدنا
Numbers,beginner,إتنِين,itnin,Two,noun,إتنِين (itnin),,,,My two إتنِيني | Your f. two إتنِينِك | Your m. two إتنِينَك | Your pl. two إتنِينكُم | His two إتنِينُه | Her two إتنِينها | Their two إتنِينهُم | Our two إتنِيننا
Numbers,beginner,تَلاتة,talata,Three,noun,تَلاتة (talata),,,,My three تَلاتَتي | Your f. three تَلاتَتِك | Your m. three تَلاتَتَك | Your pl. three تَلاتَتكُم | His three تَلاتَتُه | Her three تَلاتَتها | Their three تَلاتَتهُم | Our three تَلاتَتنا
Numbers,beginner,أَربَعة,arba3a,Four,noun,أَربَعة (arba3a),,,,My four أَربَعَتي | Your f. four أَربَعَتِك | Your m. four أَربَعَتَك | Your pl. four أَربَعَتكُم | His four أَربَعَتُه | Her four أَربَعَتها | Their four أَربَعَتهُم | Our four أَربَعَتنا
Numbers,beginner,خَمسة,khamsa,Five,noun,خَمسة (khamsa),,,,My five خَمسَتي | Your f. five خَمسَتِك | Your m. five خَمسَتَك | Your pl. five خَمسَتكُم | His five خَمسَتُه | Her five خَمسَتها | Their five خَمسَتهُم | Our five خَمسَتنا
Numbers,beginner,سِتّة,sitta,Six,noun,سِتّة (sitta),,,,My six سِتَّتي | Your f. six سِتَّتِك | Your m. six سِتَّتَك | Your pl. six سِتَّتكُم | His six سِتَّتُه | Her six سِتَّتها | Their six سِتَّتهُم | Our six سِتَّتنا
Numbers,beginner,سَبعة,sab3a,Seven,noun,سَبعة (sab3a),,,,My seven سَبعَتي | Your f. seven سَبعَتِك | Your m. seven سَبعَتَك | Your pl. seven سَبعَتكُم | His seven سَبعَتُه | Her seven سَبعَتها | Their seven سَبعَتهُم | Our seven سَبعَتنا
Numbers,beginner,تَمانِية,tamania,Eight,noun,تَمانِية (tamania),,,,My eight تَمانِيَتي | Your f. eight تَمانِيَتِك | Your m. eight تَمانِيَتَك | Your pl. eight تَمانِيَتكُم | His eight تَمانِيَتُه | Her eight تَمانِيَتها | Their eight تَمانِيَتهُم | Our eight تَمانِيَتنا
Numbers,beginner,تِسعة,tis3a,Nine,noun,تِسعة (tis3a),,,,My nine تِسعَتي | Your f. nine تِسعَتِك | Your m. nine تِسعَتَك | Your pl. nine تِسعَتكُم | His nine تِسعَتُه | Her nine تِسعَتها | Their nine تِسعَتهُم | Our nine تِسعَتنا
Numbers,beginner,عَشرة,3ashra,Ten,noun,عَشرة (3ashra),,,,My ten عَشرَتي | Your f. ten عَشرَتِك | Your m. ten عَشرَتَك | Your pl. ten عَشرَتكُم | His ten عَشرَتُه | Her ten عَشرَتها | Their ten عَشرَتهُم | Our ten عَشرَتنا
Numbers,intermediate,ثنين,thneen,Two (m),noun,ثنين (thneen),,,,My two (m) ثنيني | Your f. two (m) ثنينِك | Your m. two (m) ثنينَك | Your pl. two (m) ثنينكُم | His two (m) ثنينُه | Her two (m) ثنينها | Their two (m) ثنينهُم | Our two (m) ثنيننا
Numbers,intermediate,تنتين,tnteen,Two (f),noun,تنتين (tnteen),,,,My two (f) تنتيني | Your f. two (f) تنتينِك | Your m. two (f) تنتينَك | Your pl. two (f) تنتينكُم | His two (f) تنتينُه | Her two (f) تنتينها | Their two (f) تنتينهُم | Our two (f) تنتيننا
Numbers,intermediate,ثلث,thlth,Three + noun,noun,ثلث (thlth),,,,My three + noun ثلثي | Your f. three + noun ثلثِك | Your m. three + noun ثلثَك | Your pl. three + noun ثلثكُم | His three + noun ثلثُه | Her three + noun ثلثها | Their three + noun ثلثهُم | Our three + noun ثلثنا
Numbers,intermediate,أربع,arb3,Four + noun,noun,أربع (arb3),,,,My four + noun أربعي | Your f. four + noun أربعِك | Your m. four + noun أربعَك | Your pl. four + noun أربعكُم | His four + noun أربعُه | Her four + noun أربعها | Their four + noun أربعهُم | Our four + noun أربعنا
Numbers,intermediate,خمس,khms,Five + noun,noun,خمس (khms),,,,My five + noun خمسي | Your f. five + noun خمسِك | Your m. five + noun خمسَك | Your pl. five + noun خمسكُم | His five + noun خمسُه | Her five + noun خمسها | Their five + noun خمسهُم | Our five + noun خمسنا
Numbers,intermediate,ست,st,Six + noun,noun,ست (st),,,,My six + noun ستي | Your f. six + noun ستِك | Your m. six + noun ستَك | Your pl. six + noun ستكُم | His six + noun ستُه | Her six + noun ستها | Their six + noun ستهُم | Our six + noun ستنا
Numbers,intermediate,سبع,sb3,Seven + noun,noun,سبع (sb3),,,,My seven + noun سبعي | Your f. seven + noun سبعِك | Your m. seven + noun سبعَك | Your pl. seven + noun سبعكُم | His seven + noun سبعُه | Her seven + noun سبعها | Their seven + noun سبعهُم | Our seven + noun سبعنا
Numbers,intermediate,ثمن,thmn,Eight + noun,noun,ثمن (thmn),,,,My eight + noun ثمني | Your f. eight + noun ثمنِك | Your m. eight + noun ثمنَك | Your pl. eight + noun ثمنكُم | His eight + noun ثمنُه | Her eight + noun ثمنها | Their eight + noun ثمنهُم | Our eight + noun ثمننا
Numbers,intermediate,تسع,ts3,Nine + noun,noun,تسع (ts3),,,,My nine + noun تسعي | Your f. nine + noun تسعِك | Your m. nine + noun تسعَك | Your pl. nine + noun تسعكُم | His nine + noun تسعُه | Her nine + noun تسعها | Their nine + noun تسعهُم | Our nine + noun تسعنا
Numbers,intermediate,عشر,3shr,Ten + noun,noun,عشر (3shr),,,,My ten + noun عشري | Your f. ten + noun عشرِك | Your m. ten + noun عشرَك | Your pl. ten + noun عشركُم | His ten + noun عشرُه | Her ten + noun عشرها | Their ten + noun عشرهُم | Our ten + noun عشرنا
Numbers,intermediate,ألأَوَّل,alawwal,First,noun,ألأَوَّل (alawwal),أُولى (oola),,,My first ألأَوَّلي | Your f. first ألأَوَّلِك | Your m. first ألأَوَّلَك | Your pl. first ألأَوَّلكُم | His first ألأَوَّلُه | Her first ألأَوَّلها | Their first ألأَوَّلهُم | Our first ألأَوَّلنا
Numbers,intermediate,الثّاني,ith-ththanee,Second,noun,الثّاني (ith-ththanee),,,,My second الثّانيي | Your f. second الثّانيِك | Your m. second الثّانيَك | Your pl. second الثّانيكُم | His second الثّانيُه | Her second الثّانيها | Their second الثّانيهُم | Our second الثّانينا
Numbers,intermediate,الثّالِث,ith-ththalith,Third,noun,الثّالِث (ith-ththalith),,,,My third الثّالِثي | Your f. third الثّالِثِك | Your m. third الثّالِثَك | Your pl. third الثّالِثكُم | His third الثّالِثُه | Her third الثّالِثها | Their third الثّالِثهُم | Our third الثّالِثنا
Numbers,intermediate,الرّابِع,ir-rrabi3,Fourth,noun,الرّابِع (ir-rrabi3),,,,My fourth الرّابِعي | Your f. fourth الرّابِعِك | Your m. fourth الرّابِعَك | Your pl. fourth الرّابِعكُم | His fourth الرّابِعُه | Her fourth الرّابِعها | Their fourth الرّابِعهُم | Our fourth الرّابِعنا
Numbers,intermediate,الْخامِس,il-khamis,Fifth,noun,الْخامِس (il-khamis),,,,My fifth الْخامِسي | Your f. fifth الْخامِسِك | Your m. fifth الْخامِسَك | Your pl. fifth الْخامِسكُم | His fifth الْخامِسُه | Her fifth الْخامِسها | Their fifth الْخامِسهُم | Our fifth الْخامِسنا
Numbers,intermediate,السّادِس,is-ssadis,Sixth,noun,السّادِس (is-ssadis),,,,My sixth السّادِسي | Your f. sixth السّادِسِك | Your m. sixth السّادِسَك | Your pl. sixth السّادِسكُم | His sixth السّادِسُه | Her sixth السّادِسها | Their sixth السّادِسهُم | Our sixth السّادِسنا
Numbers,intermediate,السابع,is-sab3,Seventh,noun,السابع (is-sab3),,,,My seventh السابعي | Your f. seventh السابعِك | Your m. seventh السابعَك | Your pl. seventh السابعكُم | His seventh السابعُه | Her seventh السابعها | Their seventh السابعهُم | Our seventh السابعنا
Numbers,intermediate,الثّامِن,ith-ththamin,Eighth,noun,الثّامِن (ith-ththamin),,,,My eighth الثّامِني | Your f. eighth الثّامِنِك | Your m. eighth الثّامِنَك | Your pl. eighth الثّامِنكُم | His eighth الثّامِنُه | Her eighth الثّامِنها | Their eighth الثّامِنهُم | Our eighth الثّامِننا
Numbers,intermediate,التّاسِع,it-ttasi3,Ninth,noun,التّاسِع (it-ttasi3),,,,My ninth التّاسِعي | Your f. ninth التّاسِعِك | Your m. ninth التّاسِعَك | Your pl. ninth التّاسِعكُم | His ninth التّاسِعُه | Her ninth التّاسِعها | Their ninth التّاسِعهُم | Our ninth التّاسِعنا
Numbers,intermediate,الْعاشِر,il-3ashir,Tenth,noun,الْعاشِر (il-3ashir),,,,My tenth الْعاشِري | Your f. tenth الْعاشِرِك | Your m. tenth الْعاشِرَك | Your pl. tenth الْعاشِركُم | His tenth الْعاشِرُه | Her tenth الْعاشِرها | Their tenth الْعاشِرهُم | Our tenth الْعاشِرنا
Numbers,intermediate,حَدعَش,Had3ash,Eleven,noun,,,,,My eleven حَدعَشي | Your f. eleven حَدعَشِك | Your m. eleven حَدعَشَك | Your pl. eleven حَدعَشكُم | His eleven حَدعَشُه | Her eleven حَدعَشها | Their eleven حَدعَشهُم | Our eleven حَدعَشنا
Numbers,intermediate,إتنَعش,itna3sh,Twelve,noun,,,,,My twelve إتنَعشي | Your f. twelve إتنَعشِك | Your m. twelve إتنَعشَك | Your pl. twelve إتنَعشكُم | His twelve إتنَعشُه | Her twelve إتنَعشها | Their twelve إتنَعشهُم | Our twelve إتنَعشنا
Numbers,intermediate,تلاتَعِش,tlata3ish,Thirteen,noun,,,,,My thirteen تلاتَعِشي | Your f. thirteen تلاتَعِشِك | Your m. thirteen تلاتَعِشَك | Your pl. thirteen تلاتَعِشكُم | His thirteen تلاتَعِشُه | Her thirteen تلاتَعِشها | Their thirteen تلاتَعِشهُم | Our thirteen تلاتَعِشنا
Numbers,intermediate,أربَعتَعِش,arba3ta3ish,Fourteen,noun,,,,,My fourteen أربَعتَعِشي | Your f. fourteen أربَعتَعِشِك | Your m. fourteen أربَعتَعِشَك | Your pl. fourteen أربَعتَعِشكُم | His fourteen أربَعتَعِشُه | Her fourteen أربَعتَعِشها | Their fourteen أربَعتَعِشهُم | Our fourteen أربَعتَعِشنا
Numbers,intermediate,خَمَستَعِش,khamasta3ish,Fifteen,noun,,,,,My fifteen خَمَستَعِشي | Your f. fifteen خَمَستَعِشِك | Your m. fifteen خَمَستَعِشَك | Your pl. fifteen خَمَستَعِشكُم | His fifteen خَمَستَعِشُه | Her fifteen خَمَستَعِشها | Their fifteen خَمَستَعِشهُم | Our fifteen خَمَستَعِشنا
Numbers,intermediate,سِتَّعِش,sitta3ish,Sixteen,noun,,,,,My sixteen سِتَّعِشي | Your f. sixteen سِتَّعِشِك | Your m. sixteen سِتَّعِشَك | Your pl. sixteen سِتَّعِشكُم | His sixteen سِتَّعِشُه | Her sixteen سِتَّعِشها | Their sixteen سِتَّعِشهُم | Our sixteen سِتَّعِشنا
Numbers,intermediate,سَبَعتَعِش,saba3ta3ish,Seventeen,noun,,,,,My seventeen سَبَعتَعِشي | Your f. seventeen سَبَعتَعِشِك | Your m. seventeen سَبَعتَعِشَك | Your pl. seventeen سَبَعتَعِشكُم | His seventeen سَبَعتَعِشُه | Her seventeen سَبَعتَعِشها | Their seventeen سَبَعتَعِشهُم | Our seventeen سَبَعتَعِشنا
Numbers,intermediate,تَمانتَعِش,tamanta3ish,Eighteen,noun,,,,,My eighteen تَمانتَعِشي | Your f. eighteen تَمانتَعِشِك | Your m. eighteen تَمانتَعِشَك | Your pl. eighteen تَمانتَعِشكُم | His eighteen تَمانتَعِشُه | Her eighteen تَمانتَعِشها | Their eighteen تَمانتَعِشهُم | Our eighteen تَمانتَعِشنا
Numbers,intermediate,تِسَعتَعِش,tisa3ta3ish,Nineteen,noun,,,,,My nineteen تِسَعتَعِشي | Your f. nineteen تِسَعتَعِشِك | Your m. nineteen تِسَعتَعِشَك | Your pl. nineteen تِسَعتَعِشكُم | His nineteen تِسَعتَعِشُه | Her nineteen تِسَعتَعِشها | Their nineteen تِسَعتَعِشهُم | Our nineteen تِسَعتَعِشنا
Numbers,intermediate,عَشرين,3ashreen,Twenty,noun,عَشرين (3ashreen),,,,My twenty عَشريني | Your f. twenty عَشرينِك | Your m. twenty عَشرينَك | Your pl. twenty عَشرينكُم | His twenty عَشرينُه | Her twenty عَشرينها | Their twenty عَشرينهُم | Our twenty عَشريننا
Numbers,intermediate,واحد وعشرين,waHd,Twenty-one,noun,,,,,
Numbers,intermediate,تلاتين,tlateen,Thirty,noun,تلاتين (tlateen),,,,My thirty تلاتيني | Your f. thirty تلاتينِك | Your m. thirty تلاتينَك | Your pl. thirty تلاتينكُم | His thirty تلاتينُه | Her thirty تلاتينها | Their thirty تلاتينهُم | Our thirty تلاتيننا
Numbers,intermediate,مئة,m2a,Hundred,noun,,,,,My hundred مئَتي | Your f. hundred مئَتِك | Your m. hundred مئَتَك | Your pl. hundred مئَتكُم | His hundred مئَتُه | Her hundred مئَتها | Their hundred مئَتهُم | Our hundred مئَتنا
Numbers,intermediate,مئتين,m2teen,Two hundred,noun,,,,,My two hundred مئتيني | Your f. two hundred مئتينِك | Your m. two hundred مئتينَك | Your pl. two hundred مئتينكُم | His two hundred مئتينُه | Her two hundred مئتينها | Their two hundred مئتينهُم | Our two hundred مئتيننا
Numbers,intermediate,تلات مئة,tlat,Three hundred,noun,,,,,
Numbers,intermediate,أَوَّل,awwal,First,adjective,أَوَّل (awwal),,,,
Numbers,intermediate,ثاني,thanee,Second,adjective,ثاني (thanee),,,,
Numbers,intermediate,ثالِث,thalith,Third,adjective,ثالِث (thalith),,,,
Numbers,intermediate,رابِع,rabi3,Fourth,adjective,رابِع (rabi3),,,,
Numbers,intermediate,خامِس,khamis,Fifth,adjective,خامِس (khamis),,,,
Numbers,intermediate,سادِس,sadis,Sixth,adjective,سادِس (sadis),,,,
Numbers,intermediate,سابِع,sabi3,Seventh,adjective,سابِع (sabi3),,,,
Numbers,intermediate,ثامِن,thamin,Eighth,adjective,ثامِن (thamin),,,,
Numbers,intermediate,تاسِع,tasi3,Ninth,adjective,تاسِع (tasi3),,,,
Numbers,intermediate,عاشِر,3ashir,Tenth,adjective,عاشِر (3ashir),,,,
Numbers,advanced,رُبع,roob3,Quarter,noun,رُبع (roob3),,,,My quarter رُبعي | Your f. quarter رُبعِك | Your m. quarter رُبعَك | Your pl. quarter رُبعكُم | His quarter رُبعُه | Her quarter رُبعها | Their quarter رُبعهُم | Our quarter رُبعنا
Numbers,advanced,نُص,nooS,Half,noun,نُص (nooS),,,,My half نُصي | Your f. half نُصِك | Your m. half نُصَك | Your pl. half نُصكُم | His half نُصُه | Her half نُصها | Their half نُصهُم | Our half نُصنا
Family,beginner,إِمّ,imm,Mother,noun,إِمّ (imm),,أمّيات (ammeeat),,My mother إِمّي | Your f. mother إِمِّك | Your m. mother إِمَّك | Your pl. mother إِمّكُم | His mother إِمُّه | Her mother إِمّها | Their mother إِمّهُم | Our mother إِمّنا
Family,beginner,أَب,ab,Father,noun,أَب (ab),,,,My father أَبي | Your f. father أَبِك | Your m. father أَبَك | Your pl. father أَبكُم | His father أَبُه | Her father أَبها | Their father أَبهُم | Our father أَبنا
Family,beginner,وَلَد,walad,Boy,noun,وَلَد (walad),,,,My boy وَلَدي | Your f. boy وَلَدِك | Your m. boy وَلَدَك | Your pl. boy وَلَدكُم | His boy وَلَدُه | Her boy وَلَدها | Their boy وَلَدهُم | Our boy وَلَدنا
Family,beginner,إِبِن,ibin,Son,noun,,,,,My son إِبِني | Your f. son إِبِنِك | Your m. son إِبِنَك | Your pl. son إِبِنكُم | His son إِبِنُه | Her son إِبِنها | Their son إِبِنهُم | Our son إِبِننا
Family,beginner,بِنت,bint,"Daughter, woman",noun,,,,,"My daughter, woman بِنتي | Your f. daughter, woman بِنتِك | Your m. daughter, woman بِنتَك | Your pl. daughter, woman بِنتكُم | His daughter, woman بِنتُه | Her daughter, woman بِنتها | Their daughter, woman بِنتهُم | Our daughter, woman بِنتنا"
Family,beginner,أُخت,ookht,Sister,noun,,,إخوات (ikhooat),,My sister أُختي | Your f. sister أُختِك | Your m. sister أُختَك | Your pl. sister أُختكُم | His sister أُختُه | Her sister أُختها | Their sister أُختهُم | Our sister أُختنا
Family,beginner,أَخ,akh,Brother,noun,,,إخوة (ikhooa),,My brother أَخي | Your f. brother أَخِك | Your m. brother أَخَك | Your pl. brother أَخكُم | His brother أَخُه | Her brother أَخها | Their brother أَخهُم | Our brother أَخنا
Family,beginner,ولاد,wlad,Children,noun,ولاد (wlad),,,,My children ولادي | Your f. children ولادِك | Your m. children ولادَك | Your pl. children ولادكُم | His children ولادُه | Her children ولادها | Their children ولادهُم | Our children ولادنا
Family,beginner,زُوج,zooj,Husband (Often pronounced جوز),noun,زُوج (zooj),,,,My husband (often pronounced جوز) زُوجي | Your f. husband (often pronounced جوز) زُوجِك | Your m. husband (often pronounced جوز) زُوجَك | Your pl. husband (often pronounced جوز) زُوجكُم | His husband (often pronounced جوز) زُوجُه | Her husband (often pronounced جوز) زُوجها | Their husband (often pronounced جوز) زُوجهُم | Our husband (often pronounced جوز) زُوجنا
Family,beginner,زُوجة,zooja,Wife,noun,زُوجة (zooja),,,,My wife زُوجَتي | Your f. wife زُوجَتِك | Your m. wife زُوجَتَك | Your pl. wife زُوجَتكُم | His wife زُوجَتُه | Her wife زُوجَتها | Their wife زُوجَتهُم | Our wife زُوجَتنا
Family,beginner,عَيلِة,3aylia,Family,noun,,,,,My family عَيلَِتي | Your f. family عَيلَِتِك | Your m. family عَيلَِتَك | Your pl. family عَيلَِتكُم | His family عَيلَِتُه | Her family عَيلَِتها | Their family عَيلَِتهُم | Our family عَيلَِتنا
Family,beginner,أهِل,ahil,Family / people,noun,,,,,My family / people أهِلي | Your f. family / people أهِلِك | Your m. family / people أهِلَك | Your pl. family / people أهِلكُم | His family / people أهِلُه | Her family / people أهِلها | Their family / people أهِلهُم | Our family / people أهِلنا
Family,intermediate,مَرةْ عَمّ,mara,Aunt (father’s brother’s wife),noun,,,,,
Family,intermediate,جوز عَمّة,jooz,Uncle (father’s sister’s husband),noun,,,,,
Family,intermediate,مَرةْ خال,mara,Aunt (mother’s brother’s wife),noun,,,,,
Family,intermediate,زوج خالة,zooj,Uncle (mother’s sister’s husband),noun,,,,,
Family,intermediate,اِبِن عمّ,ibin,Cousin (father’s brother’s son),noun,,,,,
Family,intermediate,بِنْت عمّ,bint,Cousin (father’s brother’s daughter),noun,,,,,
Family,intermediate,اِبِن عمِّة,ibin,Cousin (father’s sister’s son),noun,,,,,
Family,intermediate,بِنْت عمِّة,bint,Cousin (father’s sister’s daughter),noun,,,,,
Family,intermediate,اِبِن خال,ibin,Cousin (mother’s brother’s son),noun,,,,,
Family,intermediate,بِنْت خال,bint,Cousin (mother’s brother’s daughter),noun,,,,,
Family,intermediate,اِبِن خالِة,ibin,Cousin (mother’s sister’s son),noun,,,,,
Family,intermediate,بِنْت خالِة,bint,Cousin (mother’s sister’s daughter),noun,,,,,
Family,intermediate,قَريب,qareeb,Relative,noun,قَريب (qareeb),,قرايب (qraeeb),,My relative قَريبي | Your f. relative قَريبِك | Your m. relative قَريبَك | Your pl. relative قَريبكُم | His relative قَريبُه | Her relative قَريبها | Their relative قَريبهُم | Our relative قَريبنا
Family,intermediate,ماما,mama,Mum,noun,,,,,My mum ماماي | Your f. mum ماماِك | Your m. mum ماماَك | Your pl. mum ماماكُم | His mum ماماُه | Her mum ماماها | Their mum ماماهُم | Our mum مامانا
Family,intermediate,بابا,baba,Dad,noun,,,,,My dad باباي | Your f. dad باباِك | Your m. dad باباَك | Your pl. dad باباكُم | His dad باباُه | Her dad باباها | Their dad باباهُم | Our dad بابانا
Family,intermediate,إِخوة,ikhooa,Siblings,noun,,,,,My siblings إِخوَتي | Your f. siblings إِخوَتِك | Your m. siblings إِخوَتَك | Your pl. siblings إِخوَتكُم | His siblings إِخوَتُه | Her siblings إِخوَتها | Their siblings إِخوَتهُم | Our siblings إِخوَتنا
Family,intermediate,عمّ,3mm,Uncle (father’s brother),noun,,,,,My uncle (father’s brother) عمّي | Your f. uncle (father’s brother) عمِّك | Your m. uncle (father’s brother) عمَّك | Your pl. uncle (father’s brother) عمّكُم | His uncle (father’s brother) عمُّه | Her uncle (father’s brother) عمّها | Their uncle (father’s brother) عمّهُم | Our uncle (father’s brother) عمّنا
Family,intermediate,عمّة,3mma,Aunt (father’s sister),noun,,,,,My aunt (father’s sister) عمَّتي | Your f. aunt (father’s sister) عمَّتِك | Your m. aunt (father’s sister) عمَّتَك | Your pl. aunt (father’s sister) عمَّتكُم | His aunt (father’s sister) عمَّتُه | Her aunt (father’s sister) عمَّتها | Their aunt (father’s sister) عمَّتهُم | Our aunt (father’s sister) عمَّتنا
Family,intermediate,خال,khal,Uncle (mother’s brother),noun,,,,,My uncle (mother’s brother) خالي | Your f. uncle (mother’s brother) خالِك | Your m. uncle (mother’s brother) خالَك | Your pl. uncle (mother’s brother) خالكُم | His uncle (mother’s brother) خالُه | Her uncle (mother’s brother) خالها | Their uncle (mother’s brother) خالهُم | Our uncle (mother’s brother) خالنا
Family,intermediate,خالة,khala,Aunt (mother’s sister),noun,,,,,My aunt (mother’s sister) خالَتي | Your f. aunt (mother’s sister) خالَتِك | Your m. aunt (mother’s sister) خالَتَك | Your pl. aunt (mother’s sister) خالَتكُم | His aunt (mother’s sister) خالَتُه | Her aunt (mother’s sister) خالَتها | Their aunt (mother’s sister) خالَتهُم | Our aunt (mother’s sister) خالَتنا
Family,intermediate,جِدّ,jidd,Grandfather (northern Levantine),noun,,,,,My grandfather (northern levantine) جِدّي | Your f. grandfather (northern levantine) جِدِّك | Your m. grandfather (northern levantine) جِدَّك | Your pl. grandfather (northern levantine) جِدّكُم | His grandfather (northern levantine) جِدُّه | Her grandfather (northern levantine) جِدّها | Their grandfather (northern levantine) جِدّهُم | Our grandfather (northern levantine) جِدّنا
Family,intermediate,جِدّة,jidda,Grandmother (northern Levantine),noun,,,,,My grandmother (northern levantine) جِدَّتي | Your f. grandmother (northern levantine) جِدَّتِك | Your m. grandmother (northern levantine) جِدَّتَك | Your pl. grandmother (northern levantine) جِدَّتكُم | His grandmother (northern levantine) جِدَّتُه | Her grandmother (northern levantine) جِدَّتها | Their grandmother (northern levantine) جِدَّتهُم | Our grandmother (northern levantine) جِدَّتنا
Family,intermediate,سِيد,sid,Grandfather (southern Levantine),noun,,,,,My grandfather (southern levantine) سِيدي | Your f. grandfather (southern levantine) سِيدِك | Your m. grandfather (southern levantine) سِيدَك | Your pl. grandfather (southern levantine) سِيدكُم | His grandfather (southern levantine) سِيدُه | Her grandfather (southern levantine) سِيدها | Their grandfather (southern levantine) سِيدهُم | Our grandfather (southern levantine) سِيدنا
Family,intermediate,سِيدة,sida,Grandmother (southern Levantine),noun,,,,,My grandmother (southern levantine) سِيدَتي | Your f. grandmother (southern levantine) سِيدَتِك | Your m. grandmother (southern levantine) سِيدَتَك | Your pl. grandmother (southern levantine) سِيدَتكُم | His grandmother (southern levantine) سِيدَتُه | Her grandmother (southern levantine) سِيدَتها | Their grandmother (southern levantine) سِيدَتهُم | Our grandmother (southern levantine) سِيدَتنا
Family,advanced,توم,toom,Twin,noun,,,,,My twin تومي | Your f. twin تومِك | Your m. twin تومَك | Your pl. twin تومكُم | His twin تومُه | Her twin تومها | Their twin تومهُم | Our twin تومنا
Family,advanced,حفيد,Hfeed,Grandson,noun,,,,,My grandson حفيدي | Your f. grandson حفيدِك | Your m. grandson حفيدَك | Your pl. grandson حفيدكُم | His grandson حفيدُه | Her grandson حفيدها | Their grandson حفيدهُم | Our grandson حفيدنا
Family,advanced,حفيدة,Hfeeda,Grandaughter,noun,,,,,My grandaughter حفيدَتي | Your f. grandaughter حفيدَتِك | Your m. grandaughter حفيدَتَك | Your pl. grandaughter حفيدَتكُم | His grandaughter حفيدَتُه | Her grandaughter حفيدَتها | Their grandaughter حفيدَتهُم | Our grandaughter حفيدَتنا
Family,advanced,أحْفاد,aHfad,Grandchildren,noun,,,,,My grandchildren أحْفادي | Your f. grandchildren أحْفادِك | Your m. grandchildren أحْفادَك | Your pl. grandchildren أحْفادكُم | His grandchildren أحْفادُه | Her grandchildren أحْفادها | Their grandchildren أحْفادهُم | Our grandchildren أحْفادنا
Family,advanced,تيْتة,teeta,Grandmother (familiar term),noun,,,,,My grandmother (familiar term) تيْتَتي | Your f. grandmother (familiar term) تيْتَتِك | Your m. grandmother (familiar term) تيْتَتَك | Your pl. grandmother (familiar term) تيْتَتكُم | His grandmother (familiar term) تيْتَتُه | Her grandmother (familiar term) تيْتَتها | Their grandmother (familiar term) تيْتَتهُم | Our grandmother (familiar term) تيْتَتنا
Family,advanced,أجْداد,ajdad,"Ancestors, forefathers",noun,,,,,"My ancestors, forefathers أجْدادي | Your f. ancestors, forefathers أجْدادِك | Your m. ancestors, forefathers أجْدادَك | Your pl. ancestors, forefathers أجْدادكُم | His ancestors, forefathers أجْدادُه | Her ancestors, forefathers أجْدادها | Their ancestors, forefathers أجْدادهُم | Our ancestors, forefathers أجْدادنا"
Family,advanced,يَتيم,yateem,Orphan,noun,,,,,My orphan يَتيمي | Your f. orphan يَتيمِك | Your m. orphan يَتيمَك | Your pl. orphan يَتيمكُم | His orphan يَتيمُه | Her orphan يَتيمها | Their orphan يَتيمهُم | Our orphan يَتيمنا
Family,advanced,تَبَنّي,tabannee,Adoption,noun,تَبَنّي (tabannee),,,,My adoption تَبَنّيي | Your f. adoption تَبَنّيِك | Your m. adoption تَبَنّيَك | Your pl. adoption تَبَنّيكُم | His adoption تَبَنّيُه | Her adoption تَبَنّيها | Their adoption تَبَنّيهُم | Our adoption تَبَنّينا
Health,beginner,مُستَشفى,moostashfa,Hospital,noun,مُستَشفى (moostashfa),,مستشفيات (mstshfeeat),,My hospital مُستَشفىي | Your f. hospital مُستَشفىِك | Your m. hospital مُستَشفىَك | Your pl. hospital مُستَشفىكُم | His hospital مُستَشفىُه | Her hospital مُستَشفىها | Their hospital مُستَشفىهُم | Our hospital مُستَشفىنا
Health,beginner,دُكتور,dooktoor,Doctor,noun,,,,,My doctor دُكتوري | Your f. doctor دُكتورِك | Your m. doctor دُكتورَك | Your pl. doctor دُكتوركُم | His doctor دُكتورُه | Her doctor دُكتورها | Their doctor دُكتورهُم | Our doctor دُكتورنا
Health,beginner,وَجع,waj3,Pain,noun,وَجع (waj3),,,,My pain وَجعي | Your f. pain وَجعِك | Your m. pain وَجعَك | Your pl. pain وَجعكُم | His pain وَجعُه | Her pain وَجعها | Their pain وَجعهُم | Our pain وَجعنا
Health,intermediate,صُداع,Sooda3,Headache,noun,صُداع (Sooda3),,,,My headache صُداعي | Your f. headache صُداعِك | Your m. headache صُداعَك | Your pl. headache صُداعكُم | His headache صُداعُه | Her headache صُداعها | Their headache صُداعهُم | Our headache صُداعنا
Health,intermediate,رَشح,rashH,Cold (illness),noun,رَشح (rashH),,,,My cold (illness) رَشحي | Your f. cold (illness) رَشحِك | Your m. cold (illness) رَشحَك | Your pl. cold (illness) رَشحكُم | His cold (illness) رَشحُه | Her cold (illness) رَشحها | Their cold (illness) رَشحهُم | Our cold (illness) رَشحنا
Health,intermediate,حَساسية,Hasaseea,Allergy,noun,حَساسية (Hasaseea),,,,My allergy حَساسيَتي | Your f. allergy حَساسيَتِك | Your m. allergy حَساسيَتَك | Your pl. allergy حَساسيَتكُم | His allergy حَساسيَتُه | Her allergy حَساسيَتها | Their allergy حَساسيَتهُم | Our allergy حَساسيَتنا
Health,intermediate,ضَغط,DaghT,Pressure,noun,ضَغط (DaghT),,,,My pressure ضَغطي | Your f. pressure ضَغطِك | Your m. pressure ضَغطَك | Your pl. pressure ضَغطكُم | His pressure ضَغطُه | Her pressure ضَغطها | Their pressure ضَغطهُم | Our pressure ضَغطنا
Health,intermediate,حَبّة,Habba,Tablet; pill,noun,حَبّة (Habba),,,,My tablet; pill حَبَّتي | Your f. tablet; pill حَبَّتِك | Your m. tablet; pill حَبَّتَك | Your pl. tablet; pill حَبَّتكُم | His tablet; pill حَبَّتُه | Her tablet; pill حَبَّتها | Their tablet; pill حَبَّتهُم | Our tablet; pill حَبَّتنا
Health,intermediate,تَعب,ta3b,Tiredness,noun,تَعب (ta3b),,,,My tiredness تَعبي | Your f. tiredness تَعبِك | Your m. tiredness تَعبَك | Your pl. tiredness تَعبكُم | His tiredness تَعبُه | Her tiredness تَعبها | Their tiredness تَعبهُم | Our tiredness تَعبنا
Health,advanced,راشيتة,rasheeta,Prescription,noun,,,,,My prescription راشيتَتي | Your f. prescription راشيتَتِك | Your m. prescription راشيتَتَك | Your pl. prescription راشيتَتكُم | His prescription راشيتَتُه | Her prescription راشيتَتها | Their prescription راشيتَتهُم | Our prescription راشيتَتنا
Health,advanced,حَرارة,Harara,Temperature,noun,حَرارة (Harara),,,,My temperature حَرارَتي | Your f. temperature حَرارَتِك | Your m. temperature حَرارَتَك | Your pl. temperature حَرارَتكُم | His temperature حَرارَتُه | Her temperature حَرارَتها | Their temperature حَرارَتهُم | Our temperature حَرارَتنا
Transport,beginner,مَطار,maTar,airport,noun,مَطار (maTar),,مطارات (mTarat),,My airport مَطاري | Your f. airport مَطارِك | Your m. airport مَطارَك | Your pl. airport مَطاركُم | His airport مَطارُه | Her airport مَطارها | Their airport مَطارهُم | Our airport مَطارنا
Transport,beginner,مواصلات,mooaSlat,public transportation,noun,مواصلات (mooaSlat),,,,My public transportation مواصلاتي | Your f. public transportation مواصلاتِك | Your m. public transportation مواصلاتَك | Your pl. public transportation مواصلاتكُم | His public transportation مواصلاتُه | Her public transportation مواصلاتها | Their public transportation مواصلاتهُم | Our public transportation مواصلاتنا
Transport,beginner,بَسْكَلِيْتّ,baskalitt,bicycle,noun,,,,,My bicycle بَسْكَلِيْتّي | Your f. bicycle بَسْكَلِيْتِّك | Your m. bicycle بَسْكَلِيْتَّك | Your pl. bicycle بَسْكَلِيْتّكُم | His bicycle بَسْكَلِيْتُّه | Her bicycle بَسْكَلِيْتّها | Their bicycle بَسْكَلِيْتّهُم | Our bicycle بَسْكَلِيْتّنا
Transport,beginner,موتوسيكل,mootooseekl,motorcycle,noun,,,,,My motorcycle موتوسيكلي | Your f. motorcycle موتوسيكلِك | Your m. motorcycle موتوسيكلَك | Your pl. motorcycle موتوسيكلكُم | His motorcycle موتوسيكلُه | Her motorcycle موتوسيكلها | Their motorcycle موتوسيكلهُم | Our motorcycle موتوسيكلنا
Transport,beginner,سَفينة,safeena,ship,noun,,,سفن (sfn),,My ship سَفينَتي | Your f. ship سَفينَتِك | Your m. ship سَفينَتَك | Your pl. ship سَفينَتكُم | His ship سَفينَتُه | Her ship سَفينَتها | Their ship سَفينَتهُم | Our ship سَفينَتنا
Transport,beginner,تاكسي,taksee,Taxi,noun,,,تكاسي (tkasee),,My taxi تاكسيي | Your f. taxi تاكسيِك | Your m. taxi تاكسيَك | Your pl. taxi تاكسيكُم | His taxi تاكسيُه | Her taxi تاكسيها | Their taxi تاكسيهُم | Our taxi تاكسينا
Transport,beginner,سَيارة,sayara,Car,noun,,,سيارات (seearat),,My car سَيارَتي | Your f. car سَيارَتِك | Your m. car سَيارَتَك | Your pl. car سَيارَتكُم | His car سَيارَتُه | Her car سَيارَتها | Their car سَيارَتهُم | Our car سَيارَتنا
Transport,beginner,باص,baS,Bus,noun,,,باصات (baSat),,My bus باصي | Your f. bus باصِك | Your m. bus باصَك | Your pl. bus باصكُم | His bus باصُه | Her bus باصها | Their bus باصهُم | Our bus باصنا
Transport,beginner,طَيارة,Tayara,Aeroplane,noun,طَيارة (Tayara),,طيّارات (Teeeearat),,My aeroplane طَيارَتي | Your f. aeroplane طَيارَتِك | Your m. aeroplane طَيارَتَك | Your pl. aeroplane طَيارَتكُم | His aeroplane طَيارَتُه | Her aeroplane طَيارَتها | Their aeroplane طَيارَتهُم | Our aeroplane طَيارَتنا
Transport,beginner,طار,Tar,To fly,verb,طار (Tar),,,,Active participle طايِر | Passive participle مَطْيُور | Masdar طَيْر
Transport,beginner,رَكِب,rakib,To ride,verb,رَكِب (rakib),,,,Active participle راكِب | Passive participle مَرْكُوب | Masdar رَكِب
Transport,beginner,طار,Tar,To fly,verb,طار (Tar),,,,Active participle طايِر | Passive participle مَطْيُور | Masdar طَيْر
Transport,beginner,ساق,saq,To drive,verb,ساق (saq),,,,Active participle سايِق | Passive participle مَسُوق | Masdar سَوْق
Transport,intermediate,مَركَب,markab,boat,noun,مَركَب (markab),,مراكب (mrakb),,My boat مَركَبي | Your f. boat مَركَبِك | Your m. boat مَركَبَك | Your pl. boat مَركَبكُم | His boat مَركَبُه | Her boat مَركَبها | Their boat مَركَبهُم | Our boat مَركَبنا
Transport,intermediate,قارِب,qarib,boat (smaller),noun,,,قوارب (qooarb),,My boat (smaller) قارِبي | Your f. boat (smaller) قارِبِك | Your m. boat (smaller) قارِبَك | Your pl. boat (smaller) قارِبكُم | His boat (smaller) قارِبُه | Her boat (smaller) قارِبها | Their boat (smaller) قارِبهُم | Our boat (smaller) قارِبنا
Transport,intermediate,رِحلة,riHla,Trip (journey),noun,رِحلة (riHla),,,,My trip (journey) رِحلَتي | Your f. trip (journey) رِحلَتِك | Your m. trip (journey) رِحلَتَك | Your pl. trip (journey) رِحلَتكُم | His trip (journey) رِحلَتُه | Her trip (journey) رِحلَتها | Their trip (journey) رِحلَتهُم | Our trip (journey) رِحلَتنا
Transport,intermediate,قطار,qTar,Train,noun,,,قطارات (qTarat),,My train قطاري | Your f. train قطارِك | Your m. train قطارَك | Your pl. train قطاركُم | His train قطارُه | Her train قطارها | Their train قطارهُم | Our train قطارنا
Transport,intermediate,قطار انفاق,qTar,Underground train,noun,,,,,
Places,beginner,بَعِيد,ba3id,Far,adjective,بَعِيد (ba3id),بَعِيدة (ba3ida),بعاد (b3ad),أَبعَد (ab3ad),
Places,beginner,قَرِيب,qarib,Close,adjective,قَرِيب (qarib),قَرِيبة (qariba),قراب (qrab),أقْرَب (aqrab),
Places,beginner,عالي,3alee,High,adjective,عالي (3alee),عالية (3aleea),عاليين (3aleeeen),أعلى (a3la),
Places,beginner,واطي,waTee,Low,adjective,واطي (waTee),واطية (waTeea),واطيين (waTeeeen),أوطى (aooTa),
Places,beginner,ضَيِق,Dayiq,Narrow / Tight,adjective,ضَيِق (Dayiq),ضَيِقة (Dayiqa),,,
Places,beginner,عَرِيض,3ariD,Wide / Broad,adjective,عَرِيض (3ariD),عَرِيضة (3ariDa),عراض (3raD),أَعرَض (a3raD),
Places,beginner,دُغري,dooghree,Straight on,adjective,دُغري (dooghree),,,,
Places,beginner,هون,hoon,Here,functional,,,,,
Places,beginner,هُناك,hoonak,There,functional,,,,,
Places,beginner,عَلَى,3alaa,"On, Above",functional,,,,,On me عَلَىي | On you f. عَلَىِك | On you m. عَلَىَك | On you pl. عَلَىكُم | On him عَلَىُه | On her عَلَىها | On them عَلَىهُم | On us عَلَىنا
Places,beginner,بَرَّا,barra,Outside,functional,,,,,
Places,beginner,جُوَّا,jooa,Inside,functional,,,,,
Places,beginner,فَوق,fawq,"Up, above",functional,,,,,
Places,beginner,تَحت,taHt,"Under, Below",functional,,,,,
Places,beginner,بَرَّا,barra,Outside,functional,,,,,
Places,beginner,جُوَّا,jooa,Inside,functional,,,,,
Places,beginner,فَوق,fawq,"Up, above",functional,,,,,
Places,beginner,تَحت,taHt,"Under, Below",functional,,,,,
Places,intermediate,مِرتَفَع,mirtafa3,"High, elevated",adjective,مِرتَفَع (mirtafa3),,,,
Places,intermediate,مِتطَلِع,mitTali3,Overlooking,adjective,مِتطَلِع (mitTali3),,,,
Places,intermediate,قُدَّام,qooddam,In front of,functional,,,,,In front of me قُدَّامي | In front of you f. قُدَّامِك | In front of you m. قُدَّامَك | In front of you pl. قُدَّامكُم | In front of him قُدَّامُه | In front of her قُدَّامها | In front of them قُدَّامهُم | In front of us قُدَّامنا
Places,intermediate,وَراء,wara2,Behind,functional,,,,,Behind me وَراءي | Behind you f. وَراءِك | Behind you m. وَراءَك | Behind you pl. وَراءكُم | Behind him وَراءُه | Behind her وَراءها | Behind them وَراءهُم | Behind us وَراءنا
Places,intermediate,حَوْل,Hawl,Around,functional,,,,,
Places,intermediate,جَنب,janb,Next To,functional,,,,,Next To me جَنبي | Next To you f. جَنبِك | Next To you m. جَنبَك | Next To you pl. جَنبكُم | Next To him جَنبُه | Next To her جَنبها | Next To them جَنبهُم | Next To us جَنبنا
Places,intermediate,بَين,bayn,Between,functional,,,,,Between me بَيني | Between you f. بَينِك | Between you m. بَينَك | Between you pl. بَينكُم | Between him بَينُه | Between her بَينها | Between them بَينهُم | Between us بَيننا
Places,intermediate,على اليَمين,3la,On the right,functional,,,,,
Places,intermediate,على الشمال,3la,On the left,functional,,,,,
Places,intermediate,قُدَّام,qooddam,In front of,functional,,,,,In front of me قُدَّامي | In front of you f. قُدَّامِك | In front of you m. قُدَّامَك | In front of you pl. قُدَّامكُم | In front of him قُدَّامُه | In front of her قُدَّامها | In front of them قُدَّامهُم | In front of us قُدَّامنا
Places,intermediate,وَراء,wara2,Behind,functional,,,,,Behind me وَراءي | Behind you f. وَراءِك | Behind you m. وَراءَك | Behind you pl. وَراءكُم | Behind him وَراءُه | Behind her وَراءها | Behind them وَراءهُم | Behind us وَراءنا
Places,intermediate,حَوْل,Hawl,Around,functional,,,,,
Places,advanced,تَحتي,taHtee,Under ...,functional,,,,,Under ... me تَحتيي | Under ... you f. تَحتيِك | Under ... you m. تَحتيَك | Under ... you pl. تَحتيكُم | Under ... him تَحتيُه | Under ... her تَحتيها | Under ... them تَحتيهُم | Under ... us تَحتينا
Places,advanced,تَحتِيها,taHtiha,Under it (f.),functional,,,,,
Places,advanced,فَوقِي,fawqi,Above ...,functional,,,,,Above ... me فَوقِيي | Above ... you f. فَوقِيِك | Above ... you m. فَوقِيَك | Above ... you pl. فَوقِيكُم | Above ... him فَوقِيُه | Above ... her فَوقِيها | Above ... them فَوقِيهُم | Above ... us فَوقِينا
Places,advanced,فَوقِيها,fawqiha,Above it (f.),functional,,,,,
Places,advanced,تَحتي,taHtee,Under ...,functional,,,,,Under ... me تَحتيي | Under ... you f. تَحتيِك | Under ... you m. تَحتيَك | Under ... you pl. تَحتيكُم | Under ... him تَحتيُه | Under ... her تَحتيها | Under ... them تَحتيهُم | Under ... us تَحتينا
Places,advanced,تَحتِيها,taHtiha,Under it (f.),functional,,,,,
Places,advanced,فَوقِي,fawqi,Above ...,functional,,,,,Above ... me فَوقِيي | Above ... you f. فَوقِيِك | Above ... you m. فَوقِيَك | Above ... you pl. فَوقِيكُم | Above ... him فَوقِيُه | Above ... her فَوقِيها | Above ... them فَوقِيهُم | Above ... us فَوقِينا
Places,advanced,فَوقِيها,fawqiha,Above it (f.),functional,,,,,
Character,intermediate,نَشيط,nasheeT,Active / energetic,adjective,نَشيط (nasheeT),نَشيطة (nasheeTa),,,
Character,intermediate,مُدمِن,moodmin,Addicted,adjective,مُدمِن (moodmin),مُدمِنة (moodmina),,,
Character,intermediate,عَدواني,3adooanee,Aggressive / hostile,adjective,عَدواني (3adooanee),عَدوانية (3adooaneea),,,
Character,intermediate,نَصّاب,naSSab,Crook,adjective,نَصّاب (naSSab),نَصّابة (naSSaba),,,
Character,intermediate,فُضُولِيّ,fooDooli,Curious,adjective,فُضُولِيّ (fooDooli),فُضُولِيّة (fooDoolia),,,
Character,intermediate,أمين,ameen,Faithful,adjective,أمين (ameen),أمينة (ameena),,,
Character,intermediate,كسلان,kslan,Lazy,adjective,كسلان (kslan),كسلانة (kslana),,,
Character,intermediate,مِزاجِيّ,mizaji,Moody,adjective,مِزاجِيّ (mizaji),مِزاجِيّة (mizajia),,,
Character,intermediate,مُتهَوِّر,moothawwir,Reckless / Careless,adjective,مُتهَوِّر (moothawwir),مُتهَوِّرة (moothawwira),,,
Character,intermediate,خِشِن,khishin,Rough / crude,adjective,خِشِن (khishin),خِشِنة (khishina),,,
Character,intermediate,إجتِماعي,ijtima3ee,Social,adjective,إجتِماعي (ijtima3ee),إجتِماعية (ijtima3eea),,,
Character,intermediate,مَوهوب,mawhoob,Talented,adjective,مَوهوب (mawhoob),مَوهوبة (mawhooba),,,
Character,intermediate,كَريم,kareem,generous,adjective,كَريم (kareem),كَريمة (kareema),,,
Character,intermediate,مِتسامِح,mitsamiH,Tolerant,adjective,مِتسامِح (mitsamiH),مِتسامِحة (mitsamiHa),,,
Character,intermediate,أناني,ananee,Selfish,adjective,أناني (ananee),أنانية (ananeea),,,
Character,intermediate,عَصبي,3aSbee,Short Tempered,adjective,عَصبي (3aSbee),عَصبية (3aSbeea),,,
Character,intermediate,هادي,hadee,Quiet,adjective,هادي (hadee),هادية (hadeea),,,
Character,intermediate,عادي,3adee,Normal,adjective,عادي (3adee),عادية (3adeea),,,
Character,intermediate,رَهيب,raheeb,Incredible,adjective,رَهيب (raheeb),رَهيبة (raheeba),,,
Character,intermediate,مُضحِك,mooDHik,Funny,adjective,مُضحِك (mooDHik),مُضحِكة (mooDHika),,,
Character,advanced,حَقود,Haqood,Spiteful,adjective,حَقود (Haqood),حَقودة (Haqooda),,,
Character,advanced,مِتشَدِّد,mitshaddid,Strict,adjective,مِتشَدِّد (mitshaddid),مِتشَدِّدة (mitshaddida),,,
Character,advanced,عَنيد,3aneed,Stubborn,adjective,عَنيد (3aneed),عَنيدة (3aneeda),,,
Character,advanced,مُشكلجي,mooshkljee,Troublemaker,adjective,,مُشكلجية (mooshkljeea),,,
Character,advanced,مَغرور,maghroor,Snobby/Vain,adjective,مَغرور (maghroor),مَغرورة (maghroora),,,
Character,advanced,حَكيم,Hakeem,Wise,adjective,حَكيم (Hakeem),حَكيمة (Hakeema),,,
Character,advanced,مُزَعِّج,mooza33ij,Annoying,adjective,مُزَعِّج (mooza33ij),مُزَعِّجة (mooza33ija),,,
Character,advanced,جذاب,jdhab,Attractive charming,adjective,جذاب (jdhab),جذابة (jdhaba),,,
Character,advanced,مَحبوب,maHboob,Beloved,adjective,مَحبوب (maHboob),مَحبوبة (maHbooba),,,
Character,advanced,مِتباهي,mitbahee,Boastful,adjective,مِتباهي (mitbahee),مِتباهية (mitbaheea),,,
Character,advanced,جَريء,jaree2,Bold,adjective,جَريء (jaree2),جَريءة (jaree2a),,,
Character,advanced,شُجاع,shooja3,Brave/courageous,adjective,شُجاع (shooja3),شُجاعة (shooja3a),,,
Character,advanced,غَشّاش,ghashshash,Cheater,adjective,غَشّاش (ghashshash),غَشّاشة (ghashshasha),,,
Character,advanced,جَبّان,jabban,Coward,adjective,جَبّان (jabban),جَبّانة (jabbana),,,
Character,advanced,شَرير,shareer,Evil,adjective,شَرير (shareer),شَريرة (shareera),,,
Character,advanced,ماكِر,makir,Fox-Like / Cunning,adjective,ماكِر (makir),ماكِرة (makira),,,
Character,advanced,مِتوَضع,mitwaD3,Humble / Modest,adjective,مِتوَضع (mitwaD3),مِتوَضعة (mitwaD3a),,,
Character,advanced,خَبيث,khabeeth,Malicious,adjective,خَبيث (khabeeth),خَبيثة (khabeetha),,,
Character,advanced,مبَربِش,mbarbish,Messy,adjective,مبَربِش (mbarbish),مبَربِشة (mbarbisha),,,
Character,advanced,جَبّار,jabbar,Mighty,adjective,جَبّار (jabbar),جَبّارة (jabbara),,,
Character,advanced,شَهم,shahm,Noble,adjective,شَهم (shahm),شَهمة (shahma),,,
Character,advanced,مُنفَتِح,moonfatiH,Open minded,adjective,مُنفَتِح (moonfatiH),مُنفَتِحة (moonfatiHa),,,
Character,advanced,خَلُوق,khalooq,Polite / Well-Mannered,adjective,خَلُوق (khalooq),خَلُوقة (khalooqa),,,
Character,advanced,مُخْلِص,mookhliS,Sincere / Loyal,adjective,مُخْلِص (mookhliS),مُخْلِصة (mookhliSa),,,
Emotions,beginner,حَبّ,Habb,To love,verb,حَبّ (Habb),,,,Active participle حابِب | Passive participle مَحْبُوب | Masdar حُبّ
Emotions,beginner,كَرِه,karih,To hate,verb,كَرِه (karih),,,,Active participle كارِه | Passive participle مَكْرُوه | Masdar كَرُوه
Emotions,beginner,زَعَّل,za33al,To upset,verb,زَعَّل (za33al),,,,Active participle مْزَعِّل | Passive participle مْزَعَّل | Masdar تَزْعِيل
Emotions,beginner,خَوَّف,khawwaf,To frighten / scare,verb,خَوَّف (khawwaf),,,,Active participle مْخَوِّف | Passive participle مْخَوَّف | Masdar تَخْوِيف
Emotions,beginner,حَبّ,Habb,To love,verb,حَبّ (Habb),,,,Active participle حابِب | Passive participle مَحْبُوب | Masdar حُبّ
Emotions,beginner,حَسّ,Hass,To feel,verb,حَسّ (Hass),,,,Active participle حاسِس | Passive participle مَحْسُوس | Masdar حَسّ
Emotions,beginner,انْبَسَط,anbasaT,To enjoy,verb,انْبَسَط (anbasaT),,,,Active participle مِنْبَسِط | Masdar انْبِساط
Emotions,beginner,زَعِل,za3il,To become upset,verb,زَعِل (za3il),,,,Active participle زاعِل | Passive participle مَزْعُول | Masdar زَعِل
Emotions,beginner,تَعِب,ta3ib,To become tired,verb,تَعِب (ta3ib),,,,Active participle تاعِب | Passive participle مَتْعُوب | Masdar تَعِب
Emotions,beginner,كَرِه,karih,To hate,verb,كَرِه (karih),,,,Active participle كارِه | Passive participle مَكْرُوه | Masdar كَرُوه
Emotions,beginner,جاع,ja3,To become hungry,verb,جاع (ja3),,,,Active participle جايِع | Passive participle مَجُوع | Masdar جَوْع
Emotions,beginner,بَكى,baka,To cry,verb,بَكى (baka),,,,Active participle باكِي | Passive participle مَبْكِي | Masdar بَكِي
Emotions,beginner,اشْتاق,ashtaq,To miss / long for,verb,اشْتاق (ashtaq),,,,Active participle مِشْتَاق | Passive participle مُشْتاق | Masdar اشْتِياق
Emotions,beginner,تَضايَق,taDayaq,To be annoyed,verb,تَضايَق (taDayaq),,,,Active participle مِتْضَايِق | Masdar تَضايُق
Emotions,beginner,عَصَّب,3aSSab,To become angry,verb,عَصَّب (3aSSab),,,,Active participle مْعَصِّب | Passive participle مْعَصَّب | Masdar تَعْصِيب
Emotions,beginner,خاف,khaf,To be scared,verb,خاف (khaf),,,,Active participle خايِف | Passive participle مَخُوف | Masdar خَوْف
Emotions,beginner,غار,ghar,To be jealous of,verb,غار (ghar),,,,Active participle غايِر | Passive participle مَغُور | Masdar غَوْر
Emotions,beginner,رَضِي,raDi,To be pleased / satisfied,verb,رَضِي (raDi),,,,Active participle راضِي | Passive participle مَرْضِي
Emotions,beginner,شَكّ,shakk,To doubt,verb,شَكّ (shakk),,,,Active participle شاكِك | Passive participle مَشْكُوك | Masdar شَكّ
Emotions,beginner,تَحَمَّس,taHammas,To be excited,verb,تَحَمَّس (taHammas),,,,Active participle مِتْحَمِّس | Masdar تَحَمُس
Emotions,beginner,انْزَعَج,anza3aj,To be annoyed,verb,انْزَعَج (anza3aj),,,,Active participle مِنْزَعِج | Masdar انْزِعاج
Emotions,intermediate,حَنّ,Hann,To long for,verb,حَنّ (Hann),,,,Active participle حانِن | Passive participle مَحْنُون | Masdar حُنّ
Emotions,intermediate,اشْتَهى,ashtaha,To desire,verb,اشْتَهى (ashtaha),,,,Active participle مِشْتَهِي | Passive participle مُشْتَهى | Masdar اشْتِهاء
Emotions,intermediate,هَسْتَر,hastar,To become hysterical,verb,هَسْتَر (hastar),,,,Active participle مْهَسْتِر | Passive participle مْهَسْتَر | Masdar هَسْتَرَة
Emotions,intermediate,اشْتَهى,ashtaha,To desire,verb,اشْتَهى (ashtaha),,,,Active participle مِشْتَهِي | Passive participle مُشْتَهى | Masdar اشْتِهاء
Emotions,intermediate,فَضَّل,faDDal,To prefer,verb,فَضَّل (faDDal),,,,Active participle مْفَضِّل | Passive participle مْفَضَّل | Masdar تَفْضِيل
Emotions,intermediate,تَعَوَّد,ta3awwad,To get used to / accustomed to,verb,تَعَوَّد (ta3awwad),,,,Active participle مِتْعَوِّد | Masdar تَعَوُد
Emotions,intermediate,تَأَثَّر,taaththar,To be influenced / effected by,verb,تَأَثَّر (taaththar),,,,Active participle مِتْأَثِّر | Masdar تَأَثُر
Emotions,intermediate,نَذِم,nadhim,To regret,verb,نَذِم (nadhim),,,,Active participle ناذِم | Passive participle مَنْذُوم | Masdar نَذِم
Emotions,intermediate,قَرِف,qarif,To be disgusted,verb,,,,,
Emotions,intermediate,حَنّ,Hann,To long for,verb,حَنّ (Hann),,,,Active participle حانِن | Passive participle مَحْنُون | Masdar حُنّ
Emotions,intermediate,هَسْتَر,hastar,To become hysterical,verb,هَسْتَر (hastar),,,,Active participle مْهَسْتِر | Passive participle مْهَسْتَر | Masdar هَسْتَرَة
Emotions,intermediate,عانَى,3anaa,To suffer,verb,,,,,
Emotions,intermediate,تَأَسَّف,taassaf,To be sorry / regretful,verb,تَأَسَّف (taassaf),,,,Active participle مِتْأَسِّف | Masdar تَأَسُف
Emotions,intermediate,اشْتَهى,ashtaha,To desire,verb,اشْتَهى (ashtaha),,,,Active participle مِشْتَهِي | Passive participle مُشْتَهى | Masdar اشْتِهاء
Emotions,intermediate,اسْتَوْحَش,astawHash,To be homesick,verb,اسْتَوْحَش (astawHash),,,,Active participle مِسْتَوْحِش | Passive participle مُسْتَوْحَش | Masdar اسْتِوْحاش
Emotions,intermediate,متضايق,mtDaeeq,Upset,adjective,متضايق (mtDaeeq),متضايقة (mtDaeeqa),,,
Emotions,intermediate,مُرتَبِك,moortabik,Confused,adjective,مُرتَبِك (moortabik),مُرتَبِكة (moortabika),,,
Emotions,intermediate,مُكتَئِب,mookta2ib,Depressed,adjective,مُكتَئِب (mookta2ib),مُكتَئِبة (mookta2iba),,,
Emotions,intermediate,يأسان,yasan,Desperate/Hopeless,adjective,يأسان (yasan),يأسانة (yasana),,,
Emotions,intermediate,قَرفان,qarfan,disgusted,adjective,قَرفان (qarfan),قَرفانة (qarfana),,,
Emotions,intermediate,مرَكِّز,mrakkiz,Focused,adjective,مرَكِّز (mrakkiz),مرَكِّزة (mrakkiza),,,
Emotions,intermediate,وَحيد,waHeed,Lonely,adjective,وَحيد (waHeed),وَحيدة (waHeeda),,,
Emotions,intermediate,مكَيِّف,mkayyif,Overjoyed/Ecstatic,adjective,مكَيِّف (mkayyif),مكَيِّفة (mkayyifa),,,
Emotions,intermediate,مِتحَسِر,mitHasir,Regretful/Sorry,adjective,مِتحَسِر (mitHasir),مِتحَسِرة (mitHasira),,,
Emotions,intermediate,حَزين,Hazeen,Sad,adjective,حَزين (Hazeen),حَزينة (Hazeena),,,
Emotions,advanced,احْتار,aHtar,To be confused / at a loss,verb,احْتار (aHtar),,,,Active participle مِحْتَار | Passive participle مُحْتار | Masdar احْتِيار
Emotions,advanced,احْتاط,aHtaT,To be cautious / wary,verb,احْتاط (aHtaT),,,,Active participle مِحْتَاط | Passive participle مُحْتاط | Masdar احْتِياط
Emotions,advanced,اسْتَغْرَب,astaghrab,To think something strange,verb,اسْتَغْرَب (astaghrab),,,,Active participle مِسْتَغْرِب | Passive participle مُسْتَغْرَب | Masdar اسْتِغْراب
Nature,beginner,فَصل,faSl,Season (time of year),noun,فَصل (faSl),,فصول (fSool),,My season (time of year) فَصلي | Your f. season (time of year) فَصلِك | Your m. season (time of year) فَصلَك | Your pl. season (time of year) فَصلكُم | His season (time of year) فَصلُه | Her season (time of year) فَصلها | Their season (time of year) فَصلهُم | Our season (time of year) فَصلنا
Nature,beginner,رَبيع,rabee3,Spring,noun,رَبيع (rabee3),,,,My spring رَبيعي | Your f. spring رَبيعِك | Your m. spring رَبيعَك | Your pl. spring رَبيعكُم | His spring رَبيعُه | Her spring رَبيعها | Their spring رَبيعهُم | Our spring رَبيعنا
Nature,beginner,صَيف,Sayf,Summer,noun,صَيف (Sayf),,,,My summer صَيفي | Your f. summer صَيفِك | Your m. summer صَيفَك | Your pl. summer صَيفكُم | His summer صَيفُه | Her summer صَيفها | Their summer صَيفهُم | Our summer صَيفنا
Nature,beginner,خَريف,khareef,Autumn,noun,خَريف (khareef),,,,My autumn خَريفي | Your f. autumn خَريفِك | Your m. autumn خَريفَك | Your pl. autumn خَريفكُم | His autumn خَريفُه | Her autumn خَريفها | Their autumn خَريفهُم | Our autumn خَريفنا
Nature,beginner,شِتا,shita,Winter,noun,شِتا (shita),,,,My winter شِتاي | Your f. winter شِتاِك | Your m. winter شِتاَك | Your pl. winter شِتاكُم | His winter شِتاُه | Her winter شِتاها | Their winter شِتاهُم | Our winter شِتانا
Nature,beginner,شَمس,shams,Sun,noun,شَمس (shams),,,,My sun شَمسي | Your f. sun شَمسِك | Your m. sun شَمسَك | Your pl. sun شَمسكُم | His sun شَمسُه | Her sun شَمسها | Their sun شَمسهُم | Our sun شَمسنا
Nature,beginner,قَمر,qamr,Moon,noun,قَمر (qamr),,,,My moon قَمري | Your f. moon قَمرِك | Your m. moon قَمرَك | Your pl. moon قَمركُم | His moon قَمرُه | Her moon قَمرها | Their moon قَمرهُم | Our moon قَمرنا
Nature,beginner,شَجَرة,shajara,Tree,noun,,,شَجَر (shajar),,My tree شَجَرَتي | Your f. tree شَجَرَتِك | Your m. tree شَجَرَتَك | Your pl. tree شَجَرَتكُم | His tree شَجَرَتُه | Her tree شَجَرَتها | Their tree شَجَرَتهُم | Our tree شَجَرَتنا
Nature,beginner,وَرد,ward,Flower,noun,وَرد (ward),,ورود (wrood),,My flower وَردي | Your f. flower وَردِك | Your m. flower وَردَك | Your pl. flower وَردكُم | His flower وَردُه | Her flower وَردها | Their flower وَردهُم | Our flower وَردنا
Nature,intermediate,طَقس,Taqs,Weather,noun,,,,,My weather طَقسي | Your f. weather طَقسِك | Your m. weather طَقسَك | Your pl. weather طَقسكُم | His weather طَقسُه | Her weather طَقسها | Their weather طَقسهُم | Our weather طَقسنا
Nature,intermediate,سَما,sama,Sky,noun,,,,,My sky سَماي | Your f. sky سَماِك | Your m. sky سَماَك | Your pl. sky سَماكُم | His sky سَماُه | Her sky سَماها | Their sky سَماهُم | Our sky سَمانا
Nature,intermediate,غَيمة,ghayma,Cloud,noun,غَيمة (ghayma),,غَيوم (ghayoom),,My cloud غَيمَتي | Your f. cloud غَيمَتِك | Your m. cloud غَيمَتَك | Your pl. cloud غَيمَتكُم | His cloud غَيمَتُه | Her cloud غَيمَتها | Their cloud غَيمَتهُم | Our cloud غَيمَتنا
Nature,intermediate,مَطر,maTr,Rain,noun,مَطر (maTr),,,,My rain مَطري | Your f. rain مَطرِك | Your m. rain مَطرَك | Your pl. rain مَطركُم | His rain مَطرُه | Her rain مَطرها | Their rain مَطرهُم | Our rain مَطرنا
Nature,intermediate,ثَلج,thalj,Snow,noun,ثَلج (thalj),,,,My snow ثَلجي | Your f. snow ثَلجِك | Your m. snow ثَلجَك | Your pl. snow ثَلجكُم | His snow ثَلجُه | Her snow ثَلجها | Their snow ثَلجهُم | Our snow ثَلجنا
Nature,intermediate,هَوا,hawa,Wind,noun,,,,,My wind هَواي | Your f. wind هَواِك | Your m. wind هَواَك | Your pl. wind هَواكُم | His wind هَواُه | Her wind هَواها | Their wind هَواهُم | Our wind هَوانا
Nature,intermediate,نبات,nbat,Plant,noun,,,,,My plant نباتي | Your f. plant نباتِك | Your m. plant نباتَك | Your pl. plant نباتكُم | His plant نباتُه | Her plant نباتها | Their plant نباتهُم | Our plant نباتنا
Nature,intermediate,دُنيا,dooneea,World,noun,,,,,My world دُنياي | Your f. world دُنياِك | Your m. world دُنياَك | Your pl. world دُنياكُم | His world دُنياُه | Her world دُنياها | Their world دُنياهُم | Our world دُنيانا
Nature,intermediate,وَرق شَجر,warq,Leaves,noun,وَرق (warq),,,,
Nature,intermediate,هَشيش,hasheesh,Grass,noun,,,,,My grass هَشيشي | Your f. grass هَشيشِك | Your m. grass هَشيشَك | Your pl. grass هَشيشكُم | His grass هَشيشُه | Her grass هَشيشها | Their grass هَشيشهُم | Our grass هَشيشنا
Nature,intermediate,صَحرا,SaHra,Desert,noun,صَحرا (SaHra),,,,My desert صَحراي | Your f. desert صَحراِك | Your m. desert صَحراَك | Your pl. desert صَحراكُم | His desert صَحراُه | Her desert صَحراها | Their desert صَحراهُم | Our desert صَحرانا
Nature,intermediate,جَبل,jabl,Mountain,noun,جَبل (jabl),,جبال (jbal),,My mountain جَبلي | Your f. mountain جَبلِك | Your m. mountain جَبلَك | Your pl. mountain جَبلكُم | His mountain جَبلُه | Her mountain جَبلها | Their mountain جَبلهُم | Our mountain جَبلنا
Nature,advanced,إعادة تدوير,i3ada,Recycling,noun,,,,,
Nature,advanced,بيئة,bee2a,Environment,noun,,,,,My environment بيئَتي | Your f. environment بيئَتِك | Your m. environment بيئَتَك | Your pl. environment بيئَتكُم | His environment بيئَتُه | Her environment بيئَتها | Their environment بيئَتهُم | Our environment بيئَتنا
Nature,advanced,طَوفان,Tawfan,Flood,noun,طَوفان (Tawfan),,,,My flood طَوفاني | Your f. flood طَوفانِك | Your m. flood طَوفانَك | Your pl. flood طَوفانكُم | His flood طَوفانُه | Her flood طَوفانها | Their flood طَوفانهُم | Our flood طَوفاننا
Nature,advanced,طاقة مُتَجَدِدة,Taqa,Renewable Energy,noun,,,,,
Nature,advanced,تَغيُّر المناخ,tagheeeeoor,Climate Change,noun,تَغيُّر (tagheeeeoor),,,,
Nature,advanced,قوس قزح,qoos,Rainbow,noun,,,,,
Nature,advanced,بَرق,barq,Lightning,noun,بَرق (barq),,,,My lightning بَرقي | Your f. lightning بَرقِك | Your m. lightning بَرقَك | Your pl. lightning بَرقكُم | His lightning بَرقُه | Her lightning بَرقها | Their lightning بَرقهُم | Our lightning بَرقنا
Pronouns,beginner,هادا,hada,This,functional,,,,,
Pronouns,beginner,هادي,hadee,This (fem.),functional,,,,,
Pronouns,beginner,هَدُول,hadool,This (plur.),functional,,,,,
Pronouns,beginner,هَداك,hadak,That,functional,,,,,
Pronouns,beginner,هَديك,hadeek,That (fem.),functional,,,,,
Pronouns,beginner,هَدُولاك,hadoolak,That (plur.),functional,,,,,
Pronouns,beginner,أنا,ana,I / me,functional,,,,,
Pronouns,beginner,إنتَ,inta,You (m.),functional,,,,,
Pronouns,beginner,إنتِ,inti,You (f.),functional,,,,,
Pronouns,beginner,إنتو,intoo,You (pl.),functional,,,,,
Pronouns,beginner,إحنا,iHna,We,functional,,,,,
Pronouns,beginner,هُوَّ,hooa,He,functional,,,,,
Pronouns,beginner,هِيَّ,hia,She,functional,,,,,
Pronouns,beginner,هُمَّ,hoomma,They,functional,,,,,
Pronouns,beginner,... ـــِي,i,My,functional,,,,,
Pronouns,beginner,... ـــَك,ak,Your (m.),functional,,,,,
Pronouns,beginner,... ـــِك,ik,Your (f.),functional,,,,,
Pronouns,beginner,... ـــكُم,koom,Your (pl.),functional,,,,,
Pronouns,beginner,... ـــنا,na,Our,functional,,,,,
Pronouns,beginner,... ـــُه,ooh,His,functional,,,,,
Pronouns,beginner,... ـــها,ha,Her,functional,,,,,
Pronouns,beginner,... ـــهُم,hoom,Their,functional,,,,,
Pronouns,beginner,... ـــني,nee,Me,functional,,,,,
Pronouns,beginner,... ـــَك,ak,You (m.),functional,,,,,
Pronouns,beginner,... ـــِك,ik,You (f.),functional,,,,,
Pronouns,beginner,... ـــكُم,koom,You (pl.),functional,,,,,
Pronouns,beginner,... ـــنا,na,Us,functional,,,,,
Pronouns,beginner,... ـــُه,ooh,Him,functional,,,,,
Pronouns,beginner,... ـــها,ha,Her,functional,,,,,
Pronouns,beginner,... ـــهُم,hoom,Them,functional,,,,,
Pronouns,beginner,الكُلّ,il-kooll,Everyone,functional,,,,,
Pronouns,intermediate,أَيّ,ayy,Any,functional,,,,,
Pronouns,intermediate,بَعض,ba3D,Some,functional,,,,,
Pronouns,intermediate,كُلّ,kooll,"All, every",functional,,,,,"All, every me كُلّي | All, every you f. كُلِّك | All, every you m. كُلَّك | All, every you pl. كُلّكُم | All, every him كُلُّه | All, every her كُلّها | All, every them كُلّهُم | All, every us كُلّنا"
Pronouns,intermediate,حَدا,Hada,Someone,functional,,,,,
Pronouns,intermediate,أَيّ حَدا,ayy,Anyone,functional,,,,,
Pronouns,intermediate,كُلّ حَدا,kooll,Everyone,functional,,,,,
Pronouns,intermediate,وَلا حَدا,wala,Nobody,functional,,,,,
Pronouns,advanced,أي إشي,aee,Anything,functional,,,,,
Pronouns,advanced,كُلّ إشي,kooll,Everything,functional,,,,,
Pronouns,advanced,وَلا إشي,wala,Nothing,functional,,,,,
Pronouns,advanced,إشي,ishee,Something,functional,,,,,
Moods,beginner,مَبسُوط,mabsooT,Happy,adjective,مَبسُوط (mabsooT),مَبسُوطة (mabsooTa),مَبسُوطِين (mabsooTin),,
Moods,beginner,زَعلان,za3lan,Sad...مِن,adjective,زَعلان (za3lan),زَعلانة (za3lana),زَعلانِين (za3lanin),,
Moods,beginner,تَعبان,ta3ban,Tired,adjective,تَعبان (ta3ban),تَعبانة (ta3bana),تَعبانِين (ta3banin),,
Moods,beginner,نَعسان,na3san,Sleepy,adjective,نَعسان (na3san),نَعسانة (na3sana),نَعسانِين (na3sanin),,
Moods,beginner,زَهقان,zahqan,Bored...مِن,adjective,زَهقان (zahqan),زَهقانة (zahqana),زَهقانِين (zahqanin),,
Moods,beginner,جَوعان,jaw3an,Hungry,adjective,جَوعان (jaw3an),جَوعانة (jaw3ana),جَوعانِين (jaw3anin),,
Moods,beginner,شَبعان,shab3an,Full,adjective,شَبعان (shab3an),شَبعانة (shab3ana),شَبعانِين (shab3anin),,
Moods,beginner,عَطشان,3aTshan,Thirsty,adjective,عَطشان (3aTshan),عَطشانة (3aTshana),عَطشانِين (3aTshanin),,
Moods,beginner,مِتحَمِّس,mitHammis,Excited,adjective,مِتحَمِّس (mitHammis),مِتحَمِّسة (mitHammisa),مِتحَمِّسِين (mitHammisin),,
Moods,beginner,فَخُور,fakhoor,Proud...ب,adjective,فَخُور (fakhoor),فَخُورة (fakhoora),فَخُورِين (fakhoorin),,
Moods,beginner,تَعِيس,ta3is,Miserable,adjective,تَعِيس (ta3is),تَعِيسة (ta3isa),تُعَسَا (too3asa),,
Moods,beginner,مِتزَعِج,mitza3ij,Annoyed,adjective,مِتزَعِج (mitza3ij),مِتزَعِجة (mitza3ija),مِتزَعِجِين (mitza3ijin),,
Moods,beginner,مِتضايِق,mitDayiq,Bothered,adjective,مِتضايِق (mitDayiq),مِتضايِقة (mitDayiqa),مِتضايِقِين (mitDayiqin),,
Moods,beginner,مِتفاجئ,mitfaj2,Surprised,adjective,مِتفاجئ (mitfaj2),مِتفاجئة (mitfaj2a),مِتفاجئِين (mitfaj2in),,
Moods,beginner,قَلقان,qalqan,Worried...على,adjective,قَلقان (qalqan),قَلقانة (qalqana),قَلقانِين (qalqanin),,
Moods,beginner,خَجلان,khajlan,Embarrassed / ashamed,adjective,خَجلان (khajlan),خَجلانة (khajlana),خَجلانِين (khajlanin),,
Moods,beginner,مِستَحِي,mistaHi,Shy / ashamed,adjective,,مِسْتَحِيِّة (mistaHiia),مِسْتْحِيِّن (mistHiin),,
Moods,intermediate,خَجُول,khajool,Shy / timid,adjective,خَجُول (khajool),خَجُولة (khajoola),خَجُولِين (khajoolin),,
Moods,intermediate,مَضغُوط,maDghooT,Stressed (under pressure),adjective,مَضغُوط (maDghooT),مَضغُوطة (maDghooTa),مَضغُوطِين (maDghooTin),,
Moods,intermediate,مِتوَتِّر,mitwattir,Stressed (tense),adjective,مِتوَتِّر (mitwattir),مِتوَتِّرة (mitwattira),مِتوَتِّرِين (mitwattirin),,
Moods,intermediate,غَيران,ghayran,Jealous / envious,adjective,غَيران (ghayran),غَيرانة (ghayrana),غَيرانِين (ghayranin),,
Moods,intermediate,مَرضان,marDan,Unwell,adjective,مَرضان (marDan),مَرضانة (marDana),مَرضانِين (marDanin),,
Moods,intermediate,مَجنون,majnoon,Crazy / mad,adjective,مَجنون (majnoon),مَجنونة (majnoona),مجانين (mjaneen),,
Moods,intermediate,مِش مِرتاح,mish,Uncomfortable,adjective,مِش (mish),مِش (mish),,,
Moods,intermediate,خايف,khaeef,Afraid,adjective,خايف (khaeef),خايفة (khaeefa),,,
Moods,intermediate,مَشغول,mashghool,busy,adjective,مَشغول (mashghool),مَشغولة (mashghoola),,,
Moods,advanced,معَصِّب,m3aSSib,Angry,adjective,معَصِّب (m3aSSib),معَصِّبة (m3aSSiba),معَصِّبِين (m3aSSibin),,
Moods,advanced,مرَشِّح,mrashshiH,Have a cold,adjective,مرَشِّح (mrashshiH),مرَشِّحة (mrashshiHa),مرَشِّحِين (mrashshiHin),,
Moods,advanced,مِرتَاح,mirtaH,Relaxed,adjective,مِرتَاح (mirtaH),مِرتَاحة (mirtaHa),مِرتَاحِين (mirtaHin),,
Moods,advanced,جاهِز,jahiz,Ready,adjective,جاهِز (jahiz),جاهِزة (jahiza),جاهِزِين (jahizin),,
Moods,advanced,بَردان,bardan,Cold (as in I feel cold),adjective,بَردان (bardan),بَردانة (bardana),بَردانِين (bardanin),,
Moods,advanced,شَوبان,shawban,Hot (feeling),adjective,شَوبان (shawban),شَوبانة (shawbana),شَوبانِين (shawbanin),,
Moods,advanced,مِتفائل,mitfa2l,Optimistic,adjective,مِتفائل (mitfa2l),مِتفائلة (mitfa2la),مِتفائلِين (mitfa2lin),,
Moods,advanced,مِتشائم,mitsha2m,Pessimistic,adjective,مِتشائم (mitsha2m),مِتشائمة (mitsha2ma),مِتشائمِين (mitsha2min),,
Moods,advanced,عَرقان,3arqan,Sweaty,adjective,عَرقان (3arqan),عَرقانة (3arqana),عَرقانِين (3arqanin),,
Moods,advanced,فَرحان,farHan,Glad,adjective,فَرحان (farHan),فَرحانة (farHana),فَرحانِين (farHanin),,
Moods,advanced,سُخنان,sookhnan,Has a temperature,adjective,سُخنان (sookhnan),سُخنانة (sookhnana),سُخنانِين (sookhnanin),,
Moods,advanced,مَقهُور,maqhoor,Deeply disappointed,adjective,مَقهُور (maqhoor),مَقهُورة (maqhoora),مَقهُورِين (maqhoorin),,
House,intermediate,تَلِفون,talifoon,Telephone,noun,,,تلفونات (tlfoonat),,My telephone تَلِفوني | Your f. telephone تَلِفونِك | Your m. telephone تَلِفونَك | Your pl. telephone تَلِفونكُم | His telephone تَلِفونُه | Her telephone تَلِفونها | Their telephone تَلِفونهُم | Our telephone تَلِفوننا
House,intermediate,كُمبيوتَر,koombeeootar,Computer,noun,,,كمبيوترات (kmbeeootrat),,My computer كُمبيوتَري | Your f. computer كُمبيوتَرِك | Your m. computer كُمبيوتَرَك | Your pl. computer كُمبيوتَركُم | His computer كُمبيوتَرُه | Her computer كُمبيوتَرها | Their computer كُمبيوتَرهُم | Our computer كُمبيوتَرنا
Conjunctions,beginner,وُ,woo,And,functional,,,,,
Conjunctions,beginner,وَلا,wala,Or,functional,,,,,
Conjunctions,beginner,أَو,aw,Or (more formal),functional,,,,,
Conjunctions,beginner,وَلّا,walla,Neither / nor,functional,,,,,
Conjunctions,beginner,مَع,ma3,With,functional,,,,,With me مَعي | With you f. مَعِك | With you m. مَعَك | With you pl. مَعكُم | With him مَعُه | With her مَعها | With them مَعهُم | With us مَعنا
Conjunctions,beginner,بَس,bas,But,functional,,,,,
Conjunctions,beginner,لَو,law,If (usually used in past tense),functional,,,,,
Conjunctions,beginner,إذا,idha,If / whether,functional,,,,,
Conjunctions,beginner,كَمان,kaman,Also,functional,,,,,
Conjunctions,beginner,لَمّا,lamma,When,functional,,,,,
Conjunctions,intermediate,بَين ما,bayn,While (connector),functional,,,,,
Conjunctions,intermediate,وَين ما,wayn,Where (connector),functional,,,,,
Conjunctions,intermediate,لَإنُّه,lainnooh,Because,functional,,,,,
Conjunctions,intermediate,مِشَان / مِنْشان,mishan,Because of (for the sake),functional,,,,,Because of (for the sake) me مِشَان / مِنْشاني | Because of (for the sake) you f. مِشَان / مِنْشانِك | Because of (for the sake) you m. مِشَان / مِنْشانَك | Because of (for the sake) you pl. مِشَان / مِنْشانكُم | Because of (for the sake) him مِشَان / مِنْشانُه | Because of (for the sake) her مِشَان / مِنْشانها | Because of (for the sake) them مِشَان / مِنْشانهُم | Because of (for the sake) us مِشَان / مِنْشاننا
Conjunctions,intermediate,عَشَان / عَلَى شَان,3ashan,Because of (in order to),functional,,,,,Because of (in order to) me عَشَان / عَلَى شَاني | Because of (in order to) you f. عَشَان / عَلَى شَانِك | Because of (in order to) you m. عَشَان / عَلَى شَانَك | Because of (in order to) you pl. عَشَان / عَلَى شَانكُم | Because of (in order to) him عَشَان / عَلَى شَانُه | Because of (in order to) her عَشَان / عَلَى شَانها | Because of (in order to) them عَشَان / عَلَى شَانهُم | Because of (in order to) us عَشَان / عَلَى شَاننا
Conjunctions,intermediate,بِالنِهاية,bialnihaeea,Ultimately,functional,,,,,
Conjunctions,intermediate,بَدال,badal,Instead of,functional,,,,,Instead of me بَدالي | Instead of you f. بَدالِك | Instead of you m. بَدالَك | Instead of you pl. بَدالكُم | Instead of him بَدالُه | Instead of her بَدالها | Instead of them بَدالهُم | Instead of us بَدالنا
Conjunctions,intermediate,مِنشان هيك,minshan,Therefore,functional,,,,,
Conjunctions,intermediate,حَتَّى,Hattaa,Even,functional,,,,,
Conjunctions,intermediate,لِسّا,lissa,"Still, yet",functional,,,,,
Conjunctions,advanced,حَتَّى لَو,Hattaa,Even if,functional,,,,,
Conjunctions,advanced,وَلا حَتَّى,wala,Not even,functional,,,,,
Conjunctions,advanced,مَع إِنُّه,ma3,"Even though, although",functional,,,,,
Conjunctions,advanced,مَع هَيك,ma3,Even so,functional,,,,,
Conjunctions,advanced,إلّا إذا,illa,Unless,functional,,,,,
Conjunctions,advanced,بِالمناسِبة,bialmnasiba,By the way,functional,,,,,
Conjunctions,advanced,ما دام,ma,As long as,functional,,,,,
Conjunctions,advanced,تَقرِيباً,taqriban,Approximately,functional,,,,,
Conjunctions,advanced,يَا… يَا,ya…,Either ... or,functional,,,,,
Weather,beginner,شَتَّى,shattaa,To rain,verb,شَتَّى (shattaa),,,,Active participle مْشَتِّي | Passive participle مْشَتَّى | Masdar تَشْتِية
Weather,beginner,ثَلَج,thalaj,To be snowy,verb,ثَلَج (thalaj),,,,Active participle ثالِج | Passive participle مَثْلُوج | Masdar ثَلْج
Weather,beginner,مَطَر,maTar,To be rainy,verb,مَطَر (maTar),,,,Active participle ماطِر | Passive participle مَمْطُور | Masdar مَطْر
Weather,intermediate,شَمسية,shamseea,Umbrella,noun,شَمسية (shamseea),,,,My umbrella شَمسيَتي | Your f. umbrella شَمسيَتِك | Your m. umbrella شَمسيَتَك | Your pl. umbrella شَمسيَتكُم | His umbrella شَمسيَتُه | Her umbrella شَمسيَتها | Their umbrella شَمسيَتهُم | Our umbrella شَمسيَتنا
Weather,intermediate,حَرّ,Harr,Heat,noun,حَرّ (Harr),,,,My heat حَرّي | Your f. heat حَرِّك | Your m. heat حَرَّك | Your pl. heat حَرّكُم | His heat حَرُّه | Her heat حَرّها | Their heat حَرّهُم | Our heat حَرّنا
Weather,intermediate,جَو,jaw,Weather,noun,,,,,My weather جَوي | Your f. weather جَوِك | Your m. weather جَوَك | Your pl. weather جَوكُم | His weather جَوُه | Her weather جَوها | Their weather جَوهُم | Our weather جَونا
Weather,intermediate,شَمِس,shamis,To be sunny,verb,شَمِس (shamis),,,,Active participle شامِس | Passive participle مَشْمُوس
Weather,advanced,حَرارة,Harara,Temperature,noun,حَرارة (Harara),,,,My temperature حَرارَتي | Your f. temperature حَرارَتِك | Your m. temperature حَرارَتَك | Your pl. temperature حَرارَتكُم | His temperature حَرارَتُه | Her temperature حَرارَتها | Their temperature حَرارَتهُم | Our temperature حَرارَتنا
Sport,beginner,نادي,nadee,Gym,noun,,,,,My gym ناديي | Your f. gym ناديِك | Your m. gym ناديَك | Your pl. gym ناديكُم | His gym ناديُه | Her gym ناديها | Their gym ناديهُم | Our gym نادينا
Sport,beginner,رياضة,reeaDa,Sport,noun,رياضة (reeaDa),,رياضات (reeaDat),,My sport رياضَتي | Your f. sport رياضَتِك | Your m. sport رياضَتَك | Your pl. sport رياضَتكُم | His sport رياضَتُه | Her sport رياضَتها | Their sport رياضَتهُم | Our sport رياضَتنا
Sport,beginner,كُرة قَدم,koora,Football,noun,كُرة (koora),,,,
Sport,beginner,سِباحة,sibaHa,Swimming,noun,سِباحة (sibaHa),,,,My swimming سِباحَتي | Your f. swimming سِباحَتِك | Your m. swimming سِباحَتَك | Your pl. swimming سِباحَتكُم | His swimming سِباحَتُه | Her swimming سِباحَتها | Their swimming سِباحَتهُم | Our swimming سِباحَتنا
Sport,beginner,فاز,faz,To win,verb,فاز (faz),,,,Active participle فايِز | Passive participle مَفُوز | Masdar فَوْز
Sport,beginner,غَلَب,ghalab,To beat / win against,verb,غَلَب (ghalab),,,,Active participle غالِب | Passive participle مَغْلُوب | Masdar غَلِب
Sport,beginner,لَعِب,la3ib,To play,verb,لَعِب (la3ib),,,,Active participle لاعِب | Passive participle مَلْعُوب | Masdar لَعِب
Sport,beginner,خَسِر,khasir,To lose,verb,خَسِر (khasir),,,,Active participle خاسِر | Passive participle مَخْسُور | Masdar خَسِر
Sport,beginner,فاز,faz,To win,verb,فاز (faz),,,,Active participle فايِز | Passive participle مَفُوز | Masdar فَوْز
Sport,beginner,رَكَض,rakaD,To run,verb,رَكَض (rakaD),,,,Active participle راكِض | Passive participle مَرْكُوض | Masdar رَكْض
Sport,intermediate,تَنِس,tanis,Tennis,noun,,,,,My tennis تَنِسي | Your f. tennis تَنِسِك | Your m. tennis تَنِسَك | Your pl. tennis تَنِسكُم | His tennis تَنِسُه | Her tennis تَنِسها | Their tennis تَنِسهُم | Our tennis تَنِسنا
Sport,intermediate,كُرة سَلّة,koora,Basketball,noun,كُرة (koora),,,,
Sport,intermediate,كُرة إيد,koora,Handball,noun,كُرة (koora),,,,
Sport,intermediate,تَزَلُّج,tazallooj,Skiing,noun,تَزَلُّج (tazallooj),,,,My skiing تَزَلُّجي | Your f. skiing تَزَلُّجِك | Your m. skiing تَزَلُّجَك | Your pl. skiing تَزَلُّجكُم | His skiing تَزَلُّجُه | Her skiing تَزَلُّجها | Their skiing تَزَلُّجهُم | Our skiing تَزَلُّجنا
Sport,intermediate,يوغا,yoogha,Yoga,noun,,,,,My yoga يوغاي | Your f. yoga يوغاِك | Your m. yoga يوغاَك | Your pl. yoga يوغاكُم | His yoga يوغاُه | Her yoga يوغاها | Their yoga يوغاهُم | Our yoga يوغانا
Sport,intermediate,لاعِب,la3ib,Player,noun,لاعِب (la3ib),,لاعبين (la3been),,My player لاعِبي | Your f. player لاعِبِك | Your m. player لاعِبَك | Your pl. player لاعِبكُم | His player لاعِبُه | Her player لاعِبها | Their player لاعِبهُم | Our player لاعِبنا
Sport,intermediate,كُرة,koora,Ball,noun,كُرة (koora),,,,My ball كُرَتي | Your f. ball كُرَتِك | Your m. ball كُرَتَك | Your pl. ball كُرَتكُم | His ball كُرَتُه | Her ball كُرَتها | Their ball كُرَتهُم | Our ball كُرَتنا
Sport,intermediate,مباراة,mbaraa,Sports match,noun,مباراة (mbaraa),,مباريات (mbareeat),,My sports match مباراَتي | Your f. sports match مباراَتِك | Your m. sports match مباراَتَك | Your pl. sports match مباراَتكُم | His sports match مباراَتُه | Her sports match مباراَتها | Their sports match مباراَتهُم | Our sports match مباراَتنا
Sport,intermediate,مَلعَب,mal3ab,Sports pitch; court,noun,مَلعَب (mal3ab),,,,My sports pitch; court مَلعَبي | Your f. sports pitch; court مَلعَبِك | Your m. sports pitch; court مَلعَبَك | Your pl. sports pitch; court مَلعَبكُم | His sports pitch; court مَلعَبُه | Her sports pitch; court مَلعَبها | Their sports pitch; court مَلعَبهُم | Our sports pitch; court مَلعَبنا
Sport,intermediate,أستاد,astad,Stadium,noun,,,,,My stadium أستادي | Your f. stadium أستادِك | Your m. stadium أستادَك | Your pl. stadium أستادكُم | His stadium أستادُه | Her stadium أستادها | Their stadium أستادهُم | Our stadium أستادنا
Sport,intermediate,نافَس,nafas,To compete against,verb,نافَس (nafas),,,,Active participle مْنافِس | Passive participle مْنافَس | Masdar مُنافَسة
Sport,advanced,كُرة طائرة,koora,Volleyball,noun,كُرة (koora),,,,
Sport,advanced,تجديف,tjdeef,Rowing,noun,,,,,My rowing تجديفي | Your f. rowing تجديفِك | Your m. rowing تجديفَك | Your pl. rowing تجديفكُم | His rowing تجديفُه | Her rowing تجديفها | Their rowing تجديفهُم | Our rowing تجديفنا
Sport,advanced,غوص,ghooS,Diving,noun,غوص (ghooS),,,,My diving غوصي | Your f. diving غوصِك | Your m. diving غوصَك | Your pl. diving غوصكُم | His diving غوصُه | Her diving غوصها | Their diving غوصهُم | Our diving غوصنا
Sport,advanced,ملاكمة,mlakma,Boxing,noun,,,,,My boxing ملاكمَتي | Your f. boxing ملاكمَتِك | Your m. boxing ملاكمَتَك | Your pl. boxing ملاكمَتكُم | His boxing ملاكمَتُه | Her boxing ملاكمَتها | Their boxing ملاكمَتهُم | Our boxing ملاكمَتنا
Colours,beginner,أسوَد,aswad,Black,adjective,أسوَد (aswad),سوْدا (sooda),سود (sood),,
Colours,beginner,أبيَض,abyaD,White,adjective,أبيَض (abyaD),بَيْضا (bayDa),بيض (beeD),,
Colours,beginner,أزرَق,azraq,Blue,adjective,أزرَق (azraq),زرْقا (zrqa),زِرِق (ziriq),,
Colours,beginner,أخضَر,akhDar,Green,adjective,أخضَر (akhDar),خضْرا (khDra),خُضُر (khooDoor),,
Colours,beginner,أحمَر,aHmar,Red,adjective,أحمَر (aHmar),حمْرا (Hmra),حُمُر (Hoomoor),,
Colours,beginner,أصفَر,aSfar,Yellow,adjective,أصفَر (aSfar),صفْرا (Sfra),صُفُر (Soofoor),,
Colours,beginner,بِنّي,binnee,Brown,adjective,بِنّي (binnee),بِنّية (binneea),,,
Colours,beginner,بُرتُقالي,boortooqalee,Orange,adjective,بُرتُقالي (boortooqalee),بُرتُقالية (boortooqaleea),,,
Colours,intermediate,رَمادي,ramadee,Gray,adjective,رَمادي (ramadee),رَمادية (ramadeea),,,
Colours,intermediate,كُحلي,kooHlee,Navy blue,adjective,كُحلي (kooHlee),كُحلية (kooHleea),,,
Colours,intermediate,زَيتي,zaytee,Olive green,adjective,زَيتي (zaytee),زَيتية (zayteea),,,
Colours,intermediate,زَهري,zahree,Pink,adjective,زَهري (zahree),زَهرية (zahreea),,,
Colours,intermediate,أرجواني,arjooanee,"Purple, violet",adjective,أرجواني (arjooanee),أرجوانية (arjooaneea),,,
Colours,intermediate,تِرِكوأز,tirikooaz,Turquoise,adjective,تِرِكوأز (tirikooaz),تِرِكوأزة (tirikooaza),,,
Colours,intermediate,ذَهبي,dhahbee,Gold,adjective,ذَهبي (dhahbee),ذَهبية (dhahbeea),,,
Colours,intermediate,فَضّي,faDDee,Silver,adjective,فَضّي (faDDee),فَضّية (faDDeea),,,
Colours,advanced,فاتِح,fatiH,Light,adjective,فاتِح (fatiH),,,,
Colours,advanced,غامِق,ghamiq,Dark,adjective,غامِق (ghamiq),,,,
Colours,advanced,أزرَق فاتِح,azraq,Light blue,adjective,أزرَق (azraq),,,,
Colours,advanced,أخضَر فاتِح,akhDar,Light green,adjective,أخضَر (akhDar),,,,
Colours,advanced,أحمَر غامِق,aHmar,Dark red,adjective,أحمَر (aHmar),,,,
Colours,advanced,ملَوَّن,mlawwan,"Colorful, multi-colored",adjective,ملَوَّن (mlawwan),ملَوَّنة (mlawwana),,,
Colours,advanced,أشقَر,ashqar,Blond,adjective,أشقَر (ashqar),شَقرا (shaqra),,,
Economics,intermediate,مَحفَظة,maHfaZa,Wallet,noun,مَحفَظة (maHfaZa),,محافظ (mHafZ),,My wallet مَحفَظَتي | Your f. wallet مَحفَظَتِك | Your m. wallet مَحفَظَتَك | Your pl. wallet مَحفَظَتكُم | His wallet مَحفَظَتُه | Her wallet مَحفَظَتها | Their wallet مَحفَظَتهُم | Our wallet مَحفَظَتنا
Economics,intermediate,زبون,zboon,Customer,noun,,,زباين (zbaeen),,My customer زبوني | Your f. customer زبونِك | Your m. customer زبونَك | Your pl. customer زبونكُم | His customer زبونُه | Her customer زبونها | Their customer زبونهُم | Our customer زبوننا
Economics,intermediate,إستِثمار,istithmar,Investment,noun,إستِثمار (istithmar),,,,My investment إستِثماري | Your f. investment إستِثمارِك | Your m. investment إستِثمارَك | Your pl. investment إستِثماركُم | His investment إستِثمارُه | Her investment إستِثمارها | Their investment إستِثمارهُم | Our investment إستِثمارنا
Economics,intermediate,رُبح,roobH,Profit,noun,,,,,My profit رُبحي | Your f. profit رُبحِك | Your m. profit رُبحَك | Your pl. profit رُبحكُم | His profit رُبحُه | Her profit رُبحها | Their profit رُبحهُم | Our profit رُبحنا
Economics,intermediate,طَلَبة,Talaba,Order,noun,طَلَبة (Talaba),,,,My order طَلَبَتي | Your f. order طَلَبَتِك | Your m. order طَلَبَتَك | Your pl. order طَلَبَتكُم | His order طَلَبَتُه | Her order طَلَبَتها | Their order طَلَبَتهُم | Our order طَلَبَتنا
Economics,intermediate,شَريك,shareek,Partner,noun,شَريك (shareek),,شُركاء (shoorka2),,My partner شَريكي | Your f. partner شَريكِك | Your m. partner شَريكَك | Your pl. partner شَريككُم | His partner شَريكُه | Her partner شَريكها | Their partner شَريكهُم | Our partner شَريكنا
Economics,intermediate,مَنتَج,mantaj,Product,noun,,,منتجات (mntjat),,My product مَنتَجي | Your f. product مَنتَجِك | Your m. product مَنتَجَك | Your pl. product مَنتَجكُم | His product مَنتَجُه | Her product مَنتَجها | Their product مَنتَجهُم | Our product مَنتَجنا
Economics,advanced,راسمال,rasmal,Capital,noun,راسمال (rasmal),,,,My capital راسمالي | Your f. capital راسمالِك | Your m. capital راسمالَك | Your pl. capital راسمالكُم | His capital راسمالُه | Her capital راسمالها | Their capital راسمالهُم | Our capital راسمالنا
Economics,advanced,تَعويض,ta3ooeeD,Compensation,noun,تَعويض (ta3ooeeD),,تعْويضات (t3ooeeDat),,My compensation تَعويضي | Your f. compensation تَعويضِك | Your m. compensation تَعويضَك | Your pl. compensation تَعويضكُم | His compensation تَعويضُه | Her compensation تَعويضها | Their compensation تَعويضهُم | Our compensation تَعويضنا
Economics,advanced,مُسْتهلك,moosthlk,Consumer,noun,مُسْتهلك (moosthlk),,,,My consumer مُسْتهلكي | Your f. consumer مُسْتهلكِك | Your m. consumer مُسْتهلكَك | Your pl. consumer مُسْتهلككُم | His consumer مُسْتهلكُه | Her consumer مُسْتهلكها | Their consumer مُسْتهلكهُم | Our consumer مُسْتهلكنا
Economics,advanced,إستِهلاك,istihlak,Consumption,noun,إستِهلاك (istihlak),,,,My consumption إستِهلاكي | Your f. consumption إستِهلاكِك | Your m. consumption إستِهلاكَك | Your pl. consumption إستِهلاككُم | His consumption إستِهلاكُه | Her consumption إستِهلاكها | Their consumption إستِهلاكهُم | Our consumption إستِهلاكنا
Economics,advanced,ضَمانة,Damana,Deposit,noun,,,ضمانات (Dmanat),,My deposit ضَمانَتي | Your f. deposit ضَمانَتِك | Your m. deposit ضَمانَتَك | Your pl. deposit ضَمانَتكُم | His deposit ضَمانَتُه | Her deposit ضَمانَتها | Their deposit ضَمانَتهُم | Our deposit ضَمانَتنا
Economics,advanced,نَفقة,nafqa,Expense,noun,,,نفقات (nfqat),,My expense نَفقَتي | Your f. expense نَفقَتِك | Your m. expense نَفقَتَك | Your pl. expense نَفقَتكُم | His expense نَفقَتُه | Her expense نَفقَتها | Their expense نَفقَتهُم | Our expense نَفقَتنا
Economics,advanced,مستورد,mstoord,Importer,noun,مستورد (mstoord),,,,My importer مستوردي | Your f. importer مستوردِك | Your m. importer مستوردَك | Your pl. importer مستوردكُم | His importer مستوردُه | Her importer مستوردها | Their importer مستوردهُم | Our importer مستوردنا
Economics,advanced,قَسط,qasT,Installment,noun,قَسط (qasT),,أقساط (aqsaT),,My installment قَسطي | Your f. installment قَسطِك | Your m. installment قَسطَك | Your pl. installment قَسطكُم | His installment قَسطُه | Her installment قَسطها | Their installment قَسطهُم | Our installment قَسطنا
Economics,advanced,إحتِكار,iHtikar,Monopoly,noun,إحتِكار (iHtikar),,احتكارات (aHtkarat),,My monopoly إحتِكاري | Your f. monopoly إحتِكارِك | Your m. monopoly إحتِكارَك | Your pl. monopoly إحتِكاركُم | His monopoly إحتِكارُه | Her monopoly إحتِكارها | Their monopoly إحتِكارهُم | Our monopoly إحتِكارنا
Economics,advanced,مَنصِب,manSib,Position (work or role),noun,مَنصِب (manSib),,,,My position (work or role) مَنصِبي | Your f. position (work or role) مَنصِبِك | Your m. position (work or role) مَنصِبَك | Your pl. position (work or role) مَنصِبكُم | His position (work or role) مَنصِبُه | Her position (work or role) مَنصِبها | Their position (work or role) مَنصِبهُم | Our position (work or role) مَنصِبنا
Economics,advanced,تَمويل,tamooeel,Financing,noun,,,,,My financing تَمويلي | Your f. financing تَمويلِك | Your m. financing تَمويلَك | Your pl. financing تَمويلكُم | His financing تَمويلُه | Her financing تَمويلها | Their financing تَمويلهُم | Our financing تَمويلنا
Economics,advanced,مَملوك,mamlook,Owned,noun,,,,,My owned مَملوكي | Your f. owned مَملوكِك | Your m. owned مَملوكَك | Your pl. owned مَملوككُم | His owned مَملوكُه | Her owned مَملوكها | Their owned مَملوكهُم | Our owned مَملوكنا
Economics,advanced,عولمة,3oolma,Globalisation,noun,عولمة (3oolma),,,,My globalisation عولمَتي | Your f. globalisation عولمَتِك | Your m. globalisation عولمَتَك | Your pl. globalisation عولمَتكُم | His globalisation عولمَتُه | Her globalisation عولمَتها | Their globalisation عولمَتهُم | Our globalisation عولمَتنا
Economics,advanced,وسائل انتاج,wsa2l,Means of Production,noun,,,,,
Philosophy,intermediate,مَعرِفة,ma3rifa,Knowledge,noun,مَعرِفة (ma3rifa),,,,My knowledge مَعرِفَتي | Your f. knowledge مَعرِفَتِك | Your m. knowledge مَعرِفَتَك | Your pl. knowledge مَعرِفَتكُم | His knowledge مَعرِفَتُه | Her knowledge مَعرِفَتها | Their knowledge مَعرِفَتهُم | Our knowledge مَعرِفَتنا
Philosophy,intermediate,مَسؤولية,mas2ooleea,Responsibility,noun,مَسؤولية (mas2ooleea),,,,My responsibility مَسؤوليَتي | Your f. responsibility مَسؤوليَتِك | Your m. responsibility مَسؤوليَتَك | Your pl. responsibility مَسؤوليَتكُم | His responsibility مَسؤوليَتُه | Her responsibility مَسؤوليَتها | Their responsibility مَسؤوليَتهُم | Our responsibility مَسؤوليَتنا
Philosophy,intermediate,مُحافِظ,mooHafiZ,Conservative,noun,مُحافِظ (mooHafiZ),,محافظين (mHafZeen),,My conservative مُحافِظي | Your f. conservative مُحافِظِك | Your m. conservative مُحافِظَك | Your pl. conservative مُحافِظكُم | His conservative مُحافِظُه | Her conservative مُحافِظها | Their conservative مُحافِظهُم | Our conservative مُحافِظنا
Philosophy,intermediate,عَقل,3aql,Mind,noun,,,عقول (3qool),,My mind عَقلي | Your f. mind عَقلِك | Your m. mind عَقلَك | Your pl. mind عَقلكُم | His mind عَقلُه | Her mind عَقلها | Their mind عَقلهُم | Our mind عَقلنا
Philosophy,intermediate,فِكرة,fikra,Thought / Idea,noun,فِكرة (fikra),,افكار (afkar),,My thought / idea فِكرَتي | Your f. thought / idea فِكرَتِك | Your m. thought / idea فِكرَتَك | Your pl. thought / idea فِكرَتكُم | His thought / idea فِكرَتُه | Her thought / idea فِكرَتها | Their thought / idea فِكرَتهُم | Our thought / idea فِكرَتنا
Philosophy,intermediate,سَيطَرة,sayTara,Control,noun,سَيطَرة (sayTara),,,,My control سَيطَرَتي | Your f. control سَيطَرَتِك | Your m. control سَيطَرَتَك | Your pl. control سَيطَرَتكُم | His control سَيطَرَتُه | Her control سَيطَرَتها | Their control سَيطَرَتهُم | Our control سَيطَرَتنا
Philosophy,advanced,قيم,qeem,Values,noun,قيم (qeem),,,,My values قيمي | Your f. values قيمِك | Your m. values قيمَك | Your pl. values قيمكُم | His values قيمُه | Her values قيمها | Their values قيمهُم | Our values قيمنا
Philosophy,advanced,أخلاق,akhlaq,Ethics / morals,noun,أخلاق (akhlaq),,,,My ethics / morals أخلاقي | Your f. ethics / morals أخلاقِك | Your m. ethics / morals أخلاقَك | Your pl. ethics / morals أخلاقكُم | His ethics / morals أخلاقُه | Her ethics / morals أخلاقها | Their ethics / morals أخلاقهُم | Our ethics / morals أخلاقنا
Philosophy,advanced,ضَمير,Dameer,Conscience,noun,ضَمير (Dameer),,,,My conscience ضَميري | Your f. conscience ضَميرِك | Your m. conscience ضَميرَك | Your pl. conscience ضَميركُم | His conscience ضَميرُه | Her conscience ضَميرها | Their conscience ضَميرهُم | Our conscience ضَميرنا
Philosophy,advanced,نَظرية,naZreea,Theory,noun,نَظرية (naZreea),,,,My theory نَظريَتي | Your f. theory نَظريَتِك | Your m. theory نَظريَتَك | Your pl. theory نَظريَتكُم | His theory نَظريَتُه | Her theory نَظريَتها | Their theory نَظريَتهُم | Our theory نَظريَتنا
Philosophy,advanced,مَنطِق,manTiq,Logic,noun,,,,,My logic مَنطِقي | Your f. logic مَنطِقِك | Your m. logic مَنطِقَك | Your pl. logic مَنطِقكُم | His logic مَنطِقُه | Her logic مَنطِقها | Their logic مَنطِقهُم | Our logic مَنطِقنا
Philosophy,advanced,صورة نَمطية,Soora,Stereotype,noun,صورة (Soora),,,,
Philosophy,advanced,قيد,qeed,Restriction,noun,قيد (qeed),,قيود (qeeood),,My restriction قيدي | Your f. restriction قيدِك | Your m. restriction قيدَك | Your pl. restriction قيدكُم | His restriction قيدُه | Her restriction قيدها | Their restriction قيدهُم | Our restriction قيدنا
Philosophy,advanced,تأيد,taeed,Support (for a position),noun,تأيد (taeed),,,,My support (for a position) تأيدي | Your f. support (for a position) تأيدِك | Your m. support (for a position) تأيدَك | Your pl. support (for a position) تأيدكُم | His support (for a position) تأيدُه | Her support (for a position) تأيدها | Their support (for a position) تأيدهُم | Our support (for a position) تأيدنا
Philosophy,advanced,معارِضة,m3ariDa,Opposition (to a position),noun,معارِضة (m3ariDa),,,,My opposition (to a position) معارِضَتي | Your f. opposition (to a position) معارِضَتِك | Your m. opposition (to a position) معارِضَتَك | Your pl. opposition (to a position) معارِضَتكُم | His opposition (to a position) معارِضَتُه | Her opposition (to a position) معارِضَتها | Their opposition (to a position) معارِضَتهُم | Our opposition (to a position) معارِضَتنا
Philosophy,advanced,نَمط,namT,Pattern,noun,,,,,My pattern نَمطي | Your f. pattern نَمطِك | Your m. pattern نَمطَك | Your pl. pattern نَمطكُم | His pattern نَمطُه | Her pattern نَمطها | Their pattern نَمطهُم | Our pattern نَمطنا
Philosophy,advanced,إشياء مادية,isheea2,Material things,noun,,,,,
Philosophy,advanced,إلزامي,ilzamee,Mandatory,noun,إلزامي (ilzamee),,,,My mandatory إلزاميي | Your f. mandatory إلزاميِك | Your m. mandatory إلزاميَك | Your pl. mandatory إلزاميكُم | His mandatory إلزاميُه | Her mandatory إلزاميها | Their mandatory إلزاميهُم | Our mandatory إلزامينا
Philosophy,advanced,طَريقة,Tareeqa,Method,noun,طَريقة (Tareeqa),,طُرق (Toorq),,My method طَريقَتي | Your f. method طَريقَتِك | Your m. method طَريقَتَك | Your pl. method طَريقَتكُم | His method طَريقَتُه | Her method طَريقَتها | Their method طَريقَتهُم | Our method طَريقَتنا
Prepositions,beginner,عَلَى,3alaa,On,functional,,,,,On me عَلَىي | On you f. عَلَىِك | On you m. عَلَىَك | On you pl. عَلَىكُم | On him عَلَىُه | On her عَلَىها | On them عَلَىهُم | On us عَلَىنا
Prepositions,beginner,عَ,3a,On (abbreviation of على),functional,,,,,
Prepositions,beginner,بِ,bi,In / Inside,functional,,,,,In / Inside me بِي | In / Inside you f. بِِك | In / Inside you m. بَِك | In / Inside you pl. بِكُم | In / Inside him بُِه | In / Inside her بِها | In / Inside them بِهُم | In / Inside us بِنا
Prepositions,beginner,إِلى,ila,To / for / of / by,functional,,,,,
Prepositions,beginner,مِن,min,From / of / since,functional,,,,,From / of / since me مِني | From / of / since you f. مِنِك | From / of / since you m. مِنَك | From / of / since you pl. مِنكُم | From / of / since him مِنُه | From / of / since her مِنها | From / of / since them مِنهُم | From / of / since us مِننا
Prepositions,beginner,ل,l,To / for / of / by,functional,,,,,To / for / of / by me لي | To / for / of / by you f. لِك | To / for / of / by you m. لَك | To / for / of / by you pl. لكُم | To / for / of / by him لُه | To / for / of / by her لها | To / for / of / by them لهُم | To / for / of / by us لنا
Prepositions,beginner,حَتَّى,Hattaa,Until,functional,,,,,
Prepositions,beginner,بِدُون,bidoon,Without (with an absence of),functional,,,,,Without (with an absence of) me بِدُوني | Without (with an absence of) you f. بِدُونِك | Without (with an absence of) you m. بِدُونَك | Without (with an absence of) you pl. بِدُونكُم | Without (with an absence of) him بِدُونُه | Without (with an absence of) her بِدُونها | Without (with an absence of) them بِدُونهُم | Without (with an absence of) us بِدُوننا
Prepositions,beginner,عَن,3an,About,functional,,,,,About me عَني | About you f. عَنِك | About you m. عَنَك | About you pl. عَنكُم | About him عَنُه | About her عَنها | About them عَنهُم | About us عَننا
Prepositions,beginner,زَيّ,zayy,Like,functional,,,,,Like me زَيّي | Like you f. زَيِّك | Like you m. زَيَّك | Like you pl. زَيّكُم | Like him زَيُّه | Like her زَيّها | Like them زَيّهُم | Like us زَيّنا
Prepositions,intermediate,عِند,3ind,"At, with",functional,,,,,I have عِندي | You f. have عِندِك | You m. have عِندَك | You pl. have عِندكُم | He has عِندُه | She has عِندها | They have عِندهُم | We have عِندنا
Prepositions,intermediate,بِلا,bila,Without (with no),functional,,,,,Without (with no) me بِلاي | Without (with no) you f. بِلاِك | Without (with no) you m. بِلاَك | Without (with no) you pl. بِلاكُم | Without (with no) him بِلاُه | Without (with no) her بِلاها | Without (with no) them بِلاهُم | Without (with no) us بِلانا
Prepositions,intermediate,مِثل,mithl,Like,functional,,,,,Like me مِثلي | Like you f. مِثلِك | Like you m. مِثلَك | Like you pl. مِثلكُم | Like him مِثلُه | Like her مِثلها | Like them مِثلهُم | Like us مِثلنا
Prepositions,intermediate,إِلّا,illa,Except,functional,,,,,
Prepositions,intermediate,غَير,ghayr,Other than,functional,,,,,Other than me غَيري | Other than you f. غَيرِك | Other than you m. غَيرَك | Other than you pl. غَيركُم | Other than him غَيرُه | Other than her غَيرها | Other than them غَيرهُم | Other than us غَيرنا
Prepositions,intermediate,خِلال,khilal,During,functional,,,,,
Shopping,beginner,مَقهى,maqha,"Cafe, coffee shop",noun,,,مقهاة (mqhaa),,"My cafe, coffee shop مَقهىي | Your f. cafe, coffee shop مَقهىِك | Your m. cafe, coffee shop مَقهىَك | Your pl. cafe, coffee shop مَقهىكُم | His cafe, coffee shop مَقهىُه | Her cafe, coffee shop مَقهىها | Their cafe, coffee shop مَقهىهُم | Our cafe, coffee shop مَقهىنا"
Shopping,beginner,مَحَلّ,maHall,Shop,noun,مَحَلّ (maHall),,محلات (mHlat),,My shop مَحَلّي | Your f. shop مَحَلِّك | Your m. shop مَحَلَّك | Your pl. shop مَحَلّكُم | His shop مَحَلُّه | Her shop مَحَلّها | Their shop مَحَلّهُم | Our shop مَحَلّنا
Shopping,beginner,سَعر,sa3r,Price,noun,سَعر (sa3r),,,,My price سَعري | Your f. price سَعرِك | Your m. price سَعرَك | Your pl. price سَعركُم | His price سَعرُه | Her price سَعرها | Their price سَعرهُم | Our price سَعرنا
Shopping,beginner,اشْتَرى,ashtara,To buy,verb,اشْتَرى (ashtara),,,,Active participle مِشْتَرِي | Passive participle مُشْتَرى | Masdar اشْتِراء
Shopping,beginner,باع,ba3,To sell,verb,باع (ba3),,,,Active participle بايِع | Passive participle مَبْيُوع | Masdar بَيْع
Shopping,beginner,دَفَع,dafa3,To pay,verb,دَفَع (dafa3),,,,Active participle دافِع | Passive participle مَدْفُوع | Masdar دَفِع
Shopping,beginner,شَرى,shara,To buy,verb,شَرى (shara),,,,Active participle شارِي | Passive participle مَشْرِي | Masdar شَرِي
Shopping,intermediate,سوق,sooq,Market,noun,سوق (sooq),,,,My market سوقي | Your f. market سوقِك | Your m. market سوقَك | Your pl. market سوقكُم | His market سوقُه | Her market سوقها | Their market سوقهُم | Our market سوقنا
Shopping,intermediate,بَطاقة بنَك,baTaqa,Bank card,noun,,,,,
Shopping,intermediate,كَلَّف,kallaf,To cost an amount,verb,كَلَّف (kallaf),,,,Active participle مْكَلِّف | Passive participle مْكَلَّف | Masdar تَكْلِيف
Shopping,intermediate,انْدَفَع,andafa3,To be paid,verb,انْدَفَع (andafa3),,,,Active participle مِنْدَفِع | Masdar انْدِفاع
Shopping,intermediate,غَلَّى,ghallaa,To raise in price,verb,غَلَّى (ghallaa),,,,Active participle مْغَلِّي | Passive participle مْغَلَّى | Masdar تَغْلِية
Shopping,advanced,غُرفة قياس,ghoorfa,Fitting room,noun,,,,,
Shopping,advanced,كَمالة,kamala,The change,noun,كَمالة (kamala),,,,My the change كَمالَتي | Your f. the change كَمالَتِك | Your m. the change كَمالَتَك | Your pl. the change كَمالَتكُم | His the change كَمالَتُه | Her the change كَمالَتها | Their the change كَمالَتهُم | Our the change كَمالَتنا
Shopping,advanced,صَندوق,Sandooq,Cashier,noun,,,,,My cashier صَندوقي | Your f. cashier صَندوقِك | Your m. cashier صَندوقَك | Your pl. cashier صَندوقكُم | His cashier صَندوقُه | Her cashier صَندوقها | Their cashier صَندوقهُم | Our cashier صَندوقنا
Active Participles,beginner,رايح,raeeH,Going,adjective,رايح (raeeH),رايحة (raeeHa),,,
Active Participles,beginner,جاي,jaee,Coming,adjective,جاي (jaee),جاية (jaeea),,,
Active Participles,beginner,عارِف,3arif,Knowing,adjective,عارِف (3arif),عارِفة (3arifa),,,
Active Participles,beginner,سايق,saeeq,Driving,adjective,سايق (saeeq),سايقة (saeeqa),,,
Active Participles,beginner,طالِع,Tali3,Going out/Leaving,adjective,طالِع (Tali3),طالِعة (Tali3a),,,
Active Participles,beginner,واقِف,waqif,Standing,adjective,واقِف (waqif),واقِفة (waqifa),,,
Active Participles,beginner,حامِل,Hamil,Carrying/Pregnant,adjective,حامِل (Hamil),حامِلة (Hamila),,,
Active Participles,beginner,ماشي,mashee,Walking,adjective,ماشي (mashee),ماشية (masheea),,,
Active Participles,beginner,شايف,shaeef,Seeing,adjective,شايف (shaeef),شايفة (shaeefa),,,
Active Participles,beginner,قاعِد,qa3id,Sitting,adjective,قاعِد (qa3id),قاعِدة (qa3ida),,,
Active Participles,beginner,سامِع,sami3,Hearing,adjective,سامِع (sami3),سامِعة (sami3a),,,
Active Participles,beginner,فاهِم,fahim,Understanding,adjective,فاهِم (fahim),فاهِمة (fahima),,,
Daily Routine,beginner,صَحَّى,SaHHaa,To wake up,verb,صَحَّى (SaHHaa),,,,Active participle مْصَحِّي | Passive participle مْصَحَّى | Masdar تَصْحِية
Daily Routine,beginner,نام,nam,To sleep,verb,نام (nam),,,,Active participle نايِم | Passive participle مَنُوم | Masdar نَوْم
Daily Routine,beginner,صَحِي,SaHi,To wake up,verb,صَحِي (SaHi),,,,Active participle صاحِي | Passive participle مَصْحِي
Daily Routine,beginner,قام,qam,To stand up / wake up,verb,قام (qam),,,,Active participle قايِم | Passive participle مَقُوم | Masdar قَوْم
Daily Routine,beginner,فاق,faq,To wake up,verb,فاق (faq),,,,Active participle فايِق | Passive participle مَفْيُوق | Masdar فَيْق
Daily Routine,beginner,نام,nam,To sleep,verb,نام (nam),,,,Active participle نايِم | Passive participle مَنُوم | Masdar نَوْم
Daily Routine,beginner,صَحِي,SaHi,To wake up,verb,صَحِي (SaHi),,,,Active participle صاحِي | Passive participle مَصْحِي
Daily Routine,beginner,قام,qam,To stand up / wake up,verb,قام (qam),,,,Active participle قايِم | Passive participle مَقُوم | Masdar قَوْم
Daily Routine,beginner,فاق,faq,To wake up,verb,فاق (faq),,,,Active participle فايِق | Passive participle مَفْيُوق | Masdar فَيْق
Daily Routine,beginner,شَلَح,shalaH,To take off (clothes),verb,شَلَح (shalaH),,,,Active participle شالِح | Passive participle مَشْلُوح | Masdar شَلِح
Daily Routine,beginner,لَبِس,labis,To wear (clothes),verb,,,,,
Daily Routine,beginner,جَلى,jala,To wash (dishes e.t.c.),verb,لَبِس (labis),,,,Active participle لابِس | Passive participle مَلْبُوس | Masdar لَبْس
Daily Routine,beginner,غَسَل,ghasal,To wash (your hands e.t.c.),verb,جَلى (jala),,,,Active participle جالِي | Passive participle مَجْلِي | Masdar جَلِي
Daily Routine,beginner,تَحَمَّم,taHammam,To take a bath / shower,verb,تَحَمَّم (taHammam),,,,Active participle مِتْحَمِّم | Masdar تَحَمُم
Daily Routine,intermediate,غَفِي,ghafi,To doze off / take a nap,verb,غَفِي (ghafi),,,,Active participle غافِي | Passive participle مَغْفِي
Daily Routine,intermediate,غَفِي,ghafi,To doze off / take a nap,verb,غَفِي (ghafi),,,,Active participle غافِي | Passive participle مَغْفِي
Daily Routine,intermediate,فَرْشَى,farshaa,To brush,verb,فَرْشَى (farshaa),,,,Active participle مْفَرْشِي
Question Words,beginner,أيش,aeesh,What?,functional,,,,,
Question Words,beginner,أيّ,aeeee,"Which, what?",functional,,,,,
Question Words,beginner,كيف,keef,How?,functional,,,,,
Question Words,beginner,مين,meen,Who?,functional,,,,,
Question Words,beginner,شو,shoo,What?,functional,,,,,
Question Words,beginner,أيمتى,aeemta,When?,functional,,,,,
Question Words,beginner,وَين,wayn,Where?,functional,,,,,Where? me وَيني | Where? you f. وَينِك | Where? you m. وَينَك | Where? you pl. وَينكُم | Where? him وَينُه | Where? her وَينها | Where? them وَينهُم | Where? us وَيننا
Question Words,intermediate,قَدَّيش,qaddaysh,How much?,functional,,,,,
Question Words,intermediate,كَم,kam,How many?,functional,,,,,
Question Words,intermediate,لِوَين,liwayn,To where?,functional,,,,,
Question Words,intermediate,لِشو,lishoo,For what?,functional,,,,,
Question Words,intermediate,لَيش,laysh,Why?,functional,,,,,
Travel,beginner,راح,raH,To go,verb,راح (raH),,,,Active participle رايِح | Passive participle مَرُوح | Masdar رَوْح
Travel,beginner,إِجى,ija,To come,verb,إِجى (ija),,,,Active participle جايّ | Masdar مَجِيء
Travel,beginner,رَجِع,raji3,To return,verb,رَجِع (raji3),,,,Active participle راجِع | Passive participle مَرْجُوع | Masdar رَجِع
Travel,beginner,دَخَل,dakhal,To enter,verb,دَخَل (dakhal),,,,Active participle داخِل | Passive participle مَدْخُول | Masdar دَخْل
Travel,beginner,خَرَج,kharaj,To exit,verb,خَرَج (kharaj),,,,Active participle خارِج | Passive participle مَخْرُوج | Masdar خَرْج
Travel,beginner,نَزِل,nazil,To go down,verb,نَزِل (nazil),,,,Active participle نازِل | Passive participle مَنْزُول | Masdar نَزِل
Travel,beginner,طَلِع,Tali3,To go up / rise,verb,طَلِع (Tali3),,,,Active participle طالِع | Passive participle مَطْلُوع | Masdar طَلُوع
Travel,beginner,سافَر,safar,To travel,verb,سافَر (safar),,,,Active participle مْسافِر | Passive participle مْسافَر | Masdar مُسافَرة
Travel,beginner,تَرَك,tarak,To leave,verb,تَرَك (tarak),,,,Active participle تارِك | Passive participle مَتْرُوك | Masdar تَرْك
Travel,beginner,عَبَر,3abar,To cross / traverse,verb,عَبَر (3abar),,,,Active participle عابِر | Passive participle مَعْبُور | Masdar عَبْر
Travel,beginner,نَزَّل,nazzal,To put down / drop off / download,verb,نَزَّل (nazzal),,,,Active participle مْنَزِّل | Passive participle مْنَزَّل | Masdar تَنْزِيل
Travel,intermediate,رَوَّح,rawwaH,To depart / leave,verb,رَوَّح (rawwaH),,,,Active participle مْرَوِّح | Passive participle مْرَوَّح | Masdar تَرْوِيح
Money,intermediate,دِرهَم,dirham,Dirham,noun,,,دراهم (drahm),,My dirham دِرهَمي | Your f. dirham دِرهَمِك | Your m. dirham دِرهَمَك | Your pl. dirham دِرهَمكُم | His dirham دِرهَمُه | Her dirham دِرهَمها | Their dirham دِرهَمهُم | Our dirham دِرهَمنا
Money,intermediate,جنيه,jneeh,Pound (currency),noun,,,جنيهات (jneehat),,My pound (currency) جنيهي | Your f. pound (currency) جنيهِك | Your m. pound (currency) جنيهَك | Your pl. pound (currency) جنيهكُم | His pound (currency) جنيهُه | Her pound (currency) جنيهها | Their pound (currency) جنيههُم | Our pound (currency) جنيهنا
Money,intermediate,ليرة,leera,Lira (singular),noun,,,ليرات (leerat),,My lira (singular) ليرَتي | Your f. lira (singular) ليرَتِك | Your m. lira (singular) ليرَتَك | Your pl. lira (singular) ليرَتكُم | His lira (singular) ليرَتُه | Her lira (singular) ليرَتها | Their lira (singular) ليرَتهُم | Our lira (singular) ليرَتنا
Money,intermediate,دينار,deenar,Dinar,noun,,,دَنَنير (dananeer),,My dinar ديناري | Your f. dinar دينارِك | Your m. dinar دينارَك | Your pl. dinar ديناركُم | His dinar دينارُه | Her dinar دينارها | Their dinar دينارهُم | Our dinar دينارنا
Money,intermediate,ريال,reeal,Riyal,noun,,,ريالات (reealat),,My riyal ريالي | Your f. riyal ريالِك | Your m. riyal ريالَك | Your pl. riyal ريالكُم | His riyal ريالُه | Her riyal ريالها | Their riyal ريالهُم | Our riyal ريالنا
Money,intermediate,حِساب,Hisab,Bill,noun,حِساب (Hisab),,,,My bill حِسابي | Your f. bill حِسابِك | Your m. bill حِسابَك | Your pl. bill حِسابكُم | His bill حِسابُه | Her bill حِسابها | Their bill حِسابهُم | Our bill حِسابنا
Money,intermediate,باقي,baqee,Remainder,noun,باقي (baqee),,,,My remainder باقيي | Your f. remainder باقيِك | Your m. remainder باقيَك | Your pl. remainder باقيكُم | His remainder باقيُه | Her remainder باقيها | Their remainder باقيهُم | Our remainder باقينا
Money,intermediate,فاتورة,fatoora,Invoice,noun,,,,,My invoice فاتورَتي | Your f. invoice فاتورَتِك | Your m. invoice فاتورَتَك | Your pl. invoice فاتورَتكُم | His invoice فاتورَتُه | Her invoice فاتورَتها | Their invoice فاتورَتهُم | Our invoice فاتورَتنا
Money,intermediate,وَصل,waSl,Receipt (document),noun,وَصل (waSl),,,,My receipt (document) وَصلي | Your f. receipt (document) وَصلِك | Your m. receipt (document) وَصلَك | Your pl. receipt (document) وَصلكُم | His receipt (document) وَصلُه | Her receipt (document) وَصلها | Their receipt (document) وَصلهُم | Our receipt (document) وَصلنا
Money,intermediate,مَصاري,maSaree,Money,noun,,,,,My money مَصاريي | Your f. money مَصاريِك | Your m. money مَصاريَك | Your pl. money مَصاريكُم | His money مَصاريُه | Her money مَصاريها | Their money مَصاريهُم | Our money مَصارينا
Social,beginner,هَمَس,hamas,To whisper,verb,هَمَس (hamas),,,,Active participle هامِس | Passive participle مَهْمُوس | Masdar هَمْس
Social,beginner,سَلَّم,sallam,To greet,verb,سَلَّم (sallam),,,,Active participle مْسَلِّم | Passive participle مْسَلَّم | Masdar تَسْلِيم
Social,beginner,وَدَّع,wadda3,To say goodbye to,verb,وَدَّع (wadda3),,,,Active participle مْوَدِّع | Passive participle مْوَدَّع | Masdar تَوْدِيع
Social,intermediate,رِسالة,risala,Letter (correspondence),noun,رِسالة (risala),,,,My letter (correspondence) رِسالَتي | Your f. letter (correspondence) رِسالَتِك | Your m. letter (correspondence) رِسالَتَك | Your pl. letter (correspondence) رِسالَتكُم | His letter (correspondence) رِسالَتُه | Her letter (correspondence) رِسالَتها | Their letter (correspondence) رِسالَتهُم | Our letter (correspondence) رِسالَتنا
Social,intermediate,هَدية,hadeea,Gift,noun,هَدية (hadeea),,,,My gift هَديَتي | Your f. gift هَديَتِك | Your m. gift هَديَتَك | Your pl. gift هَديَتكُم | His gift هَديَتُه | Her gift هَديَتها | Their gift هَديَتهُم | Our gift هَديَتنا
Social,intermediate,عَيد ميلاد,3ayd,Birthday,noun,عَيد (3ayd),,,,
Social,intermediate,عَيد زَوّاج,3ayd,Wedding anniversary,noun,عَيد (3ayd),,,,
Social,intermediate,عَيد راس السَنة,3ayd,New year,noun,عَيد (3ayd),,,,
Social,intermediate,عَيد الميلاد,3ayd,Christmas,noun,عَيد (3ayd),,,,
Exclamations,beginner,يا,ya,You (comes before someone's name),functional,,,,,
Exclamations,beginner,شُكراً,shookran,Thank you,functional,,,,,
Exclamations,beginner,لا شُكراً,la,No thank you,functional,,,,,
Exclamations,beginner,مَرحَبا,marHaba,Hello,functional,,,,,
Exclamations,beginner,أهلاً,ahlan,Hi,functional,,,,,
Exclamations,beginner,آه,aah,Yes,functional,,,,,
Exclamations,beginner,نَعَم,na3am,Yes (formal),functional,,,,,
Exclamations,beginner,لا,la,No,functional,,,,,
Kitchen,beginner,فِنجان,finjan,Cup,noun,فِنجان (finjan),,فنجين (fnjeen),,My cup فِنجاني | Your f. cup فِنجانِك | Your m. cup فِنجانَك | Your pl. cup فِنجانكُم | His cup فِنجانُه | Her cup فِنجانها | Their cup فِنجانهُم | Our cup فِنجاننا
Kitchen,beginner,كاسة,kasa,Drinking glass,noun,,,كاسات (kasat),,My drinking glass كاسَتي | Your f. drinking glass كاسَتِك | Your m. drinking glass كاسَتَك | Your pl. drinking glass كاسَتكُم | His drinking glass كاسَتُه | Her drinking glass كاسَتها | Their drinking glass كاسَتهُم | Our drinking glass كاسَتنا
Kitchen,beginner,صَحن,SaHn,Plate,noun,صَحن (SaHn),,صحون (SHoon),,My plate صَحني | Your f. plate صَحنِك | Your m. plate صَحنَك | Your pl. plate صَحنكُم | His plate صَحنُه | Her plate صَحنها | Their plate صَحنهُم | Our plate صَحننا
Kitchen,intermediate,طَنجَرة,Tanjara,Cooking pan,noun,طَنجَرة (Tanjara),,,,My cooking pan طَنجَرَتي | Your f. cooking pan طَنجَرَتِك | Your m. cooking pan طَنجَرَتَك | Your pl. cooking pan طَنجَرَتكُم | His cooking pan طَنجَرَتُه | Her cooking pan طَنجَرَتها | Their cooking pan طَنجَرَتهُم | Our cooking pan طَنجَرَتنا
Kitchen,intermediate,مَقلاية,maqlaeea,Frying pan,noun,مَقلاية (maqlaeea),,,,My frying pan مَقلايَتي | Your f. frying pan مَقلايَتِك | Your m. frying pan مَقلايَتَك | Your pl. frying pan مَقلايَتكُم | His frying pan مَقلايَتُه | Her frying pan مَقلايَتها | Their frying pan مَقلايَتهُم | Our frying pan مَقلايَتنا
Kitchen,intermediate,قَنينة,qaneena,Bottle,noun,قَنينة (qaneena),,,,My bottle قَنينَتي | Your f. bottle قَنينَتِك | Your m. bottle قَنينَتَك | Your pl. bottle قَنينَتكُم | His bottle قَنينَتُه | Her bottle قَنينَتها | Their bottle قَنينَتهُم | Our bottle قَنينَتنا
Kitchen,intermediate,ابريق,abreeq,Teapot,noun,ابريق (abreeq),,,,My teapot ابريقي | Your f. teapot ابريقِك | Your m. teapot ابريقَك | Your pl. teapot ابريقكُم | His teapot ابريقُه | Her teapot ابريقها | Their teapot ابريقهُم | Our teapot ابريقنا
Kitchen,intermediate,ثلاجة,thlaja,Fridge,noun,ثلاجة (thlaja),,,,My fridge ثلاجَتي | Your f. fridge ثلاجَتِك | Your m. fridge ثلاجَتَك | Your pl. fridge ثلاجَتكُم | His fridge ثلاجَتُه | Her fridge ثلاجَتها | Their fridge ثلاجَتهُم | Our fridge ثلاجَتنا
Modals,beginner,بِدّ,bidd,To want,functional,,,,,I want بِدّي | You f. want بِدِّك | You m. want بِدَّك | You pl. want بِدّكُم | He wants بِدُّه | She wants بِدّها | They want بِدّهُم | We want بِدّنا
Modals,beginner,عِند,3ind,To have,functional,,,,,I have عِندي | You f. have عِندِك | You m. have عِندَك | You pl. have عِندكُم | He has عِندُه | She has عِندها | They have عِندهُم | We have عِندنا
Modals,intermediate,رَح,raH,Will,functional,,,,,
Modals,intermediate,لازِم,lazim,Must,functional,,,,,
Modals,intermediate,مُمكِن,moomkin,Maybe / can / possible,functional,,,,,
Modals,advanced,مَفرُوض,mafrooD,Should / supposed to,functional,,,,,
Modals,advanced,ضَرُوري,Darooree,Need to,functional,,,,,
Modals,advanced,يِمكِن,yimkin,Possibly / might,functional,,,,,
Relationships,beginner,نَسَب,nasab,To relate to / correlate with,verb,نَسَب (nasab),,,,Active participle ناسِب | Passive participle مَنْسُوب | Masdar نَسْب
Relationships,beginner,باس,bas,To kiss,verb,باس (bas),,,,Active participle بايِس | Passive participle مَبُوس | Masdar بَوْس
Relationships,beginner,زَعَّل,za33al,To upset,verb,زَعَّل (za33al),,,,Active participle مْزَعِّل | Passive participle مْزَعَّل | Masdar تَزْعِيل
Relationships,beginner,تَزَوَّج,tazawwaj,To marry,verb,تَزَوَّج (tazawwaj),,,,Active participle مِتْزَوِّج | Masdar تَزَوُج
Relationships,beginner,تَجاهَل,tajahal,To ignore,verb,تَجاهَل (tajahal),,,,Active participle مِتْجَاهِل | Masdar تَجاهُل
Relationships,beginner,تَصالَح,taSalaH,To make up with,verb,تَصالَح (taSalaH),,,,Active participle مِتْصَالِح | Masdar تَصالُح
Relationships,intermediate,تَعَرَّف,ta3arraf,To get to know,verb,تَعَرَّف (ta3arraf),,,,Active participle مِتْعَرِّف | Masdar تَعَرُف
Relationships,intermediate,عَبَط,3abaT,To hug,verb,عَبَط (3abaT),,,,Active participle عابِط | Passive participle مَعْبُوط | Masdar عَبْط
Life,beginner,عاش,3ash,To live,verb,عاش (3ash),,,,Active participle عايِش | Passive participle مَعْيُوش | Masdar عَيْش
Life,beginner,وَلِد,walid,To give birth,verb,وَلِد (walid),,,,Active participle والِد | Passive participle مَوْلُود | Masdar وَلِد
Life,beginner,سَكَن,sakan,To live / reside,verb,سَكَن (sakan),,,,Active participle ساكِن | Passive participle مَسْكُون | Masdar سَكْن
Life,beginner,عاش,3ash,To live,verb,عاش (3ash),,,,Active participle عايِش | Passive participle مَعْيُوش | Masdar عَيْش
Life,beginner,مات,mat,To die,verb,مات (mat),,,,Active participle مايِت | Passive participle مَمُوت | Masdar مَوْت
Life,beginner,وَلِد,walid,To give birth,verb,وَلِد (walid),,,,Active participle والِد | Passive participle مَوْلُود | Masdar وَلِد
Life,beginner,انْوَلَد,anwalad,To be born,verb,انْوَلَد (anwalad),,,,Active participle مِنْوَلِد | Masdar انْوِلاد
Negations,intermediate,مِش,mish,"Not (negates nouns, adverbs, adjectives)",functional,,,,,
Negations,intermediate,مَا,ma,Not (negates verbs),functional,,,,,
Restaurant,beginner,طَلَب,Talab,To ask for / order / request,verb,طَلَب (Talab),,,,Active participle طالِب | Passive participle مَطْلُوب | Masdar طَلْب
Restaurant,beginner,حَجَز,Hajaz,To book / reserve,verb,حَجَز (Hajaz),,,,Active participle حاجِز | Passive participle مَحْجُوز | Masdar حَجِز
Hobbies,intermediate,هِوَاية,hiwaeea,Hobby,noun,,,هِوَايات (hiwaeeat),,My hobby هِوَايَتي | Your f. hobby هِوَايَتِك | Your m. hobby هِوَايَتَك | Your pl. hobby هِوَايَتكُم | His hobby هِوَايَتُه | Her hobby هِوَايَتها | Their hobby هِوَايَتهُم | Our hobby هِوَايَتنا
Study,intermediate,أُستاز,oostaz,Professor,noun,,,,,My professor أُستازي | Your f. professor أُستازِك | Your m. professor أُستازَك | Your pl. professor أُستازكُم | His professor أُستازُه | Her professor أُستازها | Their professor أُستازهُم | Our professor أُستازنا
Business,All,إدارة,idara,administration,noun,,,,,My administration إدارَتي | Your f. administration إدارَتِك | Your m. administration إدارَتَك | Your pl. administration إدارَتكُم | His administration إدارَتُه | Her administration إدارَتها | Their administration إدارَتهُم | Our administration إدارَتنا
Business,All,إدارة,idara,administration,,,,,,My administration إدارَتي | Your f. administration إدارَتِك | Your m. administration إدارَتَك | Your pl. administration إدارَتكُم | His administration إدارَتُه | Her administration إدارَتها | Their administration إدارَتهُم | Our administration إدارَتنا
Business,All,مَبلَغ,mablagh,amount,noun,,,,,My amount مَبلَغي | Your f. amount مَبلَغِك | Your m. amount مَبلَغَك | Your pl. amount مَبلَغكُم | His amount مَبلَغُه | Her amount مَبلَغها | Their amount مَبلَغهُم | Our amount مَبلَغنا
Business,All,مَبلَغ,mablagh,amount,,,,,,My amount مَبلَغي | Your f. amount مَبلَغِك | Your m. amount مَبلَغَك | Your pl. amount مَبلَغكُم | His amount مَبلَغُه | Her amount مَبلَغها | Their amount مَبلَغهُم | Our amount مَبلَغنا
Business,All,طَلَب,Talab,application,noun,,,,,My application طَلَبي | Your f. application طَلَبِك | Your m. application طَلَبَك | Your pl. application طَلَبكُم | His application طَلَبُه | Her application طَلَبها | Their application طَلَبهُم | Our application طَلَبنا
Business,All,طَلَب,Talab,application,,,,,,My application طَلَبي | Your f. application طَلَبِك | Your m. application طَلَبَك | Your pl. application طَلَبكُم | His application طَلَبُه | Her application طَلَبها | Their application طَلَبهُم | Our application طَلَبنا
Business,All,مَوعِد,maw3id,appointment,noun,,,,,My appointment مَوعِدي | Your f. appointment مَوعِدِك | Your m. appointment مَوعِدَك | Your pl. appointment مَوعِدكُم | His appointment مَوعِدُه | Her appointment مَوعِدها | Their appointment مَوعِدهُم | Our appointment مَوعِدنا
Business,All,مَوعِد,maw3id,appointment,,,,,,My appointment مَوعِدي | Your f. appointment مَوعِدِك | Your m. appointment مَوعِدَك | Your pl. appointment مَوعِدكُم | His appointment مَوعِدُه | Her appointment مَوعِدها | Their appointment مَوعِدهُم | Our appointment مَوعِدنا
Business,All,جَمعية,jam3eea,association,noun,,,,,My association جَمعيَتي | Your f. association جَمعيَتِك | Your m. association جَمعيَتَك | Your pl. association جَمعيَتكُم | His association جَمعيَتُه | Her association جَمعيَتها | Their association جَمعيَتهُم | Our association جَمعيَتنا
Business,All,جَمعية,jam3eea,association,,,,,,My association جَمعيَتي | Your f. association جَمعيَتِك | Your m. association جَمعيَتَك | Your pl. association جَمعيَتكُم | His association جَمعيَتُه | Her association جَمعيَتها | Their association جَمعيَتهُم | Our association جَمعيَتنا
Business,All,مُحاوَلة,mooHawala,attempt,noun,,,,,My attempt مُحاوَلَتي | Your f. attempt مُحاوَلَتِك | Your m. attempt مُحاوَلَتَك | Your pl. attempt مُحاوَلَتكُم | His attempt مُحاوَلَتُه | Her attempt مُحاوَلَتها | Their attempt مُحاوَلَتهُم | Our attempt مُحاوَلَتنا
Business,All,مُحاوَلة,mooHawala,attempt,,,,,,My attempt مُحاوَلَتي | Your f. attempt مُحاوَلَتِك | Your m. attempt مُحاوَلَتَك | Your pl. attempt مُحاوَلَتكُم | His attempt مُحاوَلَتُه | Her attempt مُحاوَلَتها | Their attempt مُحاوَلَتهُم | Our attempt مُحاوَلَتنا
Business,All,لَقطة,laqTa,bargain,noun,,,,,My bargain لَقطَتي | Your f. bargain لَقطَتِك | Your m. bargain لَقطَتَك | Your pl. bargain لَقطَتكُم | His bargain لَقطَتُه | Her bargain لَقطَتها | Their bargain لَقطَتهُم | Our bargain لَقطَتنا
Business,All,لَقطة,laqTa,bargain,,,,,,My bargain لَقطَتي | Your f. bargain لَقطَتِك | Your m. bargain لَقطَتَك | Your pl. bargain لَقطَتكُم | His bargain لَقطَتُه | Her bargain لَقطَتها | Their bargain لَقطَتهُم | Our bargain لَقطَتنا
Business,All,صَندوق,Sandooq,box/cash register,noun,,,,,My cashier صَندوقي | Your f. cashier صَندوقِك | Your m. cashier صَندوقَك | Your pl. cashier صَندوقكُم | His cashier صَندوقُه | Her cashier صَندوقها | Their cashier صَندوقهُم | Our cashier صَندوقنا
Business,All,صَندوق,Sandooq,box/cash register,,,,,,My cashier صَندوقي | Your f. cashier صَندوقِك | Your m. cashier صَندوقَك | Your pl. cashier صَندوقكُم | His cashier صَندوقُه | Her cashier صَندوقها | Their cashier صَندوقهُم | Our cashier صَندوقنا
Business,All,رَشوة,rashooa,bribe,noun,,,,,My bribe رَشوَتي | Your f. bribe رَشوَتِك | Your m. bribe رَشوَتَك | Your pl. bribe رَشوَتكُم | His bribe رَشوَتُه | Her bribe رَشوَتها | Their bribe رَشوَتهُم | Our bribe رَشوَتنا
Business,All,رَشوة,rashooa,bribe,,,,,,My bribe رَشوَتي | Your f. bribe رَشوَتِك | Your m. bribe رَشوَتَك | Your pl. bribe رَشوَتكُم | His bribe رَشوَتُه | Her bribe رَشوَتها | Their bribe رَشوَتهُم | Our bribe رَشوَتنا
Business,All,عَمَل,3amal,business,noun,,,,,My business عَمَلي | Your f. business عَمَلِك | Your m. business عَمَلَك | Your pl. business عَمَلكُم | His business عَمَلُه | Her business عَمَلها | Their business عَمَلهُم | Our business عَمَلنا
Business,All,عَمَل,3amal,business,,,,,,My business عَمَلي | Your f. business عَمَلِك | Your m. business عَمَلَك | Your pl. business عَمَلكُم | His business عَمَلُه | Her business عَمَلها | Their business عَمَلهُم | Our business عَمَلنا
Business,All,بِطاقة,biTaqa,card,noun,,,,,My card بِطاقَتي | Your f. card بِطاقَتِك | Your m. card بِطاقَتَك | Your pl. card بِطاقَتكُم | His card بِطاقَتُه | Her card بِطاقَتها | Their card بِطاقَتهُم | Our card بِطاقَتنا
Business,All,بِطاقة,biTaqa,card,,,,,,My card بِطاقَتي | Your f. card بِطاقَتِك | Your m. card بِطاقَتَك | Your pl. card بِطاقَتكُم | His card بِطاقَتُه | Her card بِطاقَتها | Their card بِطاقَتهُم | Our card بِطاقَتنا
Business,All,فَراطة,faraTa,change of money,noun,,,,,My change of money فَراطَتي | Your f. change of money فَراطَتِك | Your m. change of money فَراطَتَك | Your pl. change of money فَراطَتكُم | His change of money فَراطَتُه | Her change of money فَراطَتها | Their change of money فَراطَتهُم | Our change of money فَراطَتنا
Business,All,فَراطة,faraTa,change of money,,,,,,My change of money فَراطَتي | Your f. change of money فَراطَتِك | Your m. change of money فَراطَتَك | Your pl. change of money فَراطَتكُم | His change of money فَراطَتُه | Her change of money فَراطَتها | Their change of money فَراطَتهُم | Our change of money فَراطَتنا
Business,All,شَغلة,shaghla,chore,noun,,,,,My chore شَغلَتي | Your f. chore شَغلَتِك | Your m. chore شَغلَتَك | Your pl. chore شَغلَتكُم | His chore شَغلَتُه | Her chore شَغلَتها | Their chore شَغلَتهُم | Our chore شَغلَتنا
Business,All,شَغلة,shaghla,chore,,,,,,
Business,All,كومبيوتر,koombeeootr,computer,noun,,,,,My computer كومبيوتري | Your f. computer كومبيوترِك | Your m. computer كومبيوترَك | Your pl. computer كومبيوتركُم | His computer كومبيوترُه | Her computer كومبيوترها | Their computer كومبيوترهُم | Our computer كومبيوترنا
Business,All,كومبيوتر,koombeeootr,computer,,,,,,My computer كومبيوتري | Your f. computer كومبيوترِك | Your m. computer كومبيوترَك | Your pl. computer كومبيوتركُم | His computer كومبيوترُه | Her computer كومبيوترها | Their computer كومبيوترهُم | Our computer كومبيوترنا
Business,All,مؤتَمَر,m2tamar,conference,noun,,,,,My conference مؤتَمَري | Your f. conference مؤتَمَرِك | Your m. conference مؤتَمَرَك | Your pl. conference مؤتَمَركُم | His conference مؤتَمَرُه | Her conference مؤتَمَرها | Their conference مؤتَمَرهُم | Our conference مؤتَمَرنا
Business,All,مؤتَمَر,m2tamar,conference,,,,,,My conference مؤتَمَري | Your f. conference مؤتَمَرِك | Your m. conference مؤتَمَرَك | Your pl. conference مؤتَمَركُم | His conference مؤتَمَرُه | Her conference مؤتَمَرها | Their conference مؤتَمَرهُم | Our conference مؤتَمَرنا
Business,All,دَين,dayn,debt,noun,,,,,My debt دَيني | Your f. debt دَينِك | Your m. debt دَينَك | Your pl. debt دَينكُم | His debt دَينُه | Her debt دَينها | Their debt دَينهُم | Our debt دَيننا
Business,All,دَين,dayn,debt,,,,,,My debt دَيني | Your f. debt دَينِك | Your m. debt دَينَك | Your pl. debt دَينكُم | His debt دَينُه | Her debt دَينها | Their debt دَينهُم | Our debt دَيننا
Business,All,مَعارِض,ma3ariD,exhibition,noun,,,,,My exhibition مَعارِضي | Your f. exhibition مَعارِضِك | Your m. exhibition مَعارِضَك | Your pl. exhibition مَعارِضكُم | His exhibition مَعارِضُه | Her exhibition مَعارِضها | Their exhibition مَعارِضهُم | Our exhibition مَعارِضنا
Business,All,مَعارِض,ma3ariD,exhibition,,,,,,My exhibition مَعارِضي | Your f. exhibition مَعارِضِك | Your m. exhibition مَعارِضَك | Your pl. exhibition مَعارِضكُم | His exhibition مَعارِضُه | Her exhibition مَعارِضها | Their exhibition مَعارِضهُم | Our exhibition مَعارِضنا
Business,All,هَدَف,hadaf,goal,noun,,,,,My goal هَدَفي | Your f. goal هَدَفِك | Your m. goal هَدَفَك | Your pl. goal هَدَفكُم | His goal هَدَفُه | Her goal هَدَفها | Their goal هَدَفهُم | Our goal هَدَفنا
Business,All,هَدَف,hadaf,goal,,,,,,My goal هَدَفي | Your f. goal هَدَفِك | Your m. goal هَدَفَك | Your pl. goal هَدَفكُم | His goal هَدَفُه | Her goal هَدَفها | Their goal هَدَفهُم | Our goal هَدَفنا
Business,All,وِرثة,wirtha,inheritance,noun,,,,,My inheritance وِرثَتي | Your f. inheritance وِرثَتِك | Your m. inheritance وِرثَتَك | Your pl. inheritance وِرثَتكُم | His inheritance وِرثَتُه | Her inheritance وِرثَتها | Their inheritance وِرثَتهُم | Our inheritance وِرثَتنا
Business,All,وِرثة,wirtha,inheritance,,,,,,My inheritance وِرثَتي | Your f. inheritance وِرثَتِك | Your m. inheritance وِرثَتَك | Your pl. inheritance وِرثَتكُم | His inheritance وِرثَتُه | Her inheritance وِرثَتها | Their inheritance وِرثَتهُم | Our inheritance وِرثَتنا
Business,All,واسِطة,wasiTa,intermediary,noun,,,,,My intermediary واسِطَتي | Your f. intermediary واسِطَتِك | Your m. intermediary واسِطَتَك | Your pl. intermediary واسِطَتكُم | His intermediary واسِطَتُه | Her intermediary واسِطَتها | Their intermediary واسِطَتهُم | Our intermediary واسِطَتنا
Business,All,واسِطة,wasiTa,intermediary,,,,,,My intermediary واسِطَتي | Your f. intermediary واسِطَتِك | Your m. intermediary واسِطَتَك | Your pl. intermediary واسِطَتكُم | His intermediary واسِطَتُه | Her intermediary واسِطَتها | Their intermediary واسِطَتهُم | Our intermediary واسِطَتنا
Business,All,مُقابَلة,mooqabala,interview,noun,,,,,My interview مُقابَلَتي | Your f. interview مُقابَلَتِك | Your m. interview مُقابَلَتَك | Your pl. interview مُقابَلَتكُم | His interview مُقابَلَتُه | Her interview مُقابَلَتها | Their interview مُقابَلَتهُم | Our interview مُقابَلَتنا
Business,All,مُقابَلة,mooqabala,interview,,,,,,My interview مُقابَلَتي | Your f. interview مُقابَلَتِك | Your m. interview مُقابَلَتَك | Your pl. interview مُقابَلَتكُم | His interview مُقابَلَتُه | Her interview مُقابَلَتها | Their interview مُقابَلَتهُم | Our interview مُقابَلَتنا
Business,All,شِعار,shi3ar,logo,noun,,,,,My logo شِعاري | Your f. logo شِعارِك | Your m. logo شِعارَك | Your pl. logo شِعاركُم | His logo شِعارُه | Her logo شِعارها | Their logo شِعارهُم | Our logo شِعارنا
Business,All,شِعار,shi3ar,logo,,,,,,My logo شِعاري | Your f. logo شِعارِك | Your m. logo شِعارَك | Your pl. logo شِعاركُم | His logo شِعارُه | Her logo شِعارها | Their logo شِعارهُم | Our logo شِعارنا
Business,All,مِهنة,mihna,occupation,noun,,,,,My occupation مِهنَتي | Your f. occupation مِهنَتِك | Your m. occupation مِهنَتَك | Your pl. occupation مِهنَتكُم | His occupation مِهنَتُه | Her occupation مِهنَتها | Their occupation مِهنَتهُم | Our occupation مِهنَتنا
Business,All,مِهنة,mihna,occupation,,,,,,My occupation مِهنَتي | Your f. occupation مِهنَتِك | Your m. occupation مِهنَتَك | Your pl. occupation مِهنَتكُم | His occupation مِهنَتُه | Her occupation مِهنَتها | Their occupation مِهنَتهُم | Our occupation مِهنَتنا
Business,All,عَرض,3arD,offer,noun,,,,,My offer عَرضي | Your f. offer عَرضِك | Your m. offer عَرضَك | Your pl. offer عَرضكُم | His offer عَرضُه | Her offer عَرضها | Their offer عَرضهُم | Our offer عَرضنا
Business,All,عَرض,3arD,offer,,,,,,My offer عَرضي | Your f. offer عَرضِك | Your m. offer عَرضَك | Your pl. offer عَرضكُم | His offer عَرضُه | Her offer عَرضها | Their offer عَرضهُم | Our offer عَرضنا
Business,All,مُعامَلة,moo3amala,official application,noun,,,,,My official application مُعامَلَتي | Your f. official application مُعامَلَتِك | Your m. official application مُعامَلَتَك | Your pl. official application مُعامَلَتكُم | His official application مُعامَلَتُه | Her official application مُعامَلَتها | Their official application مُعامَلَتهُم | Our official application مُعامَلَتنا
Business,All,مُعامَلة,moo3amala,official application,,,,,,My official application مُعامَلَتي | Your f. official application مُعامَلَتِك | Your m. official application مُعامَلَتَك | Your pl. official application مُعامَلَتكُم | His official application مُعامَلَتُه | Her official application مُعامَلَتها | Their official application مُعامَلَتهُم | Our official application مُعامَلَتنا
Business,All,مُنَظّمة,moonaZZma,organization,noun,,,,,My organization مُنَظّمَتي | Your f. organization مُنَظّمَتِك | Your m. organization مُنَظّمَتَك | Your pl. organization مُنَظّمَتكُم | His organization مُنَظّمَتُه | Her organization مُنَظّمَتها | Their organization مُنَظّمَتهُم | Our organization مُنَظّمَتنا
Business,All,مُنَظّمة,moonaZZma,organization,,,,,,My organization مُنَظّمَتي | Your f. organization مُنَظّمَتِك | Your m. organization مُنَظّمَتَك | Your pl. organization مُنَظّمَتكُم | His organization مُنَظّمَتُه | Her organization مُنَظّمَتها | Their organization مُنَظّمَتهُم | Our organization مُنَظّمَتنا
Business,All,مُشارَكة,moosharaka,participation,noun,,,,,My participation مُشارَكَتي | Your f. participation مُشارَكَتِك | Your m. participation مُشارَكَتَك | Your pl. participation مُشارَكَتكُم | His participation مُشارَكَتُه | Her participation مُشارَكَتها | Their participation مُشارَكَتهُم | Our participation مُشارَكَتنا
Business,All,مُشارَكة,moosharaka,participation,,,,,,My participation مُشارَكَتي | Your f. participation مُشارَكَتِك | Your m. participation مُشارَكَتَك | Your pl. participation مُشارَكَتكُم | His participation مُشارَكَتُه | Her participation مُشارَكَتها | Their participation مُشارَكَتهُم | Our participation مُشارَكَتنا
Business,All,تَشريجة,tashreeja,phone credit,noun,,,,,My phone credit تَشريجَتي | Your f. phone credit تَشريجَتِك | Your m. phone credit تَشريجَتَك | Your pl. phone credit تَشريجَتكُم | His phone credit تَشريجَتُه | Her phone credit تَشريجَتها | Their phone credit تَشريجَتهُم | Our phone credit تَشريجَتنا
Business,All,تَشريجة,tashreeja,phone credit,,,,,,My phone credit تَشريجَتي | Your f. phone credit تَشريجَتِك | Your m. phone credit تَشريجَتَك | Your pl. phone credit تَشريجَتكُم | His phone credit تَشريجَتُه | Her phone credit تَشريجَتها | Their phone credit تَشريجَتهُم | Our phone credit تَشريجَتنا
Business,All,خُطّة,khooTTa,plan,noun,,,,,My plan خُطَّتي | Your f. plan خُطَّتِك | Your m. plan خُطَّتَك | Your pl. plan خُطَّتكُم | His plan خُطَّتُه | Her plan خُطَّتها | Their plan خُطَّتهُم | Our plan خُطَّتنا
Business,All,خُطّة,khooTTa,plan,,,,,,My plan خُطَّتي | Your f. plan خُطَّتِك | Your m. plan خُطَّتَك | Your pl. plan خُطَّتكُم | His plan خُطَّتُه | Her plan خُطَّتها | Their plan خُطَّتهُم | Our plan خُطَّتنا
Business,All,مَشروع,mashroo3,"project, legitimate",noun,,,,,"My project, legitimate مَشروعي | Your f. project, legitimate مَشروعِك | Your m. project, legitimate مَشروعَك | Your pl. project, legitimate مَشروعكُم | His project, legitimate مَشروعُه | Her project, legitimate مَشروعها | Their project, legitimate مَشروعهُم | Our project, legitimate مَشروعنا"
Business,All,مَشروع,mashroo3,"project, legitimate",,,,,,"My project, legitimate مَشروعي | Your f. project, legitimate مَشروعِك | Your m. project, legitimate مَشروعَك | Your pl. project, legitimate مَشروعكُم | His project, legitimate مَشروعُه | Her project, legitimate مَشروعها | Their project, legitimate مَشروعهُم | Our project, legitimate مَشروعنا"
Business,All,إصدار,iSdar,publishing,noun,,,,,My publishing إصداري | Your f. publishing إصدارِك | Your m. publishing إصدارَك | Your pl. publishing إصداركُم | His publishing إصدارُه | Her publishing إصدارها | Their publishing إصدارهُم | Our publishing إصدارنا
Business,All,إصدار,iSdar,publishing,,,,,,My publishing إصداري | Your f. publishing إصدارِك | Your m. publishing إصدارَك | Your pl. publishing إصداركُم | His publishing إصدارُه | Her publishing إصدارها | Their publishing إصدارهُم | Our publishing إصدارنا
Business,All,كَمّية,kammeea,quantity,noun,,,,,My quantity كَمّيَتي | Your f. quantity كَمّيَتِك | Your m. quantity كَمّيَتَك | Your pl. quantity كَمّيَتكُم | His quantity كَمّيَتُه | Her quantity كَمّيَتها | Their quantity كَمّيَتهُم | Our quantity كَمّيَتنا
Business,All,كَمّية,kammeea,quantity,,,,,,My quantity كَمّيَتي | Your f. quantity كَمّيَتِك | Your m. quantity كَمّيَتَك | Your pl. quantity كَمّيَتكُم | His quantity كَمّيَتُه | Her quantity كَمّيَتها | Their quantity كَمّيَتهُم | Our quantity كَمّيَتنا
Business,All,الباقي,il-baqee,"remainder, the rest, extra",noun,,,,,"My remainder, the rest, extra الباقيي | Your f. remainder, the rest, extra الباقيِك | Your m. remainder, the rest, extra الباقيَك | Your pl. remainder, the rest, extra الباقيكُم | His remainder, the rest, extra الباقيُه | Her remainder, the rest, extra الباقيها | Their remainder, the rest, extra الباقيهُم | Our remainder, the rest, extra الباقينا"
Business,All,الباقي,il-baqee,"remainder, the rest, extra",,,,,,"My remainder, the rest, extra الباقيي | Your f. remainder, the rest, extra الباقيِك | Your m. remainder, the rest, extra الباقيَك | Your pl. remainder, the rest, extra الباقيكُم | His remainder, the rest, extra الباقيُه | Her remainder, the rest, extra الباقيها | Their remainder, the rest, extra الباقيهُم | Our remainder, the rest, extra الباقينا"
Business,All,أَجار,ajar,rent,noun,,,,,My rent أَجاري | Your f. rent أَجارِك | Your m. rent أَجارَك | Your pl. rent أَجاركُم | His rent أَجارُه | Her rent أَجارها | Their rent أَجارهُم | Our rent أَجارنا
Business,All,أَجار,ajar,rent,,,,,,My rent أَجاري | Your f. rent أَجارِك | Your m. rent أَجارَك | Your pl. rent أَجاركُم | His rent أَجارُه | Her rent أَجارها | Their rent أَجارهُم | Our rent أَجارنا
Business,All,حَجز,Hajz,"reservation, booking",noun,,,,,"My reservation, booking حَجزي | Your f. reservation, booking حَجزِك | Your m. reservation, booking حَجزَك | Your pl. reservation, booking حَجزكُم | His reservation, booking حَجزُه | Her reservation, booking حَجزها | Their reservation, booking حَجزهُم | Our reservation, booking حَجزنا"
Business,All,حَجز,Hajz,"reservation, booking",,,,,,"My reservation, booking حَجزي | Your f. reservation, booking حَجزِك | Your m. reservation, booking حَجزَك | Your pl. reservation, booking حَجزكُم | His reservation, booking حَجزُه | Her reservation, booking حَجزها | Their reservation, booking حَجزهُم | Our reservation, booking حَجزنا"
Business,All,مَعاش,ma3ash,salary,noun,,,,,My salary مَعاشي | Your f. salary مَعاشِك | Your m. salary مَعاشَك | Your pl. salary مَعاشكُم | His salary مَعاشُه | Her salary مَعاشها | Their salary مَعاشهُم | Our salary مَعاشنا
Business,All,مَعاش,ma3ash,salary,,,,,,My salary مَعاشي | Your f. salary مَعاشِك | Your m. salary مَعاشَك | Your pl. salary مَعاشكُم | His salary مَعاشُه | Her salary مَعاشها | Their salary مَعاشهُم | Our salary مَعاشنا
Business,All,حَسم,Hasm,"sale, deduction",noun,,,,,"My sale, deduction حَسمي | Your f. sale, deduction حَسمِك | Your m. sale, deduction حَسمَك | Your pl. sale, deduction حَسمكُم | His sale, deduction حَسمُه | Her sale, deduction حَسمها | Their sale, deduction حَسمهُم | Our sale, deduction حَسمنا"
Business,All,حَسم,Hasm,"sale, deduction",,,,,,"My sale, deduction حَسمي | Your f. sale, deduction حَسمِك | Your m. sale, deduction حَسمَك | Your pl. sale, deduction حَسمكُم | His sale, deduction حَسمُه | Her sale, deduction حَسمها | Their sale, deduction حَسمهُم | Our sale, deduction حَسمنا"
Business,All,تَسَوّق,tasawwq,shopping,noun,,,,,My shopping تَسَوّقي | Your f. shopping تَسَوّقِك | Your m. shopping تَسَوّقَك | Your pl. shopping تَسَوّقكُم | His shopping تَسَوّقُه | Her shopping تَسَوّقها | Their shopping تَسَوّقهُم | Our shopping تَسَوّقنا
Business,All,تَسَوّق,tasawwq,shopping,,,,,,My shopping تَسَوّقي | Your f. shopping تَسَوّقِك | Your m. shopping تَسَوّقَك | Your pl. shopping تَسَوّقكُم | His shopping تَسَوّقُه | Her shopping تَسَوّقها | Their shopping تَسَوّقهُم | Our shopping تَسَوّقنا
Business,All,واجِهة,wajiha,store window,noun,,,,,My store window واجِهَتي | Your f. store window واجِهَتِك | Your m. store window واجِهَتَك | Your pl. store window واجِهَتكُم | His store window واجِهَتُه | Her store window واجِهَتها | Their store window واجِهَتهُم | Our store window واجِهَتنا
Business,All,واجِهة,wajiha,store window,,,,,,My store window واجِهَتي | Your f. store window واجِهَتِك | Your m. store window واجِهَتَك | Your pl. store window واجِهَتكُم | His store window واجِهَتُه | Her store window واجِهَتها | Their store window واجِهَتهُم | Our store window واجِهَتنا
Business,All,نَجاح,najaH,success,noun,,,,,My success نَجاحي | Your f. success نَجاحِك | Your m. success نَجاحَك | Your pl. success نَجاحكُم | His success نَجاحُه | Her success نَجاحها | Their success نَجاحهُم | Our success نَجاحنا
Business,All,نَجاح,najaH,success,,,,,,My success نَجاحي | Your f. success نَجاحِك | Your m. success نَجاحَك | Your pl. success نَجاحكُم | His success نَجاحُه | Her success نَجاحها | Their success نَجاحهُم | Our success نَجاحنا
Business,All,فَريق,fareeq,team,noun,,,,,My team فَريقي | Your f. team فَريقِك | Your m. team فَريقَك | Your pl. team فَريقكُم | His team فَريقُه | Her team فَريقها | Their team فَريقهُم | Our team فَريقنا
Business,All,فَريق,fareeq,team,,,,,,My team فَريقي | Your f. team فَريقِك | Your m. team فَريقَك | Your pl. team فَريقكُم | His team فَريقُه | Her team فَريقها | Their team فَريقهُم | Our team فَريقنا
Government,All,شُرطي,shoorTee,police,noun,,,,,My police شُرطيي | Your f. police شُرطيِك | Your m. police شُرطيَك | Your pl. police شُرطيكُم | His police شُرطيُه | Her police شُرطيها | Their police شُرطيهُم | Our police شُرطينا
Government,All,شُرطي,shoorTee,police,,,,,,My police شُرطيي | Your f. police شُرطيِك | Your m. police شُرطيَك | Your pl. police شُرطيكُم | His police شُرطيُه | Her police شُرطيها | Their police شُرطيهُم | Our police شُرطينا
Government,All,إغتِيال,ightial,assassination,noun,,,,,My assassination إغتِيالي | Your f. assassination إغتِيالِك | Your m. assassination إغتِيالَك | Your pl. assassination إغتِيالكُم | His assassination إغتِيالُه | Her assassination إغتِيالها | Their assassination إغتِيالهُم | Our assassination إغتِيالنا
Government,All,إغتِيال,ightial,assassination,,,,,,My assassination إغتِيالي | Your f. assassination إغتِيالِك | Your m. assassination إغتِيالَك | Your pl. assassination إغتِيالكُم | His assassination إغتِيالُه | Her assassination إغتِيالها | Their assassination إغتِيالهُم | Our assassination إغتِيالنا
Government,All,قَضية,qaDeea,case,noun,,,,,My case قَضيَتي | Your f. case قَضيَتِك | Your m. case قَضيَتَك | Your pl. case قَضيَتكُم | His case قَضيَتُه | Her case قَضيَتها | Their case قَضيَتهُم | Our case قَضيَتنا
Government,All,قَضية,qaDeea,case,,,,,,My case قَضيَتي | Your f. case قَضيَتِك | Your m. case قَضيَتَك | Your pl. case قَضيَتكُم | His case قَضيَتُه | Her case قَضيَتها | Their case قَضيَتهُم | Our case قَضيَتنا
Government,All,دِفاع مَدَني,difa3,civil defence,noun,,,,,
Government,All,دِفاع,difa3,civil defence,,,,,,
Government,All,الفَساد,il-fasad,corruption,noun,,,,,My corruption الفَسادي | Your f. corruption الفَسادِك | Your m. corruption الفَسادَك | Your pl. corruption الفَسادكُم | His corruption الفَسادُه | Her corruption الفَسادها | Their corruption الفَسادهُم | Our corruption الفَسادنا
Government,All,الفَساد,il-fasad,corruption,,,,,,My corruption الفَسادي | Your f. corruption الفَسادِك | Your m. corruption الفَسادَك | Your pl. corruption الفَسادكُم | His corruption الفَسادُه | Her corruption الفَسادها | Their corruption الفَسادهُم | Our corruption الفَسادنا
Government,All,جَريمة,jareema,crime,noun,,,,,My crime جَريمَتي | Your f. crime جَريمَتِك | Your m. crime جَريمَتَك | Your pl. crime جَريمَتكُم | His crime جَريمَتُه | Her crime جَريمَتها | Their crime جَريمَتهُم | Our crime جَريمَتنا
Government,All,جَريمة,jareema,crime,,,,,,My crime جَريمَتي | Your f. crime جَريمَتِك | Your m. crime جَريمَتَك | Your pl. crime جَريمَتكُم | His crime جَريمَتُه | Her crime جَريمَتها | Their crime جَريمَتهُم | Our crime جَريمَتنا
Government,All,مَسرَح جَريمة,masraH,crime scene,noun,,,,,
Government,All,مَسرَح,masraH,crime scene,,,,,,
Government,All,موت,moot,death,noun,,,,,My death موتي | Your f. death موتِك | Your m. death موتَك | Your pl. death موتكُم | His death موتُه | Her death موتها | Their death موتهُم | Our death موتنا
Government,All,موت,moot,death,,,,,,My death موتي | Your f. death موتِك | Your m. death موتَك | Your pl. death موتكُم | His death موتُه | Her death موتها | Their death موتهُم | Our death موتنا
Government,All,إكتِصاد,iktiSad,economics,noun,,,,,My economics إكتِصادي | Your f. economics إكتِصادِك | Your m. economics إكتِصادَك | Your pl. economics إكتِصادكُم | His economics إكتِصادُه | Her economics إكتِصادها | Their economics إكتِصادهُم | Our economics إكتِصادنا
Government,All,إكتِصاد,iktiSad,economics,,,,,,My economics إكتِصادي | Your f. economics إكتِصادِك | Your m. economics إكتِصادَك | Your pl. economics إكتِصادكُم | His economics إكتِصادُه | Her economics إكتِصادها | Their economics إكتِصادهُم | Our economics إكتِصادنا
Government,All,إنفِجار,infijar,explosion,noun,,,,,My explosion إنفِجاري | Your f. explosion إنفِجارِك | Your m. explosion إنفِجارَك | Your pl. explosion إنفِجاركُم | His explosion إنفِجارُه | Her explosion إنفِجارها | Their explosion إنفِجارهُم | Our explosion إنفِجارنا
Government,All,إنفِجار,infijar,explosion,,,,,,My explosion إنفِجاري | Your f. explosion إنفِجارِك | Your m. explosion إنفِجارَك | Your pl. explosion إنفِجاركُم | His explosion إنفِجارُه | Her explosion إنفِجارها | Their explosion إنفِجارهُم | Our explosion إنفِجارنا
Government,All,عَبوة ناسِفة,3abooa,explosive device,noun,,,,,
Government,All,عَبوة,3abooa,explosive device,,,,,,
Government,All,بَصمة,baSma,fingerprint,noun,,,,,My fingerprint بَصمَتي | Your f. fingerprint بَصمَتِك | Your m. fingerprint بَصمَتَك | Your pl. fingerprint بَصمَتكُم | His fingerprint بَصمَتُه | Her fingerprint بَصمَتها | Their fingerprint بَصمَتهُم | Our fingerprint بَصمَتنا
Government,All,بَصمة,baSma,fingerprint,,,,,,My fingerprint بَصمَتي | Your f. fingerprint بَصمَتِك | Your m. fingerprint بَصمَتَك | Your pl. fingerprint بَصمَتكُم | His fingerprint بَصمَتُه | Her fingerprint بَصمَتها | Their fingerprint بَصمَتهُم | Our fingerprint بَصمَتنا
Government,All,حُرّية تَعبير,Hoorreea,freedom of expression,noun,,,,,
Government,All,حُرّية,Hoorreea,freedom of expression,,,,,,
Government,All,أَمن عام,amn,general security,noun,,,,,
Government,All,أَمن,amn,general security,,,,,,
Government,All,مَراكِز حُكومية,marakiz,governmental departments,noun,,,,,
Government,All,مَراكِز,marakiz,governmental departments,,,,,,
Government,All,جايزة كُبرى,jaeeza,grand prize,noun,,,,,
Government,All,جايزة,jaeeza,grand prize,,,,,,
Government,All,تَحقيق,taHqeeq,investigation,noun,,,,,My investigation تَحقيقي | Your f. investigation تَحقيقِك | Your m. investigation تَحقيقَك | Your pl. investigation تَحقيقكُم | His investigation تَحقيقُه | Her investigation تَحقيقها | Their investigation تَحقيقهُم | Our investigation تَحقيقنا
Government,All,تَحقيق,taHqeeq,investigation,,,,,,My investigation تَحقيقي | Your f. investigation تَحقيقِك | Your m. investigation تَحقيقَك | Your pl. investigation تَحقيقكُم | His investigation تَحقيقُه | Her investigation تَحقيقها | Their investigation تَحقيقهُم | Our investigation تَحقيقنا
Government,All,أَمر,amr,issue,noun,,,,,My issue أَمري | Your f. issue أَمرِك | Your m. issue أَمرَك | Your pl. issue أَمركُم | His issue أَمرُه | Her issue أَمرها | Their issue أَمرهُم | Our issue أَمرنا
Government,All,أَمر,amr,issue,,,,,,My issue أَمري | Your f. issue أَمرِك | Your m. issue أَمرَك | Your pl. issue أَمركُم | His issue أَمرُه | Her issue أَمرها | Their issue أَمرهُم | Our issue أَمرنا
Government,All,مَذبَحة,madhbaHa,massacre,noun,,,,,My massacre مَذبَحَتي | Your f. massacre مَذبَحَتِك | Your m. massacre مَذبَحَتَك | Your pl. massacre مَذبَحَتكُم | His massacre مَذبَحَتُه | Her massacre مَذبَحَتها | Their massacre مَذبَحَتهُم | Our massacre مَذبَحَتنا
Government,All,مَذبَحة,madhbaHa,massacre,,,,,,My massacre مَذبَحَتي | Your f. massacre مَذبَحَتِك | Your m. massacre مَذبَحَتَك | Your pl. massacre مَذبَحَتكُم | His massacre مَذبَحَتُه | Her massacre مَذبَحَتها | Their massacre مَذبَحَتهُم | Our massacre مَذبَحَتنا
Government,All,بَلَدية,baladeea,municipality,noun,,,,,My municipality بَلَديَتي | Your f. municipality بَلَديَتِك | Your m. municipality بَلَديَتَك | Your pl. municipality بَلَديَتكُم | His municipality بَلَديَتُه | Her municipality بَلَديَتها | Their municipality بَلَديَتهُم | Our municipality بَلَديَتنا
Government,All,بَلَدية,baladeea,municipality,,,,,,My municipality بَلَديَتي | Your f. municipality بَلَديَتِك | Your m. municipality بَلَديَتَك | Your pl. municipality بَلَديَتكُم | His municipality بَلَديَتُه | Her municipality بَلَديَتها | Their municipality بَلَديَتهُم | Our municipality بَلَديَتنا
Government,All,مَقتَل,maqtal,murder,noun,,,,,My murder مَقتَلي | Your f. murder مَقتَلِك | Your m. murder مَقتَلَك | Your pl. murder مَقتَلكُم | His murder مَقتَلُه | Her murder مَقتَلها | Their murder مَقتَلهُم | Our murder مَقتَلنا
Government,All,مَقتَل,maqtal,murder,,,,,,My murder مَقتَلي | Your f. murder مَقتَلِك | Your m. murder مَقتَلَك | Your pl. murder مَقتَلكُم | His murder مَقتَلُه | Her murder مَقتَلها | Their murder مَقتَلهُم | Our murder مَقتَلنا
Government,All,المنظّمات الغير حكومية,il-mnZZmat,NGO,noun,,,,,My ngo المنظّمات غير حكوميَتي | Your f. ngo المنظّمات غير حكوميَتِك | Your m. ngo المنظّمات غير حكوميَتَك | Your pl. ngo المنظّمات غير حكوميَتكُم | His ngo المنظّمات غير حكوميَتُه | Her ngo المنظّمات غير حكوميَتها | Their ngo المنظّمات غير حكوميَتهُم | Our ngo المنظّمات غير حكوميَتنا
Government,All,المنظّمات,il-mnZZmat,NGO,,,,,,My ngo المنظّمات غير حكوميَتي | Your f. ngo المنظّمات غير حكوميَتِك | Your m. ngo المنظّمات غير حكوميَتَك | Your pl. ngo المنظّمات غير حكوميَتكُم | His ngo المنظّمات غير حكوميَتُه | Her ngo المنظّمات غير حكوميَتها | Their ngo المنظّمات غير حكوميَتهُم | Our ngo المنظّمات غير حكوميَتنا
Government,All,حِزب,Hizb,party,noun,,,,,My party حِزبي | Your f. party حِزبِك | Your m. party حِزبَك | Your pl. party حِزبكُم | His party حِزبُه | Her party حِزبها | Their party حِزبهُم | Our party حِزبنا
Government,All,حِزب,Hizb,party,,,,,,My party حِزبي | Your f. party حِزبِك | Your m. party حِزبَك | Your pl. party حِزبكُم | His party حِزبُه | Her party حِزبها | Their party حِزبهُم | Our party حِزبنا
Government,All,جَواز سَفَر,jawaz,passport,noun,,,,,
Government,All,جَواز,jawaz,passport,,,,,,
Government,All,عالَم,3alam,"people, world",noun,,,,,"My people, world عالَمي | Your f. people, world عالَمِك | Your m. people, world عالَمَك | Your pl. people, world عالَمكُم | His people, world عالَمُه | Her people, world عالَمها | Their people, world عالَمهُم | Our people, world عالَمنا"
Government,All,عالَم,3alam,"people, world",,,,,,"My people, world عالَمي | Your f. people, world عالَمِك | Your m. people, world عالَمَك | Your pl. people, world عالَمكُم | His people, world عالَمُه | Her people, world عالَمها | Their people, world عالَمهُم | Our people, world عالَمنا"
Government,All,مُشكِلة,mooshkila,problem,noun,,,,,My problem مُشكِلَتي | Your f. problem مُشكِلَتِك | Your m. problem مُشكِلَتَك | Your pl. problem مُشكِلَتكُم | His problem مُشكِلَتُه | Her problem مُشكِلَتها | Their problem مُشكِلَتهُم | Our problem مُشكِلَتنا
Government,All,مُشكِلة,mooshkila,problem,,,,,,My problem مُشكِلَتي | Your f. problem مُشكِلَتِك | Your m. problem مُشكِلَتَك | Your pl. problem مُشكِلَتكُم | His problem مُشكِلَتُه | Her problem مُشكِلَتها | Their problem مُشكِلَتهُم | Our problem مُشكِلَتنا
Government,All,إعتِصام,i3tiSam,protest,noun,,,,,My protest إعتِصامي | Your f. protest إعتِصامِك | Your m. protest إعتِصامَك | Your pl. protest إعتِصامكُم | His protest إعتِصامُه | Her protest إعتِصامها | Their protest إعتِصامهُم | Our protest إعتِصامنا
Government,All,إعتِصام,i3tiSam,protest,,,,,,My protest إعتِصامي | Your f. protest إعتِصامِك | Your m. protest إعتِصامَك | Your pl. protest إعتِصامكُم | His protest إعتِصامُه | Her protest إعتِصامها | Their protest إعتِصامهُم | Our protest إعتِصامنا
Government,All,الصَليب الأحمَر,iS-Saleeb,Red Cross,noun,,,,,
Government,All,الصَليب,iS-Saleeb,Red Cross,,,,,,
Government,All,إصلاح,iSlaH,reform,noun,,,,,My reform إصلاحي | Your f. reform إصلاحِك | Your m. reform إصلاحَك | Your pl. reform إصلاحكُم | His reform إصلاحُه | Her reform إصلاحها | Their reform إصلاحهُم | Our reform إصلاحنا
Government,All,إصلاح,iSlaH,reform,,,,,,My reform إصلاحي | Your f. reform إصلاحِك | Your m. reform إصلاحَك | Your pl. reform إصلاحكُم | His reform إصلاحُه | Her reform إصلاحها | Their reform إصلاحهُم | Our reform إصلاحنا
Government,All,تَقنين,taqneen,rolling blackouts,noun,,,,,My rolling blackouts تَقنيني | Your f. rolling blackouts تَقنينِك | Your m. rolling blackouts تَقنينَك | Your pl. rolling blackouts تَقنينكُم | His rolling blackouts تَقنينُه | Her rolling blackouts تَقنينها | Their rolling blackouts تَقنينهُم | Our rolling blackouts تَقنيننا
Government,All,تَقنين,taqneen,rolling blackouts,,,,,,My rolling blackouts تَقنيني | Your f. rolling blackouts تَقنينِك | Your m. rolling blackouts تَقنينَك | Your pl. rolling blackouts تَقنينكُم | His rolling blackouts تَقنينُه | Her rolling blackouts تَقنينها | Their rolling blackouts تَقنينهُم | Our rolling blackouts تَقنيننا
Government,All,أَمنية,amneea,security,noun,,,,,My security أَمنيَتي | Your f. security أَمنيَتِك | Your m. security أَمنيَتَك | Your pl. security أَمنيَتكُم | His security أَمنيَتُه | Her security أَمنيَتها | Their security أَمنيَتهُم | Our security أَمنيَتنا
Government,All,أَمنية,amneea,security,,,,,,My security أَمنيَتي | Your f. security أَمنيَتِك | Your m. security أَمنيَتَك | Your pl. security أَمنيَتكُم | His security أَمنيَتُه | Her security أَمنيَتها | Their security أَمنيَتهُم | Our security أَمنيَتنا
Government,All,طلقة ناريّة,Tlqa,shooting,noun,,,,,
Government,All,طلقة,Tlqa,shooting,,,,,,
Government,All,وَضع,waD3,situation,noun,,,,,My situation وَضعي | Your f. situation وَضعِك | Your m. situation وَضعَك | Your pl. situation وَضعكُم | His situation وَضعُه | Her situation وَضعها | Their situation وَضعهُم | Our situation وَضعنا
Government,All,وَضع,waD3,situation,,,,,,My situation وَضعي | Your f. situation وَضعِك | Your m. situation وَضعَك | Your pl. situation وَضعكُم | His situation وَضعُه | Her situation وَضعها | Their situation وَضعهُم | Our situation وَضعنا
Government,All,تَعبير,ta3beer,speech,noun,,,,,My speech تَعبيري | Your f. speech تَعبيرِك | Your m. speech تَعبيرَك | Your pl. speech تَعبيركُم | His speech تَعبيرُه | Her speech تَعبيرها | Their speech تَعبيرهُم | Our speech تَعبيرنا
Government,All,تَعبير,ta3beer,speech,,,,,,My speech تَعبيري | Your f. speech تَعبيرِك | Your m. speech تَعبيرَك | Your pl. speech تَعبيركُم | His speech تَعبيرُه | Her speech تَعبيرها | Their speech تَعبيرهُم | Our speech تَعبيرنا
Government,All,وِلاية,wilaeea,state,noun,,,,,My state وِلايَتي | Your f. state وِلايَتِك | Your m. state وِلايَتَك | Your pl. state وِلايَتكُم | His state وِلايَتُه | Her state وِلايَتها | Their state وِلايَتهُم | Our state وِلايَتنا
Government,All,وِلاية,wilaeea,state,,,,,,My state وِلايَتي | Your f. state وِلايَتِك | Your m. state وِلايَتَك | Your pl. state وِلايَتكُم | His state وِلايَتُه | Her state وِلايَتها | Their state وِلايَتهُم | Our state وِلايَتنا
Government,All,إنتِحار,intiHar,suicide,noun,,,,,My suicide إنتِحاري | Your f. suicide إنتِحارِك | Your m. suicide إنتِحارَك | Your pl. suicide إنتِحاركُم | His suicide إنتِحارُه | Her suicide إنتِحارها | Their suicide إنتِحارهُم | Our suicide إنتِحارنا
Government,All,إنتِحار,intiHar,suicide,,,,,,My suicide إنتِحاري | Your f. suicide إنتِحارِك | Your m. suicide إنتِحارَك | Your pl. suicide إنتِحاركُم | His suicide إنتِحارُه | Her suicide إنتِحارها | Their suicide إنتِحارهُم | Our suicide إنتِحارنا
Government,All,ضَريبة,Dareeba,tax,noun,,,,,My tax ضَريبَتي | Your f. tax ضَريبَتِك | Your m. tax ضَريبَتَك | Your pl. tax ضَريبَتكُم | His tax ضَريبَتُه | Her tax ضَريبَتها | Their tax ضَريبَتهُم | Our tax ضَريبَتنا
Government,All,ضَريبة,Dareeba,tax,,,,,,My tax ضَريبَتي | Your f. tax ضَريبَتِك | Your m. tax ضَريبَتَك | Your pl. tax ضَريبَتكُم | His tax ضَريبَتُه | Her tax ضَريبَتها | Their tax ضَريبَتهُم | Our tax ضَريبَتنا
Government,All,بَطالة فَقر,baTala,unemployment,noun,,,,,
Government,All,بَطالة,baTala,unemployment,,,,,,
Government,All,الأُمَم المُتَّحِدة,il-oomam,United Nations,noun,,,,,
Government,All,الأُمَم,il-oomam,United Nations,,,,,,
Government,All,فيزة,feeza,visa,noun,,,,,My visa فيزَتي | Your f. visa فيزَتِك | Your m. visa فيزَتَك | Your pl. visa فيزَتكُم | His visa فيزَتُه | Her visa فيزَتها | Their visa فيزَتهُم | Our visa فيزَتنا
Government,All,فيزة,feeza,visa,,,,,,My visa فيزَتي | Your f. visa فيزَتِك | Your m. visa فيزَتَك | Your pl. visa فيزَتكُم | His visa فيزَتُه | Her visa فيزَتها | Their visa فيزَتهُم | Our visa فيزَتنا
Religion,All,مؤمِن,m2min,believer,noun,,,,,My believer مؤمِني | Your f. believer مؤمِنِك | Your m. believer مؤمِنَك | Your pl. believer مؤمِنكُم | His believer مؤمِنُه | Her believer مؤمِنها | Their believer مؤمِنهُم | Our believer مؤمِننا
Religion,All,مؤمِن,m2min,believer,,,,,,My believer مؤمِني | Your f. believer مؤمِنِك | Your m. believer مؤمِنَك | Your pl. believer مؤمِنكُم | His believer مؤمِنُه | Her believer مؤمِنها | Their believer مؤمِنهُم | Our believer مؤمِننا
Religion,All,سِفر,sifr,book of the Bible,noun,,,,,My book of the bible سِفري | Your f. book of the bible سِفرِك | Your m. book of the bible سِفرَك | Your pl. book of the bible سِفركُم | His book of the bible سِفرُه | Her book of the bible سِفرها | Their book of the bible سِفرهُم | Our book of the bible سِفرنا
Religion,All,سِفر,sifr,book of the Bible,,,,,,My book of the bible سِفري | Your f. book of the bible سِفرِك | Your m. book of the bible سِفرَك | Your pl. book of the bible سِفركُم | His book of the bible سِفرُه | Her book of the bible سِفرها | Their book of the bible سِفرهُم | Our book of the bible سِفرنا
Religion,All,قَبر,qabr,grave,noun,قَبر (qabr),,,,My grave قَبري | Your f. grave قَبرِك | Your m. grave قَبرَك | Your pl. grave قَبركُم | His grave قَبرُه | Her grave قَبرها | Their grave قَبرهُم | Our grave قَبرنا
Religion,All,قَبر,qabr,grave,,قَبر (qabr),,,,My grave قَبري | Your f. grave قَبرِك | Your m. grave قَبرَك | Your pl. grave قَبركُم | His grave قَبرُه | Her grave قَبرها | Their grave قَبرهُم | Our grave قَبرنا
Religion,All,جَنّة,janna,heaven,noun,,,,,My heaven جَنَّتي | Your f. heaven جَنَّتِك | Your m. heaven جَنَّتَك | Your pl. heaven جَنَّتكُم | His heaven جَنَّتُه | Her heaven جَنَّتها | Their heaven جَنَّتهُم | Our heaven جَنَّتنا
Religion,All,جَنّة,janna,heaven,,,,,,My heaven جَنَّتي | Your f. heaven جَنَّتِك | Your m. heaven جَنَّتَك | Your pl. heaven جَنَّتكُم | His heaven جَنَّتُه | Her heaven جَنَّتها | Their heaven جَنَّتهُم | Our heaven جَنَّتنا
Religion,All,مَسيحي,maseeHee,Christian,noun,,,,,My christian مَسيحيي | Your f. christian مَسيحيِك | Your m. christian مَسيحيَك | Your pl. christian مَسيحيكُم | His christian مَسيحيُه | Her christian مَسيحيها | Their christian مَسيحيهُم | Our christian مَسيحينا
Religion,All,مَسيحي,maseeHee,Christian,,,,,,My christian مَسيحيي | Your f. christian مَسيحيِك | Your m. christian مَسيحيَك | Your pl. christian مَسيحيكُم | His christian مَسيحيُه | Her christian مَسيحيها | Their christian مَسيحيهُم | Our christian مَسيحينا
Religion,All,الخَلق,il-khalq,creation,noun,,,,,My creation الخَلقي | Your f. creation الخَلقِك | Your m. creation الخَلقَك | Your pl. creation الخَلقكُم | His creation الخَلقُه | Her creation الخَلقها | Their creation الخَلقهُم | Our creation الخَلقنا
Religion,All,الخَلق,il-khalq,creation,,,,,,My creation الخَلقي | Your f. creation الخَلقِك | Your m. creation الخَلقَك | Your pl. creation الخَلقكُم | His creation الخَلقُه | Her creation الخَلقها | Their creation الخَلقهُم | Our creation الخَلقنا
Religion,All,تَرنيم,tarneem,hymn,noun,,,,,My hymn تَرنيمي | Your f. hymn تَرنيمِك | Your m. hymn تَرنيمَك | Your pl. hymn تَرنيمكُم | His hymn تَرنيمُه | Her hymn تَرنيمها | Their hymn تَرنيمهُم | Our hymn تَرنيمنا
Religion,All,تَرنيم,tarneem,hymn,,,,,,My hymn تَرنيمي | Your f. hymn تَرنيمِك | Your m. hymn تَرنيمَك | Your pl. hymn تَرنيمكُم | His hymn تَرنيمُه | Her hymn تَرنيمها | Their hymn تَرنيمهُم | Our hymn تَرنيمنا
Religion,All,أَجَل,ajal,date (of death),noun,,,,,My date (of death) أَجَلي | Your f. date (of death) أَجَلِك | Your m. date (of death) أَجَلَك | Your pl. date (of death) أَجَلكُم | His date (of death) أَجَلُه | Her date (of death) أَجَلها | Their date (of death) أَجَلهُم | Our date (of death) أَجَلنا
Religion,All,أَجَل,ajal,date (of death),,,,,,My date (of death) أَجَلي | Your f. date (of death) أَجَلِك | Your m. date (of death) أَجَلَك | Your pl. date (of death) أَجَلكُم | His date (of death) أَجَلُه | Her date (of death) أَجَلها | Their date (of death) أَجَلهُم | Our date (of death) أَجَلنا
Religion,All,يَهودي,yahoodee,Jew,noun,,,,,My jew يَهوديي | Your f. jew يَهوديِك | Your m. jew يَهوديَك | Your pl. jew يَهوديكُم | His jew يَهوديُه | Her jew يَهوديها | Their jew يَهوديهُم | Our jew يَهودينا
Religion,All,يَهودي,yahoodee,Jew,,,,,,My jew يَهوديي | Your f. jew يَهوديِك | Your m. jew يَهوديَك | Your pl. jew يَهوديكُم | His jew يَهوديُه | Her jew يَهوديها | Their jew يَهوديهُم | Our jew يَهودينا
Religion,All,الفِصح,il-fiSH,Easter,noun,,,,,My easter الفِصحي | Your f. easter الفِصحِك | Your m. easter الفِصحَك | Your pl. easter الفِصحكُم | His easter الفِصحُه | Her easter الفِصحها | Their easter الفِصحهُم | Our easter الفِصحنا
Religion,All,الفِصح,il-fiSH,Easter,,,,,,My easter الفِصحي | Your f. easter الفِصحِك | Your m. easter الفِصحَك | Your pl. easter الفِصحكُم | His easter الفِصحُه | Her easter الفِصحها | Their easter الفِصحهُم | Our easter الفِصحنا
Religion,All,ماروني,maroonee,Maronite,noun,,,,,My maronite مارونيي | Your f. maronite مارونيِك | Your m. maronite مارونيَك | Your pl. maronite مارونيكُم | His maronite مارونيُه | Her maronite مارونيها | Their maronite مارونيهُم | Our maronite مارونينا
Religion,All,ماروني,maroonee,Maronite,,,,,,My maronite مارونيي | Your f. maronite مارونيِك | Your m. maronite مارونيَك | Your pl. maronite مارونيكُم | His maronite مارونيُه | Her maronite مارونيها | Their maronite مارونيهُم | Our maronite مارونينا
Religion,All,عيد الأَضحى,3eed,Eid ul-Adha,noun,,,,,
Religion,All,عيد,3eed,Eid ul-Adha,,,,,,
Religion,All,قُدّاس,qooddas,mass,noun,,,,,My mass قُدّاسي | Your f. mass قُدّاسِك | Your m. mass قُدّاسَك | Your pl. mass قُدّاسكُم | His mass قُدّاسُه | Her mass قُدّاسها | Their mass قُدّاسهُم | Our mass قُدّاسنا
Religion,All,قُدّاس,qooddas,mass,,,,,,My mass قُدّاسي | Your f. mass قُدّاسِك | Your m. mass قُدّاسَك | Your pl. mass قُدّاسكُم | His mass قُدّاسُه | Her mass قُدّاسها | Their mass قُدّاسهُم | Our mass قُدّاسنا
Religion,All,عيد الفِطر,3eed,Eid ul-Fitri,noun,,,,,
Religion,All,عيد,3eed,Eid ul-Fitri,,,,,,
Religion,All,مُسلِم,mooslim,Muslim,noun,,,,,My muslim مُسلِمي | Your f. muslim مُسلِمِك | Your m. muslim مُسلِمَك | Your pl. muslim مُسلِمكُم | His muslim مُسلِمُه | Her muslim مُسلِمها | Their muslim مُسلِمهُم | Our muslim مُسلِمنا
Religion,All,مُسلِم,mooslim,Muslim,,,,,,My muslim مُسلِمي | Your f. muslim مُسلِمِك | Your m. muslim مُسلِمَك | Your pl. muslim مُسلِمكُم | His muslim مُسلِمُه | Her muslim مُسلِمها | Their muslim مُسلِمهُم | Our muslim مُسلِمنا
Religion,All,سَرمَدي,sarmadee,eternity,noun,,,,,My eternity سَرمَديي | Your f. eternity سَرمَديِك | Your m. eternity سَرمَديَك | Your pl. eternity سَرمَديكُم | His eternity سَرمَديُه | Her eternity سَرمَديها | Their eternity سَرمَديهُم | Our eternity سَرمَدينا
Religion,All,سَرمَدي,sarmadee,eternity,,,,,,My eternity سَرمَديي | Your f. eternity سَرمَديِك | Your m. eternity سَرمَديَك | Your pl. eternity سَرمَديكُم | His eternity سَرمَديُه | Her eternity سَرمَديها | Their eternity سَرمَديهُم | Our eternity سَرمَدينا
Religion,All,واعِظ,wa3iZ,preacher,noun,,,,,My preacher واعِظي | Your f. preacher واعِظِك | Your m. preacher واعِظَك | Your pl. preacher واعِظكُم | His preacher واعِظُه | Her preacher واعِظها | Their preacher واعِظهُم | Our preacher واعِظنا
Religion,All,واعِظ,wa3iZ,preacher,,,,,,My preacher واعِظي | Your f. preacher واعِظِك | Your m. preacher واعِظَك | Your pl. preacher واعِظكُم | His preacher واعِظُه | Her preacher واعِظها | Their preacher واعِظهُم | Our preacher واعِظنا
Religion,All,أَبَد,abad,eternity future,noun,,,,,My eternity future أَبَدي | Your f. eternity future أَبَدِك | Your m. eternity future أَبَدَك | Your pl. eternity future أَبَدكُم | His eternity future أَبَدُه | Her eternity future أَبَدها | Their eternity future أَبَدهُم | Our eternity future أَبَدنا
Religion,All,أَبَد,abad,eternity future,,,,,,My eternity future أَبَدي | Your f. eternity future أَبَدِك | Your m. eternity future أَبَدَك | Your pl. eternity future أَبَدكُم | His eternity future أَبَدُه | Her eternity future أَبَدها | Their eternity future أَبَدهُم | Our eternity future أَبَدنا
Religion,All,طائِفة,Ta2ifa,rel. branch,noun,,,,,My rel. branch طائِفَتي | Your f. rel. branch طائِفَتِك | Your m. rel. branch طائِفَتَك | Your pl. rel. branch طائِفَتكُم | His rel. branch طائِفَتُه | Her rel. branch طائِفَتها | Their rel. branch طائِفَتهُم | Our rel. branch طائِفَتنا
Religion,All,طائِفة,Ta2ifa,rel. branch,,,,,,My rel. branch طائِفَتي | Your f. rel. branch طائِفَتِك | Your m. rel. branch طائِفَتَك | Your pl. rel. branch طائِفَتكُم | His rel. branch طائِفَتُه | Her rel. branch طائِفَتها | Their rel. branch طائِفَتهُم | Our rel. branch طائِفَتنا
Religion,All,أَزَل,azal,eternity past,noun,,,,,My eternity past أَزَلي | Your f. eternity past أَزَلِك | Your m. eternity past أَزَلَك | Your pl. eternity past أَزَلكُم | His eternity past أَزَلُه | Her eternity past أَزَلها | Their eternity past أَزَلهُم | Our eternity past أَزَلنا
Religion,All,أَزَل,azal,eternity past,,,,,,My eternity past أَزَلي | Your f. eternity past أَزَلِك | Your m. eternity past أَزَلَك | Your pl. eternity past أَزَلكُم | His eternity past أَزَلُه | Her eternity past أَزَلها | Their eternity past أَزَلهُم | Our eternity past أَزَلنا
Religion,All,مَذهَب,madhhab,sect,noun,,,,,My sect مَذهَبي | Your f. sect مَذهَبِك | Your m. sect مَذهَبَك | Your pl. sect مَذهَبكُم | His sect مَذهَبُه | Her sect مَذهَبها | Their sect مَذهَبهُم | Our sect مَذهَبنا
Religion,All,مَذهَب,madhhab,sect,,,,,,My sect مَذهَبي | Your f. sect مَذهَبِك | Your m. sect مَذهَبَك | Your pl. sect مَذهَبكُم | His sect مَذهَبُه | Her sect مَذهَبها | Their sect مَذهَبهُم | Our sect مَذهَبنا
Religion,All,بَشَر,bashar,evangelist,noun,,,,,My evangelist بَشَري | Your f. evangelist بَشَرِك | Your m. evangelist بَشَرَك | Your pl. evangelist بَشَركُم | His evangelist بَشَرُه | Her evangelist بَشَرها | Their evangelist بَشَرهُم | Our evangelist بَشَرنا
Religion,All,بَشَر,bashar,evangelist,,,,,,My evangelist بَشَري | Your f. evangelist بَشَرِك | Your m. evangelist بَشَرَك | Your pl. evangelist بَشَركُم | His evangelist بَشَرُه | Her evangelist بَشَرها | Their evangelist بَشَرهُم | Our evangelist بَشَرنا
Religion,All,لاهوت,lahoot,theology,noun,,,,,My theology لاهوتي | Your f. theology لاهوتِك | Your m. theology لاهوتَك | Your pl. theology لاهوتكُم | His theology لاهوتُه | Her theology لاهوتها | Their theology لاهوتهُم | Our theology لاهوتنا
Religion,All,لاهوت,lahoot,theology,,,,,,My theology لاهوتي | Your f. theology لاهوتِك | Your m. theology لاهوتَك | Your pl. theology لاهوتكُم | His theology لاهوتُه | Her theology لاهوتها | Their theology لاهوتهُم | Our theology لاهوتنا
Religion,All,صوم,Soom,fasting,noun,,,,,My fasting صومي | Your f. fasting صومِك | Your m. fasting صومَك | Your pl. fasting صومكُم | His fasting صومُه | Her fasting صومها | Their fasting صومهُم | Our fasting صومنا
Religion,All,صوم,Soom,fasting,,,,,,My fasting صومي | Your f. fasting صومِك | Your m. fasting صومَك | Your pl. fasting صومكُم | His fasting صومُه | Her fasting صومها | Their fasting صومهُم | Our fasting صومنا
Religion,All,الحَديث النَبوي,il-Hadeeth,traditions (islamic),noun,,,,,
Religion,All,الحَديث,il-Hadeeth,traditions (islamic),,,,,,
Religion,All,مُلحِد,moolHid,unbeliever,noun,,,,,My unbeliever مُلحِدي | Your f. unbeliever مُلحِدِك | Your m. unbeliever مُلحِدَك | Your pl. unbeliever مُلحِدكُم | His unbeliever مُلحِدُه | Her unbeliever مُلحِدها | Their unbeliever مُلحِدهُم | Our unbeliever مُلحِدنا
Religion,All,مُلحِد,moolHid,unbeliever,,,,,,My unbeliever مُلحِدي | Your f. unbeliever مُلحِدِك | Your m. unbeliever مُلحِدَك | Your pl. unbeliever مُلحِدكُم | His unbeliever مُلحِدُه | Her unbeliever مُلحِدها | Their unbeliever مُلحِدهُم | Our unbeliever مُلحِدنا
Language,All,كَلمة,kalma,word,noun,,,,,My word كَلمَتي | Your f. word كَلمَتِك | Your m. word كَلمَتَك | Your pl. word كَلمَتكُم | His word كَلمَتُه | Her word كَلمَتها | Their word كَلمَتهُم | Our word كَلمَتنا
Language,All,كَلمة,kalma,word,,,,,,My word كَلمَتي | Your f. word كَلمَتِك | Your m. word كَلمَتَك | Your pl. word كَلمَتكُم | His word كَلمَتُه | Her word كَلمَتها | Their word كَلمَتهُم | Our word كَلمَتنا
Language,All,لَهجة,lahja,accent,noun,,,,,My accent لَهجَتي | Your f. accent لَهجَتِك | Your m. accent لَهجَتَك | Your pl. accent لَهجَتكُم | His accent لَهجَتُه | Her accent لَهجَتها | Their accent لَهجَتهُم | Our accent لَهجَتنا
Language,All,لَهجة,lahja,accent,,,,,,My accent لَهجَتي | Your f. accent لَهجَتِك | Your m. accent لَهجَتَك | Your pl. accent لَهجَتكُم | His accent لَهجَتُه | Her accent لَهجَتها | Their accent لَهجَتهُم | Our accent لَهجَتنا
Language,All,ظَرف,Zarf,adverb,noun,,,,,My adverb ظَرفي | Your f. adverb ظَرفِك | Your m. adverb ظَرفَك | Your pl. adverb ظَرفكُم | His adverb ظَرفُه | Her adverb ظَرفها | Their adverb ظَرفهُم | Our adverb ظَرفنا
Language,All,ظَرف,Zarf,adverb,,,,,,My adverb ظَرفي | Your f. adverb ظَرفِك | Your m. adverb ظَرفَك | Your pl. adverb ظَرفكُم | His adverb ظَرفُه | Her adverb ظَرفها | Their adverb ظَرفهُم | Our adverb ظَرفنا
Language,All,عَلامة إستِفهام,3alama,question mark,noun,,,,,
Language,All,عَلامة,3alama,question mark,,,,,,
Language,All,فاصِلة,faSila,comma,noun,,,,,My comma فاصِلَتي | Your f. comma فاصِلَتِك | Your m. comma فاصِلَتَك | Your pl. comma فاصِلَتكُم | His comma فاصِلَتُه | Her comma فاصِلَتها | Their comma فاصِلَتهُم | Our comma فاصِلَتنا
Language,All,فاصِلة,faSila,comma,,,,,,My comma فاصِلَتي | Your f. comma فاصِلَتِك | Your m. comma فاصِلَتَك | Your pl. comma فاصِلَتكُم | His comma فاصِلَتُه | Her comma فاصِلَتها | Their comma فاصِلَتهُم | Our comma فاصِلَتنا
Language,All,مَفعول,maf3ool,object (sent.),noun,,,,,My object (sent.) مَفعولي | Your f. object (sent.) مَفعولِك | Your m. object (sent.) مَفعولَك | Your pl. object (sent.) مَفعولكُم | His object (sent.) مَفعولُه | Her object (sent.) مَفعولها | Their object (sent.) مَفعولهُم | Our object (sent.) مَفعولنا
Language,All,مَفعول,maf3ool,object (sent.),,,,,,My object (sent.) مَفعولي | Your f. object (sent.) مَفعولِك | Your m. object (sent.) مَفعولَك | Your pl. object (sent.) مَفعولكُم | His object (sent.) مَفعولُه | Her object (sent.) مَفعولها | Their object (sent.) مَفعولهُم | Our object (sent.) مَفعولنا
Language,All,فاعِل,fa3il,subject (sent.),noun,,,,,My subject (sent.) فاعِلي | Your f. subject (sent.) فاعِلِك | Your m. subject (sent.) فاعِلَك | Your pl. subject (sent.) فاعِلكُم | His subject (sent.) فاعِلُه | Her subject (sent.) فاعِلها | Their subject (sent.) فاعِلهُم | Our subject (sent.) فاعِلنا
Language,All,فاعِل,fa3il,subject (sent.),,,,,,My subject (sent.) فاعِلي | Your f. subject (sent.) فاعِلِك | Your m. subject (sent.) فاعِلَك | Your pl. subject (sent.) فاعِلكُم | His subject (sent.) فاعِلُه | Her subject (sent.) فاعِلها | Their subject (sent.) فاعِلهُم | Our subject (sent.) فاعِلنا
Language,All,رابِطة,rabiTa,conjunction,noun,,,,,My conjunction رابِطَتي | Your f. conjunction رابِطَتِك | Your m. conjunction رابِطَتَك | Your pl. conjunction رابِطَتكُم | His conjunction رابِطَتُه | Her conjunction رابِطَتها | Their conjunction رابِطَتهُم | Our conjunction رابِطَتنا
Language,All,رابِطة,rabiTa,conjunction,,,,,,My conjunction رابِطَتي | Your f. conjunction رابِطَتِك | Your m. conjunction رابِطَتَك | Your pl. conjunction رابِطَتكُم | His conjunction رابِطَتُه | Her conjunction رابِطَتها | Their conjunction رابِطَتهُم | Our conjunction رابِطَتنا
Language,All,فِقرة,fiqra,paragraph,noun,,,,,My paragraph فِقرَتي | Your f. paragraph فِقرَتِك | Your m. paragraph فِقرَتَك | Your pl. paragraph فِقرَتكُم | His paragraph فِقرَتُه | Her paragraph فِقرَتها | Their paragraph فِقرَتهُم | Our paragraph فِقرَتنا
Language,All,فِقرة,fiqra,paragraph,,,,,,My paragraph فِقرَتي | Your f. paragraph فِقرَتِك | Your m. paragraph فِقرَتَك | Your pl. paragraph فِقرَتكُم | His paragraph فِقرَتُه | Her paragraph فِقرَتها | Their paragraph فِقرَتهُم | Our paragraph فِقرَتنا
Language,All,قَوسين,qawseen,parentheses,noun,,,,,My parentheses قَوسيني | Your f. parentheses قَوسينِك | Your m. parentheses قَوسينَك | Your pl. parentheses قَوسينكُم | His parentheses قَوسينُه | Her parentheses قَوسينها | Their parentheses قَوسينهُم | Our parentheses قَوسيننا
Language,All,قَوسين,qawseen,parentheses,,,,,,My parentheses قَوسيني | Your f. parentheses قَوسينِك | Your m. parentheses قَوسينَك | Your pl. parentheses قَوسينكُم | His parentheses قَوسينُه | Her parentheses قَوسينها | Their parentheses قَوسينهُم | Our parentheses قَوسيننا
Language,All,إستِثناء,istithna2,exception,noun,,,,,My exception إستِثنائي | Your f. exception إستِثنائِك | Your m. exception إستِثنائَك | Your pl. exception إستِثنائكُم | His exception إستِثنائُه | Her exception إستِثنائها | Their exception إستِثنائهُم | Our exception إستِثنائنا
Language,All,إستِثناء,istithna2,exception,,,,,,My exception إستِثنائي | Your f. exception إستِثنائِك | Your m. exception إستِثنائَك | Your pl. exception إستِثنائكُم | His exception إستِثنائُه | Her exception إستِثنائها | Their exception إستِثنائهُم | Our exception إستِثنائنا
Language,All,نُقطة,nooqTa,period,noun,,,,,My period نُقطَتي | Your f. period نُقطَتِك | Your m. period نُقطَتَك | Your pl. period نُقطَتكُم | His period نُقطَتُه | Her period نُقطَتها | Their period نُقطَتهُم | Our period نُقطَتنا
Language,All,نُقطة,nooqTa,period,,,,,,My period نُقطَتي | Your f. period نُقطَتِك | Your m. period نُقطَتَك | Your pl. period نُقطَتكُم | His period نُقطَتُه | Her period نُقطَتها | Their period نُقطَتهُم | Our period نُقطَتنا
Language,All,تَعَجّب,ta3ajjb,exclamation,noun,,,,,My exclamation تَعَجّبي | Your f. exclamation تَعَجّبِك | Your m. exclamation تَعَجّبَك | Your pl. exclamation تَعَجّبكُم | His exclamation تَعَجّبُه | Her exclamation تَعَجّبها | Their exclamation تَعَجّبهُم | Our exclamation تَعَجّبنا
Language,All,تَعَجّب,ta3ajjb,exclamation,,,,,,My exclamation تَعَجّبي | Your f. exclamation تَعَجّبِك | Your m. exclamation تَعَجّبَك | Your pl. exclamation تَعَجّبكُم | His exclamation تَعَجّبُه | Her exclamation تَعَجّبها | Their exclamation تَعَجّبهُم | Our exclamation تَعَجّبنا
Language,All,نَهي,nahee,prohibition,noun,,,,,My prohibition نَهيي | Your f. prohibition نَهيِك | Your m. prohibition نَهيَك | Your pl. prohibition نَهيكُم | His prohibition نَهيُه | Her prohibition نَهيها | Their prohibition نَهيهُم | Our prohibition نَهينا
Language,All,نَهي,nahee,prohibition,,,,,,My prohibition نَهيي | Your f. prohibition نَهيِك | Your m. prohibition نَهيَك | Your pl. prohibition نَهيكُم | His prohibition نَهيُه | Her prohibition نَهيها | Their prohibition نَهيهُم | Our prohibition نَهينا
Language,All,مَصدَر,maSdar,"gerund, resource, origin",noun,,,,,"My gerund, resource, origin مَصدَري | Your f. gerund, resource, origin مَصدَرِك | Your m. gerund, resource, origin مَصدَرَك | Your pl. gerund, resource, origin مَصدَركُم | His gerund, resource, origin مَصدَرُه | Her gerund, resource, origin مَصدَرها | Their gerund, resource, origin مَصدَرهُم | Our gerund, resource, origin مَصدَرنا"
Language,All,مَصدَر,maSdar,"gerund, resource, origin",,,,,,"My gerund, resource, origin مَصدَري | Your f. gerund, resource, origin مَصدَرِك | Your m. gerund, resource, origin مَصدَرَك | Your pl. gerund, resource, origin مَصدَركُم | His gerund, resource, origin مَصدَرُه | Her gerund, resource, origin مَصدَرها | Their gerund, resource, origin مَصدَرهُم | Our gerund, resource, origin مَصدَرنا"
Language,All,ضَمير,Dameer,pronoun,noun,ضَمير (Dameer),,,,My conscience ضَميري | Your f. conscience ضَميرِك | Your m. conscience ضَميرَك | Your pl. conscience ضَميركُم | His conscience ضَميرُه | Her conscience ضَميرها | Their conscience ضَميرهُم | Our conscience ضَميرنا
Language,All,ضَمير,Dameer,pronoun,,ضَمير (Dameer),,,,My conscience ضَميري | Your f. conscience ضَميرِك | Your m. conscience ضَميرَك | Your pl. conscience ضَميركُم | His conscience ضَميرُه | Her conscience ضَميرها | Their conscience ضَميرهُم | Our conscience ضَميرنا
Language,All,لُغة,loogha,language,noun,لُغة (loogha),,لغات (lghat),,My language لُغَتي | Your f. language لُغَتِك | Your m. language لُغَتَك | Your pl. language لُغَتكُم | His language لُغَتُه | Her language لُغَتها | Their language لُغَتهُم | Our language لُغَتنا
Language,All,لُغة,loogha,language,,لُغة (loogha),,لغات (lghat),,My language لُغَتي | Your f. language لُغَتِك | Your m. language لُغَتَك | Your pl. language لُغَتكُم | His language لُغَتُه | Her language لُغَتها | Their language لُغَتهُم | Our language لُغَتنا
Language,All,سَطر,saTr,line,noun,,,,,My line سَطري | Your f. line سَطرِك | Your m. line سَطرَك | Your pl. line سَطركُم | His line سَطرُه | Her line سَطرها | Their line سَطرهُم | Our line سَطرنا
Language,All,سَطر,saTr,line,,,,,,My line سَطري | Your f. line سَطرِك | Your m. line سَطرَك | Your pl. line سَطركُم | His line سَطرُه | Her line سَطرها | Their line سَطرهُم | Our line سَطرنا
Language,All,جُملة,joomla,sentence,noun,,,,,My sentence جُملَتي | Your f. sentence جُملَتِك | Your m. sentence جُملَتَك | Your pl. sentence جُملَتكُم | His sentence جُملَتُه | Her sentence جُملَتها | Their sentence جُملَتهُم | Our sentence جُملَتنا
Language,All,جُملة,joomla,sentence,,,,,,My sentence جُملَتي | Your f. sentence جُملَتِك | Your m. sentence جُملَتَك | Your pl. sentence جُملَتكُم | His sentence جُملَتُه | Her sentence جُملَتها | Their sentence جُملَتهُم | Our sentence جُملَتنا
Language,All,طَريقة,Tareeqa,manner,noun,طَريقة (Tareeqa),,طُرق (Toorq),,My method طَريقَتي | Your f. method طَريقَتِك | Your m. method طَريقَتَك | Your pl. method طَريقَتكُم | His method طَريقَتُه | Her method طَريقَتها | Their method طَريقَتهُم | Our method طَريقَتنا
Language,All,طَريقة,Tareeqa,manner,,طَريقة (Tareeqa),,طُرق (Toorq),,My method طَريقَتي | Your f. method طَريقَتِك | Your m. method طَريقَتَك | Your pl. method طَريقَتكُم | His method طَريقَتُه | Her method طَريقَتها | Their method طَريقَتهُم | Our method طَريقَتنا
Language,All,نَفي,nafee,negation,noun,,,,,My negation نَفيي | Your f. negation نَفيِك | Your m. negation نَفيَك | Your pl. negation نَفيكُم | His negation نَفيُه | Her negation نَفيها | Their negation نَفيهُم | Our negation نَفينا
Language,All,نَفي,nafee,negation,,,,,,My negation نَفيي | Your f. negation نَفيِك | Your m. negation نَفيَك | Your pl. negation نَفيكُم | His negation نَفيُه | Her negation نَفيها | Their negation نَفيهُم | Our negation نَفينا
Art,All,فَنّ,fann,art,noun,,,,,My art فَنّي | Your f. art فَنِّك | Your m. art فَنَّك | Your pl. art فَنّكُم | His art فَنُّه | Her art فَنّها | Their art فَنّهُم | Our art فَنّنا
Art,All,فَنّ,fann,art,,,,,,My art فَنّي | Your f. art فَنِّك | Your m. art فَنَّك | Your pl. art فَنّكُم | His art فَنُّه | Her art فَنّها | Their art فَنّهُم | Our art فَنّنا
Art,All,فِرقة,firqa,band,noun,,,,,My band فِرقَتي | Your f. band فِرقَتِك | Your m. band فِرقَتَك | Your pl. band فِرقَتكُم | His band فِرقَتُه | Her band فِرقَتها | Their band فِرقَتهُم | Our band فِرقَتنا
Art,All,فِرقة,firqa,band,,,,,,My band فِرقَتي | Your f. band فِرقَتِك | Your m. band فِرقَتَك | Your pl. band فِرقَتكُم | His band فِرقَتُه | Her band فِرقَتها | Their band فِرقَتهُم | Our band فِرقَتنا
Art,All,إرتِجال,irtijal,improvising,noun,,,,,My improvising إرتِجالي | Your f. improvising إرتِجالِك | Your m. improvising إرتِجالَك | Your pl. improvising إرتِجالكُم | His improvising إرتِجالُه | Her improvising إرتِجالها | Their improvising إرتِجالهُم | Our improvising إرتِجالنا
Art,All,إرتِجال,irtijal,improvising,,,,,,My improvising إرتِجالي | Your f. improvising إرتِجالِك | Your m. improvising إرتِجالَك | Your pl. improvising إرتِجالكُم | His improvising إرتِجالُه | Her improvising إرتِجالها | Their improvising إرتِجالهُم | Our improvising إرتِجالنا
Art,All,آلة,aala,instrument,noun,,,,,My instrument آلَتي | Your f. instrument آلَتِك | Your m. instrument آلَتَك | Your pl. instrument آلَتكُم | His instrument آلَتُه | Her instrument آلَتها | Their instrument آلَتهُم | Our instrument آلَتنا
Art,All,آلة,aala,instrument,,,,,,My instrument آلَتي | Your f. instrument آلَتِك | Your m. instrument آلَتَك | Your pl. instrument آلَتكُم | His instrument آلَتُه | Her instrument آلَتها | Their instrument آلَتهُم | Our instrument آلَتنا
Art,All,لَحن,laHn,melody,noun,,,,,My melody لَحني | Your f. melody لَحنِك | Your m. melody لَحنَك | Your pl. melody لَحنكُم | His melody لَحنُه | Her melody لَحنها | Their melody لَحنهُم | Our melody لَحننا
Art,All,لَحن,laHn,melody,,,,,,My melody لَحني | Your f. melody لَحنِك | Your m. melody لَحنَك | Your pl. melody لَحنكُم | His melody لَحنُه | Her melody لَحنها | Their melody لَحنهُم | Our melody لَحننا
Art,All,آداء,aada2,performance,noun,,,,,My performance آدائي | Your f. performance آدائِك | Your m. performance آدائَك | Your pl. performance آدائكُم | His performance آدائُه | Her performance آدائها | Their performance آدائهُم | Our performance آدائنا
Art,All,آداء,aada2,performance,,,,,,My performance آدائي | Your f. performance آدائِك | Your m. performance آدائَك | Your pl. performance آدائكُم | His performance آدائُه | Her performance آدائها | Their performance آدائهُم | Our performance آدائنا
Art,All,عَزف,3azf,playing,noun,,,,,My playing عَزفي | Your f. playing عَزفِك | Your m. playing عَزفَك | Your pl. playing عَزفكُم | His playing عَزفُه | Her playing عَزفها | Their playing عَزفهُم | Our playing عَزفنا
Art,All,عَزف,3azf,playing,,,,,,My playing عَزفي | Your f. playing عَزفِك | Your m. playing عَزفَك | Your pl. playing عَزفكُم | His playing عَزفُه | Her playing عَزفها | Their playing عَزفهُم | Our playing عَزفنا
Art,All,قَصيدة,qaSeeda,poem,noun,,,,,My poem قَصيدَتي | Your f. poem قَصيدَتِك | Your m. poem قَصيدَتَك | Your pl. poem قَصيدَتكُم | His poem قَصيدَتُه | Her poem قَصيدَتها | Their poem قَصيدَتهُم | Our poem قَصيدَتنا
Art,All,قَصيدة,qaSeeda,poem,,,,,,My poem قَصيدَتي | Your f. poem قَصيدَتِك | Your m. poem قَصيدَتَك | Your pl. poem قَصيدَتكُم | His poem قَصيدَتُه | Her poem قَصيدَتها | Their poem قَصيدَتهُم | Our poem قَصيدَتنا
Art,All,زَجَل,zajal,poetry singing,noun,,,,,My poetry singing زَجَلي | Your f. poetry singing زَجَلِك | Your m. poetry singing زَجَلَك | Your pl. poetry singing زَجَلكُم | His poetry singing زَجَلُه | Her poetry singing زَجَلها | Their poetry singing زَجَلهُم | Our poetry singing زَجَلنا
Art,All,زَجَل,zajal,poetry singing,,,,,,My poetry singing زَجَلي | Your f. poetry singing زَجَلِك | Your m. poetry singing زَجَلَك | Your pl. poetry singing زَجَلكُم | His poetry singing زَجَلُه | Her poetry singing زَجَلها | Their poetry singing زَجَلهُم | Our poetry singing زَجَلنا
Art,All,إيقاع,ieeqa3,rhythm,noun,,,,,My rhythm إيقاعي | Your f. rhythm إيقاعِك | Your m. rhythm إيقاعَك | Your pl. rhythm إيقاعكُم | His rhythm إيقاعُه | Her rhythm إيقاعها | Their rhythm إيقاعهُم | Our rhythm إيقاعنا
Art,All,إيقاع,ieeqa3,rhythm,,,,,,My rhythm إيقاعي | Your f. rhythm إيقاعِك | Your m. rhythm إيقاعَك | Your pl. rhythm إيقاعكُم | His rhythm إيقاعُه | Her rhythm إيقاعها | Their rhythm إيقاعهُم | Our rhythm إيقاعنا
Art,All,دور,door,role,noun,,,,,My role دوري | Your f. role دورِك | Your m. role دورَك | Your pl. role دوركُم | His role دورُه | Her role دورها | Their role دورهُم | Our role دورنا
Art,All,دور,door,role,,,,,,My role دوري | Your f. role دورِك | Your m. role دورَك | Your pl. role دوركُم | His role دورُه | Her role دورها | Their role دورهُم | Our role دورنا
Art,All,غِناء,ghina2,singing,noun,,,,,My singing غِنائي | Your f. singing غِنائِك | Your m. singing غِنائَك | Your pl. singing غِنائكُم | His singing غِنائُه | Her singing غِنائها | Their singing غِنائهُم | Our singing غِنائنا
Art,All,غِناء,ghina2,singing,,,,,,My singing غِنائي | Your f. singing غِنائِك | Your m. singing غِنائَك | Your pl. singing غِنائكُم | His singing غِنائُه | Her singing غِنائها | Their singing غِنائهُم | Our singing غِنائنا
Art,All,أُغنيّة,ooghneeeea,song,noun,,,,,My song أُغنيَّتي | Your f. song أُغنيَّتِك | Your m. song أُغنيَّتَك | Your pl. song أُغنيَّتكُم | His song أُغنيَّتُه | Her song أُغنيَّتها | Their song أُغنيَّتهُم | Our song أُغنيَّتنا
Art,All,أُغنيّة,ooghneeeea,song,,,,,,My song أُغنيَّتي | Your f. song أُغنيَّتِك | Your m. song أُغنيَّتَك | Your pl. song أُغنيَّتكُم | His song أُغنيَّتُه | Her song أُغنيَّتها | Their song أُغنيَّتهُم | Our song أُغنيَّتنا
Art,All,كَمان,kaman,violin,noun,,,,,My violin كَماني | Your f. violin كَمانِك | Your m. violin كَمانَك | Your pl. violin كَمانكُم | His violin كَمانُه | Her violin كَمانها | Their violin كَمانهُم | Our violin كَماننا
Art,All,كَمان,kaman,violin,,,,,,My violin كَماني | Your f. violin كَمانِك | Your m. violin كَمانَك | Your pl. violin كَمانكُم | His violin كَمانُه | Her violin كَمانها | Their violin كَمانهُم | Our violin كَماننا
Art,All,مِهرَجان,mihrajan,festival,noun,,,,,My festival مِهرَجاني | Your f. festival مِهرَجانِك | Your m. festival مِهرَجانَك | Your pl. festival مِهرَجانكُم | His festival مِهرَجانُه | Her festival مِهرَجانها | Their festival مِهرَجانهُم | Our festival مِهرَجاننا
Art,All,مِهرَجان,mihrajan,festival,,,,,,My festival مِهرَجاني | Your f. festival مِهرَجانِك | Your m. festival مِهرَجانَك | Your pl. festival مِهرَجانكُم | His festival مِهرَجانُه | Her festival مِهرَجانها | Their festival مِهرَجانهُم | Our festival مِهرَجاننا
Art,All,فيلم,feelm,film,noun,,,,,My film فيلمي | Your f. film فيلمِك | Your m. film فيلمَك | Your pl. film فيلمكُم | His film فيلمُه | Her film فيلمها | Their film فيلمهُم | Our film فيلمنا
Art,All,فيلم,feelm,film,,,,,,My film فيلمي | Your f. film فيلمِك | Your m. film فيلمَك | Your pl. film فيلمكُم | His film فيلمُه | Her film فيلمها | Their film فيلمهُم | Our film فيلمنا
Art,All,مَسرَحية,masraHeea,play,noun,,,,,My play مَسرَحيَتي | Your f. play مَسرَحيَتِك | Your m. play مَسرَحيَتَك | Your pl. play مَسرَحيَتكُم | His play مَسرَحيَتُه | Her play مَسرَحيَتها | Their play مَسرَحيَتهُم | Our play مَسرَحيَتنا
Art,All,مَسرَحية,masraHeea,play,,,,,,My play مَسرَحيَتي | Your f. play مَسرَحيَتِك | Your m. play مَسرَحيَتَك | Your pl. play مَسرَحيَتكُم | His play مَسرَحيَتُه | Her play مَسرَحيَتها | Their play مَسرَحيَتهُم | Our play مَسرَحيَتنا
Art,All,دار نَشر,dar,publishing house,noun,,,,,
Art,All,دار,dar,publishing house,,,,,,
Art,All,أُسلوب,oosloob,style,noun,,,,,My style أُسلوبي | Your f. style أُسلوبِك | Your m. style أُسلوبَك | Your pl. style أُسلوبكُم | His style أُسلوبُه | Her style أُسلوبها | Their style أُسلوبهُم | Our style أُسلوبنا
Art,All,أُسلوب,oosloob,style,,,,,,My style أُسلوبي | Your f. style أُسلوبِك | Your m. style أُسلوبَك | Your pl. style أُسلوبكُم | His style أُسلوبُه | Her style أُسلوبها | Their style أُسلوبهُم | Our style أُسلوبنا
Months,All,كانون التاتي,kanoon,January,noun,,,,,
Months,All,كانون,kanoon,January,,,,,,
Months,All,شباط,shbaT,February,noun,,,,,
Months,All,شباط,shbaT,February,,,,,,
Months,All,آذار,aadhar,March,noun,,,,,
Months,All,آذار,aadhar,March,,,,,,
Months,All,فَصل الرَبيع,faSl,spring,noun,,,,,
Months,All,فَصل,faSl,spring,,,,,,
Months,All,نيسان,neesan,April,noun,,,,,
Months,All,نيسان,neesan,April,,,,,,
Months,All,فَصل الصيف,faSl,summer,noun,,,,,
Months,All,فَصل,faSl,summer,,,,,,
Months,All,أيّار,aeeeear,May,noun,,,,,
Months,All,أيّار,aeeeear,May,,,,,,
Months,All,فَصل الخَريف,faSl,fall,noun,,,,,
Months,All,فَصل,faSl,fall,,,,,,
Months,All,حَزيران,Hazeeran,June,noun,,,,,
Months,All,حَزيران,Hazeeran,June,,,,,,
Months,All,فَصل الشِتا,faSl,winter,noun,,,,,
Months,All,فَصل,faSl,winter,,,,,,
Months,All,تمّوز,tmmooz,July,noun,,,,,
Months,All,تمّوز,tmmooz,July,,,,,,
Months,All,آب,aab,August,noun,,,,,
Months,All,آب,aab,August,,,,,,
Months,All,أيلول,aeelool,September,noun,,,,,
Months,All,أيلول,aeelool,September,,,,,,
Months,All,تِشرين الأوّل,tishreen,October,noun,,,,,
Months,All,تِشرين,tishreen,October,,,,,,
Months,All,تشرين التاتي,tshreen,November,noun,,,,,
Months,All,تشرين,tshreen,November,,,,,,
Months,All,كانون الأوّل,kanoon,December,noun,,,,,
Months,All,كانون,kanoon,December,,,,,,
Articles,All,ال,al,The,functional,,,,,
Articles,All,ال,al,The,,,,,,